ISO-10303-21;
HEADER;
FILE_DESCRIPTION (( 'STEP AP214' ),
    '1' );
FILE_NAME ('SM03B-GHS-TB(LF)(SN).STEP',
    '2023-11-14T07:15:44',
    ( '' ),
    ( '' ),
    'SwSTEP 2.0',
    'SolidWorks 2021',
    '' );
FILE_SCHEMA (( 'AUTOMOTIVE_DESIGN' ));
ENDSEC;

DATA;
#1 = CARTESIAN_POINT ( 'NONE',  ( -8.750000000000000000, 0.5500000000000010436, 2.024999999999999911 ) ) ;
#2 = ORIENTED_EDGE ( 'NONE', *, *, #7516, .F. ) ;
#3 = VECTOR ( 'NONE', #2167, 1000.000000000000000 ) ;
#4 = ORIENTED_EDGE ( 'NONE', *, *, #364, .T. ) ;
#5 = PLANE ( 'NONE',  #660 ) ;
#6 = ORIENTED_EDGE ( 'NONE', *, *, #2593, .T. ) ;
#7 = CARTESIAN_POINT ( 'NONE',  ( -2.499999999999999556, 4.250000000000000000, 2.024999999999999911 ) ) ;
#8 = EDGE_CURVE ( 'NONE', #450, #6237, #4997, .T. ) ;
#9 = CARTESIAN_POINT ( 'NONE',  ( -7.500000000000000000, 3.965000000000001634, 2.024999999999999911 ) ) ;
#10 = EDGE_CURVE ( 'NONE', #5253, #5242, #181, .T. ) ;
#11 = ADVANCED_FACE ( 'NONE', ( #5429 ), #2557, .T. ) ;
#12 = ORIENTED_EDGE ( 'NONE', *, *, #2581, .F. ) ;
#13 = DIRECTION ( 'NONE',  ( 0.000000000000000000, -1.000000000000000000, 0.000000000000000000 ) ) ;
#14 = ORIENTED_EDGE ( 'NONE', *, *, #1931, .F. ) ;
#15 = DIRECTION ( 'NONE',  ( 1.000000000000000000, 0.000000000000000000, 0.000000000000000000 ) ) ;
#16 = DIRECTION ( 'NONE',  ( -0.000000000000000000, 0.000000000000000000, 1.000000000000000000 ) ) ;
#17 = CONTEXT_DEPENDENT_SHAPE_REPRESENTATION ( #2631, #7452 ) ;
#18 = PLANE ( 'NONE',  #3903 ) ;
#19 = ORIENTED_EDGE ( 'NONE', *, *, #5272, .F. ) ;
#20 = PLANE ( 'NONE',  #3471 ) ;
#21 = ORIENTED_EDGE ( 'NONE', *, *, #1462, .T. ) ;
#22 = VERTEX_POINT ( 'NONE', #5465 ) ;
#23 = CARTESIAN_POINT ( 'NONE',  ( -7.875000000000000000, -0.000000000000000000, -1.464999999999999636 ) ) ;
#24 = LINE ( 'NONE', #5468, #1023 ) ;
#25 = LINE ( 'NONE', #1828, #6151 ) ;
#26 = CARTESIAN_POINT ( 'NONE',  ( -5.724999999999999645, 1.479999999999999982, 0.9136038969321059744 ) ) ;
#27 = ORIENTED_EDGE ( 'NONE', *, *, #5598, .T. ) ;
#28 = VERTEX_POINT ( 'NONE', #6615 ) ;
#29 = VERTEX_POINT ( 'NONE', #105 ) ;
#30 = PLANE ( 'NONE',  #3025 ) ;
#31 = ADVANCED_FACE ( 'NONE', ( #7207 ), #2473, .T. ) ;
#32 = ADVANCED_FACE ( 'NONE', ( #729 ), #257, .F. ) ;
#33 = ORIENTED_EDGE ( 'NONE', *, *, #4059, .T. ) ;
#34 = CARTESIAN_POINT ( 'NONE',  ( -0.8750000000000007772, 2.400000000000000355, 2.024999999999999911 ) ) ;
#35 = DIRECTION ( 'NONE',  ( 1.000000000000000000, 0.000000000000000000, 0.000000000000000000 ) ) ;
#36 = FACE_OUTER_BOUND ( 'NONE', #6771, .T. ) ;
#37 = VECTOR ( 'NONE', #868, 1000.000000000000000 ) ;
#38 = VECTOR ( 'NONE', #644, 1000.000000000000000 ) ;
#39 = ORIENTED_EDGE ( 'NONE', *, *, #7598, .F. ) ;
#40 = DIRECTION ( 'NONE',  ( 0.000000000000000000, 0.000000000000000000, 1.000000000000000000 ) ) ;
#41 = CIRCLE ( 'NONE', #1919, 0.08500000000000000611 ) ;
#42 = VECTOR ( 'NONE', #214, 1000.000000000000000 ) ;
#43 = ORIENTED_EDGE ( 'NONE', *, *, #249, .F. ) ;
#44 = CARTESIAN_POINT ( 'NONE',  ( -2.812500000000000888, 0.000000000000000000, 0.06499999999999994671 ) ) ;
#45 = EDGE_CURVE ( 'NONE', #6948, #5670, #3698, .T. ) ;
#46 = EDGE_CURVE ( 'NONE', #2194, #450, #3770, .T. ) ;
#47 = ORIENTED_EDGE ( 'NONE', *, *, #101, .T. ) ;
#48 = EDGE_CURVE ( 'NONE', #5545, #2181, #6725, .T. ) ;
#49 = CARTESIAN_POINT ( 'NONE',  ( -7.015000000000000568, 4.120000000000000107, 0.09499999999999961253 ) ) ;
#50 = AXIS2_PLACEMENT_3D ( 'NONE', #3113, #4965, #4894 ) ;
#51 = VECTOR ( 'NONE', #3477, 1000.000000000000000 ) ;
#52 = ORIENTED_EDGE ( 'NONE', *, *, #2059, .T. ) ;
#53 = ORIENTED_EDGE ( 'NONE', *, *, #2535, .T. ) ;
#54 = CARTESIAN_POINT ( 'NONE',  ( -4.275000000000000355, 2.085000000000000409, 2.024999999999999911 ) ) ;
#55 = EDGE_CURVE ( 'NONE', #1856, #2968, #7247, .T. ) ;
#56 = LINE ( 'NONE', #7587, #4026 ) ;
#57 = DIRECTION ( 'NONE',  ( 1.000000000000000000, 0.000000000000000000, -0.000000000000000000 ) ) ;
#58 = LINE ( 'NONE', #3692, #6135 ) ;
#59 = CONTEXT_DEPENDENT_SHAPE_REPRESENTATION ( #5404, #1285 ) ;
#60 = CARTESIAN_POINT ( 'NONE',  ( -3.225000000000000533, 2.085000000000000409, 2.024999999999999911 ) ) ;
#61 = VECTOR ( 'NONE', #594, 1000.000000000000000 ) ;
#62 = ORIENTED_EDGE ( 'NONE', *, *, #5649, .F. ) ;
#63 = DIRECTION ( 'NONE',  ( -0.000000000000000000, 0.000000000000000000, 1.000000000000000000 ) ) ;
#64 = ORIENTED_EDGE ( 'NONE', *, *, #5695, .F. ) ;
#65 = ORIENTED_EDGE ( 'NONE', *, *, #2204, .T. ) ;
#66 = CARTESIAN_POINT ( 'NONE',  ( -4.474999999999999645, 2.055000000000001048, 2.024999999999999911 ) ) ;
#67 = LINE ( 'NONE', #6002, #6234 ) ;
#68 = UNCERTAINTY_MEASURE_WITH_UNIT (LENGTH_MEASURE( 1.000000000000000082E-05 ), #418, 'distance_accuracy_value', 'NONE');
#69 = CARTESIAN_POINT ( 'NONE',  ( -8.750000000000000000, 0.5500000000000010436, 0.06499999999999994671 ) ) ;
#70 = LINE ( 'NONE', #4821, #3166 ) ;
#71 = AXIS2_PLACEMENT_3D ( 'NONE', #179, #1979, #4886 ) ;
#72 = ORIENTED_EDGE ( 'NONE', *, *, #3104, .F. ) ;
#73 = ORIENTED_EDGE ( 'NONE', *, *, #7188, .T. ) ;
#74 = EDGE_LOOP ( 'NONE', ( #3244, #540, #2448, #5521, #5814, #6708 ) ) ;
#75 = CARTESIAN_POINT ( 'NONE',  ( -4.275000000000000355, 0.000000000000000000, -2.024999999999999911 ) ) ;
#76 = VERTEX_POINT ( 'NONE', #4353 ) ;
#77 = PLANE ( 'NONE',  #1036 ) ;
#78 = DIRECTION ( 'NONE',  ( 0.000000000000000000, -1.000000000000000000, 0.000000000000000000 ) ) ;
#79 = LINE ( 'NONE', #4789, #4327 ) ;
#80 = EDGE_LOOP ( 'NONE', ( #6574, #6474, #3065, #7357 ) ) ;
#81 = DIRECTION ( 'NONE',  ( 0.000000000000000000, -0.000000000000000000, 1.000000000000000000 ) ) ;
#82 = VECTOR ( 'NONE', #5124, 1000.000000000000000 ) ;
#83 = VERTEX_POINT ( 'NONE', #2511 ) ;
#84 = CARTESIAN_POINT ( 'NONE',  ( -7.605000000000000426, 0.4800000000000017031, -0.2750000000000000777 ) ) ;
#85 = ORIENTED_EDGE ( 'NONE', *, *, #4414, .T. ) ;
#86 = CIRCLE ( 'NONE', #7626, 0.08500000000000000611 ) ;
#87 = CARTESIAN_POINT ( 'NONE',  ( -5.724999999999999645, 1.855000000000000204, 0.06499999999999994671 ) ) ;
#88 = AXIS2_PLACEMENT_3D ( 'NONE', #2489, #3204, #6056 ) ;
#89 = DIRECTION ( 'NONE',  ( -1.000000000000000000, 0.000000000000000000, 0.000000000000000000 ) ) ;
#90 = EDGE_CURVE ( 'NONE', #1465, #3480, #86, .T. ) ;
#91 = ORIENTED_EDGE ( 'NONE', *, *, #4606, .T. ) ;
#92 = VECTOR ( 'NONE', #6289, 1000.000000000000000 ) ;
#93 = CARTESIAN_POINT ( 'NONE',  ( -5.525000000000000355, 1.080000000000000071, 1.378567737020260031 ) ) ;
#94 = AXIS2_PLACEMENT_3D ( 'NONE', #6169, #266, #1469 ) ;
#95 = CARTESIAN_POINT ( 'NONE',  ( -1.250000000000001110, 3.965000000000001634, 0.6399999999999999023 ) ) ;
#96 = LINE ( 'NONE', #758, #3741 ) ;
#97 = CARTESIAN_POINT ( 'NONE',  ( -7.375000000000000888, 1.112733808603542986E-15, 1.949999999999999956 ) ) ;
#98 = DIRECTION ( 'NONE',  ( 0.000000000000000000, 0.000000000000000000, 1.000000000000000000 ) ) ;
#99 = CARTESIAN_POINT ( 'NONE',  ( -2.386250000000001315, 2.760000000000000231, 0.06499999999999994671 ) ) ;
#100 = ADVANCED_BREP_SHAPE_REPRESENTATION ( '', ( #5796, #5821, #7217 ), #4907 ) ;
#101 = EDGE_CURVE ( 'NONE', #6930, #7520, #219, .T. ) ;
#102 = EDGE_CURVE ( 'NONE', #4483, #6597, #6075, .T. ) ;
#103 = ORIENTED_EDGE ( 'NONE', *, *, #5611, .T. ) ;
#104 = DIRECTION ( 'NONE',  ( 0.000000000000000000, -1.000000000000000000, 0.000000000000000000 ) ) ;
#105 = CARTESIAN_POINT ( 'NONE',  ( -1.375000000000001332, 4.120000000000000107, -1.724999999999999867 ) ) ;
#106 = ORIENTED_EDGE ( 'NONE', *, *, #5109, .T. ) ;
#107 = LINE ( 'NONE', #4850, #5017 ) ;
#108 = PLANE ( 'NONE',  #2915 ) ;
#109 = LINE ( 'NONE', #3266, #210 ) ;
#110 = LINE ( 'NONE', #2481, #7196 ) ;
#111 = EDGE_CURVE ( 'NONE', #5045, #554, #7281, .T. ) ;
#112 = EDGE_CURVE ( 'NONE', #1718, #2841, #2018, .T. ) ;
#113 = ADVANCED_FACE ( 'NONE', ( #3811 ), #6154, .T. ) ;
#114 = ORIENTED_EDGE ( 'NONE', *, *, #4084, .F. ) ;
#115 = ORIENTED_EDGE ( 'NONE', *, *, #5141, .F. ) ;
#116 = ORIENTED_EDGE ( 'NONE', *, *, #3680, .T. ) ;
#117 = DIRECTION ( 'NONE',  ( 0.000000000000000000, 0.000000000000000000, 1.000000000000000000 ) ) ;
#118 = DIRECTION ( 'NONE',  ( 0.000000000000000000, -0.7071067811865457964, 0.7071067811865492381 ) ) ;
#119 = LINE ( 'NONE', #5551, #1448 ) ;
#120 = AXIS2_PLACEMENT_3D ( 'NONE', #1287, #6021, #4299 ) ;
#121 = DIRECTION ( 'NONE',  ( 1.000000000000000000, -0.000000000000000000, -0.000000000000000000 ) ) ;
#122 = ORIENTED_EDGE ( 'NONE', *, *, #583, .F. ) ;
#123 = FACE_OUTER_BOUND ( 'NONE', #3278, .T. ) ;
#124 = ORIENTED_EDGE ( 'NONE', *, *, #189, .F. ) ;
#125 = CARTESIAN_POINT ( 'NONE',  ( -1.145000000000000240, 2.209999999999998188, -0.2750000000000000777 ) ) ;
#126 = CARTESIAN_POINT ( 'NONE',  ( -5.525000000000000355, 0.000000000000000000, 1.824999999999999956 ) ) ;
#127 = CARTESIAN_POINT ( 'NONE',  ( -1.424999999999999156, 0.4800000000000000377, 2.024999999999999911 ) ) ;
#128 = ORIENTED_EDGE ( 'NONE', *, *, #3327, .T. ) ;
#129 = VECTOR ( 'NONE', #5105, 1000.000000000000000 ) ;
#130 = DIRECTION ( 'NONE',  ( -1.000000000000000000, 0.000000000000000000, 0.000000000000000000 ) ) ;
#131 = ORIENTED_EDGE ( 'NONE', *, *, #3960, .T. ) ;
#132 = CARTESIAN_POINT ( 'NONE',  ( 0.000000000000000000, 0.000000000000000000, 1.274999999999999911 ) ) ;
#133 = LINE ( 'NONE', #3137, #4147 ) ;
#134 = EDGE_CURVE ( 'NONE', #5331, #4857, #365, .T. ) ;
#135 = DIRECTION ( 'NONE',  ( 1.495451272393798852E-15, -1.000000000000000000, 0.000000000000000000 ) ) ;
#136 = CARTESIAN_POINT ( 'NONE',  ( 7.875000000000000000, 4.250000000000000000, 2.024999999999999911 ) ) ;
#137 = CARTESIAN_POINT ( 'NONE',  ( -7.605000000000000426, 1.559999999999999609, 1.864999999999999547 ) ) ;
#138 = ORIENTED_EDGE ( 'NONE', *, *, #1672, .T. ) ;
#139 = LINE ( 'NONE', #1342, #3843 ) ;
#140 = LINE ( 'NONE', #3769, #393 ) ;
#141 = CARTESIAN_POINT ( 'NONE',  ( -5.525000000000000355, 1.030000000000000027, -2.024999999999999911 ) ) ;
#142 = ORIENTED_EDGE ( 'NONE', *, *, #6553, .T. ) ;
#143 = CARTESIAN_POINT ( 'NONE',  ( -7.605000000000000426, 2.620487515035475390, -0.2750000000000000777 ) ) ;
#144 = EDGE_CURVE ( 'NONE', #4091, #6391, #5673, .T. ) ;
#145 = CARTESIAN_POINT ( 'NONE',  ( 2.204364238465228735E-17, 3.820000000000000728, -2.024999999999999911 ) ) ;
#146 = ADVANCED_FACE ( 'NONE', ( #5034 ), #3262, .F. ) ;
#147 = CARTESIAN_POINT ( 'NONE',  ( -5.937500000000000000, 0.000000000000000000, 0.06499999999999994671 ) ) ;
#148 = VECTOR ( 'NONE', #3254, 1000.000000000000000 ) ;
#149 = DIRECTION ( 'NONE',  ( 1.000000000000000000, 0.000000000000000000, 0.000000000000000000 ) ) ;
#150 = LINE ( 'NONE', #6621, #794 ) ;
#151 = ORIENTED_EDGE ( 'NONE', *, *, #3941, .T. ) ;
#152 = VERTEX_POINT ( 'NONE', #7474 ) ;
#153 = CARTESIAN_POINT ( 'NONE',  ( 0.000000000000000000, 0.000000000000000000, 0.06499999999999994671 ) ) ;
#154 = EDGE_CURVE ( 'NONE', #7409, #3030, #6833, .T. ) ;
#155 = CARTESIAN_POINT ( 'NONE',  ( -7.015000000000000568, 1.903000000000000025, 0.000000000000000000 ) ) ;
#156 = EDGE_CURVE ( 'NONE', #3979, #2917, #1457, .T. ) ;
#157 = CARTESIAN_POINT ( 'NONE',  ( -7.605000000000000426, 0.7800000000000000266, -0.3250000000000000666 ) ) ;
#158 = PRESENTATION_LAYER_ASSIGNMENT (  '', '', ( #3521 ) ) ;
#159 = VECTOR ( 'NONE', #3160, 1000.000000000000000 ) ;
#160 = DIRECTION ( 'NONE',  ( 0.000000000000000000, -1.000000000000000000, 0.000000000000000000 ) ) ;
#161 = EDGE_LOOP ( 'NONE', ( #3235, #5717, #6204, #7491 ) ) ;
#162 = EDGE_LOOP ( 'NONE', ( #5660, #2525, #6988, #1566, #21, #3128, #4550, #569, #1531 ) ) ;
#163 = VECTOR ( 'NONE', #1474, 1000.000000000000000 ) ;
#164 = CYLINDRICAL_SURFACE ( 'NONE', #4964, 0.1499999999999999667 ) ;
#165 = CARTESIAN_POINT ( 'NONE',  ( -4.275000000000001243, 1.855000000000000204, 1.824999999999999289 ) ) ;
#166 = DIRECTION ( 'NONE',  ( 0.000000000000000000, 1.000000000000000000, 1.346834996876403062E-16 ) ) ;
#168 = ORIENTED_EDGE ( 'NONE', *, *, #6344, .F. ) ;
#167 = VECTOR ( 'NONE', #6396, 999.9999999999998863 ) ;
#169 = LINE ( 'NONE', #2547, #6753 ) ;
#170 = CARTESIAN_POINT ( 'NONE',  ( -6.439999999999997726, 3.240000000000001101, -1.224999999999999867 ) ) ;
#171 = FACE_OUTER_BOUND ( 'NONE', #4943, .T. ) ;
#172 = VECTOR ( 'NONE', #3956, 1000.000000000000000 ) ;
#173 = VECTOR ( 'NONE', #309, 1000.000000000000000 ) ;
#174 = DIRECTION ( 'NONE',  ( -1.000000000000000000, 0.000000000000000000, 0.000000000000000000 ) ) ;
#175 = CARTESIAN_POINT ( 'NONE',  ( -1.735000000000000320, 2.727340868674716046E-16, -2.024999999999999911 ) ) ;
#176 = EDGE_CURVE ( 'NONE', #3754, #1260, #879, .T. ) ;
#177 = EDGE_CURVE ( 'NONE', #314, #6391, #5609, .T. ) ;
#178 = ORIENTED_EDGE ( 'NONE', *, *, #176, .T. ) ;
#179 = CARTESIAN_POINT ( 'NONE',  ( -0.8750000000000007772, 0.000000000000000000, 2.024999999999999911 ) ) ;
#180 = CARTESIAN_POINT ( 'NONE',  ( -7.875000000000000000, 4.250000000000000000, 2.024999999999999911 ) ) ;
#181 = LINE ( 'NONE', #4315, #7485 ) ;
#182 = ORIENTED_EDGE ( 'NONE', *, *, #1235, .T. ) ;
#183 = CARTESIAN_POINT ( 'NONE',  ( -1.375000000000000444, 0.4800000000000000377, 2.024999999999999911 ) ) ;
#184 =( GEOMETRIC_REPRESENTATION_CONTEXT ( 3 ) GLOBAL_UNCERTAINTY_ASSIGNED_CONTEXT ( ( #68 ) ) GLOBAL_UNIT_ASSIGNED_CONTEXT ( ( #418, #2286, #4239 ) ) REPRESENTATION_CONTEXT ( 'NONE', 'WORKASPACE' ) );
#185 = LINE ( 'NONE', #2021, #669 ) ;
#186 = VECTOR ( 'NONE', #6377, 1000.000000000000000 ) ;
#187 = CARTESIAN_POINT ( 'NONE',  ( -5.725000000000000533, 1.855000000000000204, 1.824999999999999289 ) ) ;
#188 = CARTESIAN_POINT ( 'NONE',  ( -4.804399278668253004, 4.190000000000000391, -2.773821216833562087 ) ) ;
#189 = EDGE_CURVE ( 'NONE', #76, #5535, #916, .T. ) ;
#190 = ORIENTED_EDGE ( 'NONE', *, *, #2865, .F. ) ;
#191 = ORIENTED_EDGE ( 'NONE', *, *, #6458, .T. ) ;
#192 = VERTEX_POINT ( 'NONE', #2787 ) ;
#193 = DIRECTION ( 'NONE',  ( -0.000000000000000000, 0.000000000000000000, 1.000000000000000000 ) ) ;
#194 = CARTESIAN_POINT ( 'NONE',  ( -7.375000000000000888, 0.1499999999999998002, -0.2750000000000001332 ) ) ;
#195 = DIRECTION ( 'NONE',  ( 0.000000000000000000, -1.000000000000000000, 0.000000000000000000 ) ) ;
#196 = AXIS2_PLACEMENT_3D ( 'NONE', #4874, #7270, #5526 ) ;
#197 = CARTESIAN_POINT ( 'NONE',  ( -5.525000000000000355, 0.7799999999999999156, 0.06499999999999994671 ) ) ;
#198 = EDGE_CURVE ( 'NONE', #614, #4284, #3848, .T. ) ;
#199 = ADVANCED_FACE ( 'NONE', ( #1494 ), #1575, .T. ) ;
#200 = AXIS2_PLACEMENT_3D ( 'NONE', #5427, #6613, #4959 ) ;
#201 = ORIENTED_EDGE ( 'NONE', *, *, #474, .T. ) ;
#202 = VERTEX_POINT ( 'NONE', #6230 ) ;
#203 = CARTESIAN_POINT ( 'NONE',  ( -3.025000000000000799, 1.630000000000000560, 0.06499999999999994671 ) ) ;
#204 = CARTESIAN_POINT ( 'NONE',  ( -7.875000000000000000, 0.000000000000000000, -1.334999999999999742 ) ) ;
#205 = DIRECTION ( 'NONE',  ( 0.7071067811865536790, -0.000000000000000000, -0.7071067811865414665 ) ) ;
#206 = EDGE_CURVE ( 'NONE', #887, #2968, #3298, .T. ) ;
#207 = ORIENTED_EDGE ( 'NONE', *, *, #7283, .F. ) ;
#208 = EDGE_CURVE ( 'NONE', #449, #2023, #5643, .T. ) ;
#209 = CARTESIAN_POINT ( 'NONE',  ( -1.475000000000000533, 0.4800000000000000377, 2.024999999999999911 ) ) ;
#210 = VECTOR ( 'NONE', #2518, 1000.000000000000000 ) ;
#211 = FACE_OUTER_BOUND ( 'NONE', #3318, .T. ) ;
#212 = CARTESIAN_POINT ( 'NONE',  ( -5.525000000000000355, 0.000000000000000000, -2.824999999999999734 ) ) ;
#213 = CARTESIAN_POINT ( 'NONE',  ( -5.800000000000000711, 3.820000000000000728, -1.224999999999999867 ) ) ;
#214 = DIRECTION ( 'NONE',  ( 1.000000000000000000, -0.000000000000000000, -0.000000000000000000 ) ) ;
#215 = VECTOR ( 'NONE', #6089, 1000.000000000000000 ) ;
#216 = ORIENTED_EDGE ( 'NONE', *, *, #1995, .F. ) ;
#217 = FACE_OUTER_BOUND ( 'NONE', #6051, .T. ) ;
#218 = DIRECTION ( 'NONE',  ( -1.000000000000000000, -0.000000000000000000, -0.000000000000000000 ) ) ;
#219 = LINE ( 'NONE', #3145, #2331 ) ;
#220 = ORIENTED_EDGE ( 'NONE', *, *, #4244, .F. ) ;
#221 = DIRECTION ( 'NONE',  ( -0.000000000000000000, 0.000000000000000000, 1.000000000000000000 ) ) ;
#222 = FACE_OUTER_BOUND ( 'NONE', #6249, .T. ) ;
#223 = SURFACE_SIDE_STYLE ('',( #2127 ) ) ;
#224 = UNCERTAINTY_MEASURE_WITH_UNIT (LENGTH_MEASURE( 1.000000000000000082E-05 ), #6269, 'distance_accuracy_value', 'NONE');
#225 = FACE_OUTER_BOUND ( 'NONE', #5005, .T. ) ;
#226 = ORIENTED_EDGE ( 'NONE', *, *, #6407, .F. ) ;
#227 = ORIENTED_EDGE ( 'NONE', *, *, #4899, .T. ) ;
#228 = ORIENTED_EDGE ( 'NONE', *, *, #4714, .T. ) ;
#229 = CARTESIAN_POINT ( 'NONE',  ( -1.375000000000000444, 0.9249999999999991562, 1.949999999999999067 ) ) ;
#230 = ORIENTED_EDGE ( 'NONE', *, *, #6691, .F. ) ;
#231 = DIRECTION ( 'NONE',  ( 0.000000000000000000, -0.000000000000000000, -1.000000000000000000 ) ) ;
#232 = CARTESIAN_POINT ( 'NONE',  ( -7.015000000000000568, 8.777094706955511913E-18, 0.09499999999999998723 ) ) ;
#233 = FACE_OUTER_BOUND ( 'NONE', #1722, .T. ) ;
#234 = ORIENTED_EDGE ( 'NONE', *, *, #1572, .T. ) ;
#235 = ORIENTED_EDGE ( 'NONE', *, *, #5316, .F. ) ;
#236 = ADVANCED_FACE ( 'NONE', ( #7395 ), #2123, .T. ) ;
#237 = LINE ( 'NONE', #7193, #6437 ) ;
#238 = EDGE_CURVE ( 'NONE', #5319, #4984, #6872, .T. ) ;
#239 = CARTESIAN_POINT ( 'NONE',  ( -6.790000000000000036, 0.7799999999999999156, 0.06499999999999994671 ) ) ;
#240 = FACE_OUTER_BOUND ( 'NONE', #7103, .T. ) ;
#241 = ORIENTED_EDGE ( 'NONE', *, *, #1334, .F. ) ;
#242 = CARTESIAN_POINT ( 'NONE',  ( -5.525000000000000355, 1.796421356237309919, 1.766421356237310114 ) ) ;
#243 = PRESENTATION_STYLE_ASSIGNMENT (( #3762 ) ) ;
#244 = AXIS2_PLACEMENT_3D ( 'NONE', #6816, #5630, #3833 ) ;
#245 = CARTESIAN_POINT ( 'NONE',  ( -5.724999999999999645, 0.5500000000000000444, 0.06499999999999998834 ) ) ;
#246 = ADVANCED_FACE ( 'NONE', ( #2203 ), #829, .F. ) ;
#247 = EDGE_CURVE ( 'NONE', #6583, #3830, #793, .T. ) ;
#248 = DIRECTION ( 'NONE',  ( -0.000000000000000000, -0.000000000000000000, 1.000000000000000000 ) ) ;
#249 = EDGE_CURVE ( 'NONE', #4152, #4242, #3722, .T. ) ;
#250 = LINE ( 'NONE', #3948, #1299 ) ;
#251 = AXIS2_PLACEMENT_3D ( 'NONE', #2352, #4110, #3371 ) ;
#252 = CARTESIAN_POINT ( 'NONE',  ( -7.875000000000000000, 2.400000000000000355, 0.06499999999999994671 ) ) ;
#253 = ORIENTED_EDGE ( 'NONE', *, *, #1870, .F. ) ;
#254 = VERTEX_POINT ( 'NONE', #1479 ) ;
#255 = DIRECTION ( 'NONE',  ( -1.000000000000000000, 0.000000000000000000, 0.000000000000000000 ) ) ;
#256 = CARTESIAN_POINT ( 'NONE',  ( -7.375000000000000000, 3.500000000000000444, 0.06499999999999994671 ) ) ;
#257 = PLANE ( 'NONE',  #2445 ) ;
#258 = ORIENTED_EDGE ( 'NONE', *, *, #5608, .T. ) ;
#259 = DIRECTION ( 'NONE',  ( 0.000000000000000000, 0.000000000000000000, -1.000000000000000000 ) ) ;
#260 = DIRECTION ( 'NONE',  ( 1.000000000000000000, 0.000000000000000000, 0.000000000000000000 ) ) ;
#261 = ORIENTED_EDGE ( 'NONE', *, *, #3636, .T. ) ;
#262 = ORIENTED_EDGE ( 'NONE', *, *, #3336, .F. ) ;
#263 = ORIENTED_EDGE ( 'NONE', *, *, #6040, .F. ) ;
#264 = CARTESIAN_POINT ( 'NONE',  ( -1.250000000000001110, 3.965000000000001634, 0.06499999999999994671 ) ) ;
#265 = CARTESIAN_POINT ( 'NONE',  ( -3.025000000000000799, 0.000000000000000000, 0.06499999999999994671 ) ) ;
#266 = DIRECTION ( 'NONE',  ( 0.7071067811865475727, 0.000000000000000000, -0.7071067811865475727 ) ) ;
#267 = DIRECTION ( 'NONE',  ( 0.000000000000000000, 0.000000000000000000, -1.000000000000000000 ) ) ;
#268 = EDGE_CURVE ( 'NONE', #1473, #6136, #4410, .T. ) ;
#269 = EDGE_CURVE ( 'NONE', #6519, #5736, #6023, .T. ) ;
#270 = ORIENTED_EDGE ( 'NONE', *, *, #6397, .T. ) ;
#271 = LINE ( 'NONE', #5054, #3155 ) ;
#272 = ORIENTED_EDGE ( 'NONE', *, *, #2068, .T. ) ;
#273 = DIRECTION ( 'NONE',  ( 0.000000000000000000, -1.000000000000000000, 0.000000000000000000 ) ) ;
#274 = CARTESIAN_POINT ( 'NONE',  ( -7.375000000000000888, 0.000000000000000000, 2.024999999999999911 ) ) ;
#275 = CARTESIAN_POINT ( 'NONE',  ( -4.062499999999999112, 1.855000000000000204, 1.824999999999999289 ) ) ;
#276 = EDGE_CURVE ( 'NONE', #2812, #686, #1327, .T. ) ;
#277 =( GEOMETRIC_REPRESENTATION_CONTEXT ( 3 ) GLOBAL_UNCERTAINTY_ASSIGNED_CONTEXT ( ( #1309 ) ) GLOBAL_UNIT_ASSIGNED_CONTEXT ( ( #5986, #2046, #3135 ) ) REPRESENTATION_CONTEXT ( 'NONE', 'WORKASPACE' ) );
#278 = VECTOR ( 'NONE', #2844, 1000.000000000000000 ) ;
#279 = VECTOR ( 'NONE', #2371, 1000.000000000000000 ) ;
#280 = DIRECTION ( 'NONE',  ( 1.000000000000000000, 0.000000000000000000, 0.000000000000000000 ) ) ;
#281 = DIRECTION ( 'NONE',  ( 8.468115335143821308E-17, 0.7071067811865475727, 0.7071067811865474617 ) ) ;
#282 = CARTESIAN_POINT ( 'NONE',  ( -1.024999999999999911, 0.7799999999999999156, -0.3250000000000000666 ) ) ;
#283 = FACE_OUTER_BOUND ( 'NONE', #5053, .T. ) ;
#284 = CARTESIAN_POINT ( 'NONE',  ( -1.250000000000001110, 3.965000000000001634, 0.6399999999999999023 ) ) ;
#285 = AXIS2_PLACEMENT_3D ( 'NONE', #6933, #5214, #7535 ) ;
#286 = AXIS2_PLACEMENT_3D ( 'NONE', #3886, #6304, #5153 ) ;
#287 = DIRECTION ( 'NONE',  ( 1.000000000000000000, 0.000000000000000000, 0.000000000000000000 ) ) ;
#288 = ORIENTED_EDGE ( 'NONE', *, *, #6315, .T. ) ;
#289 = EDGE_CURVE ( 'NONE', #7166, #4980, #2042, .T. ) ;
#290 = ADVANCED_FACE ( 'NONE', ( #4947 ), #6099, .F. ) ;
#291 = CARTESIAN_POINT ( 'NONE',  ( -0.8750000000000007772, 2.400000000000000355, 0.000000000000000000 ) ) ;
#292 = CARTESIAN_POINT ( 'NONE',  ( -5.724999999999999645, 0.6250000000000000000, -1.464999999999999858 ) ) ;
#293 = DIRECTION ( 'NONE',  ( -1.000000000000000000, 0.000000000000000000, 0.000000000000000000 ) ) ;
#294 = AXIS2_PLACEMENT_3D ( 'NONE', #2864, #5219, #1266 ) ;
#295 = ORIENTED_EDGE ( 'NONE', *, *, #3862, .T. ) ;
#296 = CARTESIAN_POINT ( 'NONE',  ( -6.800000000000001599, 3.820000000000000728, -2.024999999999999911 ) ) ;
#297 = PLANE ( 'NONE',  #5505 ) ;
#298 = CARTESIAN_POINT ( 'NONE',  ( -3.025000000000000799, 2.055000000000001048, 2.024999999999999911 ) ) ;
#299 = CIRCLE ( 'NONE', #2279, 0.08500000000000000611 ) ;
#300 = ORIENTED_EDGE ( 'NONE', *, *, #156, .F. ) ;
#301 = CIRCLE ( 'NONE', #3398, 0.2000000000000000944 ) ;
#302 = ORIENTED_EDGE ( 'NONE', *, *, #289, .T. ) ;
#303 = PRODUCT ( 'SMxB-GHS-TB_03', 'SMxB-GHS-TB_03', '', ( #5993 ) ) ;
#304 = EDGE_CURVE ( 'NONE', #2130, #4456, #4340, .T. ) ;
#305 = CARTESIAN_POINT ( 'NONE',  ( -6.363749999999999574, 2.760000000000000231, 0.06499999999999994671 ) ) ;
#306 = VERTEX_POINT ( 'NONE', #275 ) ;
#307 = ORIENTED_EDGE ( 'NONE', *, *, #4716, .F. ) ;
#308 = CARTESIAN_POINT ( 'NONE',  ( -7.605000000000000426, 0.7800000000000000266, -0.3250000000000000666 ) ) ;
#309 = DIRECTION ( 'NONE',  ( 0.000000000000000000, 0.000000000000000000, 1.000000000000000000 ) ) ;
#310 = DIRECTION ( 'NONE',  ( -1.000000000000000000, 0.000000000000000000, -0.000000000000000000 ) ) ;
#311 = ORIENTED_EDGE ( 'NONE', *, *, #3042, .T. ) ;
#312 =( GEOMETRIC_REPRESENTATION_CONTEXT ( 3 ) GLOBAL_UNCERTAINTY_ASSIGNED_CONTEXT ( ( #4203 ) ) GLOBAL_UNIT_ASSIGNED_CONTEXT ( ( #6982, #5838, #4311 ) ) REPRESENTATION_CONTEXT ( 'NONE', 'WORKASPACE' ) );
#313 = VECTOR ( 'NONE', #1606, 1000.000000000000000 ) ;
#314 = VERTEX_POINT ( 'NONE', #3217 ) ;
#315 = PLANE ( 'NONE',  #5861 ) ;
#316 = VERTEX_POINT ( 'NONE', #2001 ) ;
#317 = DIRECTION ( 'NONE',  ( -1.000000000000000000, 0.000000000000000000, 0.000000000000000000 ) ) ;
#318 = VECTOR ( 'NONE', #3055, 1000.000000000000000 ) ;
#319 = PLANE ( 'NONE',  #5854 ) ;
#320 = VECTOR ( 'NONE', #1728, 1000.000000000000000 ) ;
#321 = EDGE_LOOP ( 'NONE', ( #2798, #5785, #6379, #3050, #6562, #3589 ) ) ;
#322 = CARTESIAN_POINT ( 'NONE',  ( -2.950000000000000178, 3.820000000000000728, -1.224999999999999867 ) ) ;
#323 = DIRECTION ( 'NONE',  ( -1.000000000000000000, -1.136281752823236226E-16, 0.000000000000000000 ) ) ;
#324 = DIRECTION ( 'NONE',  ( 1.000000000000000000, 0.000000000000000000, 0.000000000000000000 ) ) ;
#325 = CARTESIAN_POINT ( 'NONE',  ( -1.735000000000000320, 0.000000000000000000, -1.724999999999999867 ) ) ;
#326 = EDGE_LOOP ( 'NONE', ( #4554, #826, #7076, #4429 ) ) ;
#327 = VECTOR ( 'NONE', #3114, 1000.000000000000000 ) ;
#328 = LINE ( 'NONE', #4572, #2690 ) ;
#329 = LINE ( 'NONE', #7394, #397 ) ;
#330 = ORIENTED_EDGE ( 'NONE', *, *, #2434, .F. ) ;
#331 = FACE_OUTER_BOUND ( 'NONE', #2674, .T. ) ;
#332 = FACE_OUTER_BOUND ( 'NONE', #5136, .T. ) ;
#333 = VECTOR ( 'NONE', #4906, 1000.000000000000000 ) ;
#334 = DIRECTION ( 'NONE',  ( 1.000000000000000000, 1.197572355469997778E-16, 0.000000000000000000 ) ) ;
#335 = EDGE_LOOP ( 'NONE', ( #5474, #7439, #3943, #4062 ) ) ;
#336 = ORIENTED_EDGE ( 'NONE', *, *, #5356, .T. ) ;
#337 = DIRECTION ( 'NONE',  ( 0.000000000000000000, -1.000000000000000000, 0.000000000000000000 ) ) ;
#338 = VECTOR ( 'NONE', #3133, 1000.000000000000000 ) ;
#339 = ORIENTED_EDGE ( 'NONE', *, *, #3284, .F. ) ;
#340 = ORIENTED_EDGE ( 'NONE', *, *, #4852, .T. ) ;
#341 = DIRECTION ( 'NONE',  ( -1.000000000000000000, 0.000000000000000000, 0.000000000000000000 ) ) ;
#342 = CARTESIAN_POINT ( 'NONE',  ( -16.62500000000000000, 1.030000000000000027, 0.000000000000000000 ) ) ;
#343 = EDGE_CURVE ( 'NONE', #1352, #4219, #3797, .T. ) ;
#344 = CARTESIAN_POINT ( 'NONE',  ( -7.765000000000000568, 3.400000000000000355, 0.000000000000000000 ) ) ;
#345 = ADVANCED_FACE ( 'NONE', ( #7268 ), #710, .T. ) ;
#346 = EDGE_CURVE ( 'NONE', #6626, #5182, #6752, .T. ) ;
#347 = VECTOR ( 'NONE', #4005, 1000.000000000000000 ) ;
#348 = ORIENTED_EDGE ( 'NONE', *, *, #208, .T. ) ;
#349 = ORIENTED_EDGE ( 'NONE', *, *, #3820, .T. ) ;
#350 = DIRECTION ( 'NONE',  ( 0.000000000000000000, 1.000000000000000000, -9.239047059953170954E-17 ) ) ;
#351 = EDGE_LOOP ( 'NONE', ( #4700, #6241, #3756, #3965 ) ) ;
#352 = PLANE ( 'NONE',  #244 ) ;
#353 = LINE ( 'NONE', #274, #6226 ) ;
#354 = ORIENTED_EDGE ( 'NONE', *, *, #4180, .T. ) ;
#355 = DIRECTION ( 'NONE',  ( 0.000000000000000000, -1.000000000000000000, 0.000000000000000000 ) ) ;
#356 = LINE ( 'NONE', #3913, #637 ) ;
#357 = CARTESIAN_POINT ( 'NONE',  ( -3.025000000000000799, 0.000000000000000000, -2.024999999999999911 ) ) ;
#358 = DIRECTION ( 'NONE',  ( 0.000000000000000000, 0.000000000000000000, -1.000000000000000000 ) ) ;
#359 = VECTOR ( 'NONE', #3131, 1000.000000000000114 ) ;
#360 = ORIENTED_EDGE ( 'NONE', *, *, #3870, .T. ) ;
#361 = PLANE ( 'NONE',  #3810 ) ;
#362 = DIRECTION ( 'NONE',  ( -1.000000000000000000, 0.000000000000000000, 0.000000000000000000 ) ) ;
#363 = EDGE_CURVE ( 'NONE', #1546, #3619, #4983, .T. ) ;
#364 = EDGE_CURVE ( 'NONE', #1260, #2405, #5452, .T. ) ;
#365 = LINE ( 'NONE', #6301, #1841 ) ;
#366 = FACE_OUTER_BOUND ( 'NONE', #5035, .T. ) ;
#367 = CARTESIAN_POINT ( 'NONE',  ( -2.400000000000001243, 3.325000000000000178, 0.06499999999999994671 ) ) ;
#368 = DIRECTION ( 'NONE',  ( 1.000000000000000000, 0.000000000000000000, 0.000000000000000000 ) ) ;
#369 = DIRECTION ( 'NONE',  ( 1.000000000000000000, 0.000000000000000000, 0.000000000000000000 ) ) ;
#370 = EDGE_LOOP ( 'NONE', ( #5846, #4304, #3263, #3952, #3571 ) ) ;
#371 = ORIENTED_EDGE ( 'NONE', *, *, #55, .T. ) ;
#372 = PLANE ( 'NONE',  #2971 ) ;
#373 = EDGE_CURVE ( 'NONE', #5995, #2794, #6680, .T. ) ;
#374 = ORIENTED_EDGE ( 'NONE', *, *, #3491, .F. ) ;
#375 = PRODUCT_RELATED_PRODUCT_CATEGORY ( 'part', '', ( #1218 ) ) ;
#376 = CARTESIAN_POINT ( 'NONE',  ( -7.725000000000001421, 2.209999999999999520, 1.274999999999999911 ) ) ;
#377 = CARTESIAN_POINT ( 'NONE',  ( -5.724999999999999645, 1.629999999999999893, 4.165075243091329638E-16 ) ) ;
#378 = CARTESIAN_POINT ( 'NONE',  ( -6.349999999999999645, 0.000000000000000000, 0.06499999999999994671 ) ) ;
#379 = VERTEX_POINT ( 'NONE', #2585 ) ;
#380 = LINE ( 'NONE', #1470, #4449 ) ;
#381 = ORIENTED_EDGE ( 'NONE', *, *, #1820, .F. ) ;
#382 = EDGE_CURVE ( 'NONE', #1946, #4384, #4940, .T. ) ;
#383 = FACE_OUTER_BOUND ( 'NONE', #3096, .T. ) ;
#384 = ADVANCED_FACE ( 'NONE', ( #240 ), #7305, .T. ) ;
#385 = ORIENTED_EDGE ( 'NONE', *, *, #4917, .F. ) ;
#386 = ORIENTED_EDGE ( 'NONE', *, *, #2228, .F. ) ;
#387 = DIRECTION ( 'NONE',  ( 1.000000000000000000, 0.000000000000000000, 0.000000000000000000 ) ) ;
#388 = LINE ( 'NONE', #5631, #6953 ) ;
#389 = VECTOR ( 'NONE', #4528, 1000.000000000000000 ) ;
#390 = EDGE_LOOP ( 'NONE', ( #3666, #4584, #2577, #2630 ) ) ;
#391 = ORIENTED_EDGE ( 'NONE', *, *, #2722, .T. ) ;
#392 = LINE ( 'NONE', #3251, #6107 ) ;
#393 = VECTOR ( 'NONE', #1378, 1000.000000000000000 ) ;
#394 = CARTESIAN_POINT ( 'NONE',  ( -0.000000000000000000, 2.255000000000000338, 2.024999999999999911 ) ) ;
#395 = CARTESIAN_POINT ( 'NONE',  ( -5.525000000000000355, 0.9050000000000000266, -0.9050000000000000266 ) ) ;
#396 = DIRECTION ( 'NONE',  ( 0.000000000000000000, -1.000000000000000000, 0.000000000000000000 ) ) ;
#397 = VECTOR ( 'NONE', #2164, 1000.000000000000000 ) ;
#398 = AXIS2_PLACEMENT_3D ( 'NONE', #888, #3271, #6807 ) ;
#399 = ORIENTED_EDGE ( 'NONE', *, *, #4697, .F. ) ;
#400 = DIRECTION ( 'NONE',  ( 0.000000000000000000, 0.000000000000000000, 1.000000000000000000 ) ) ;
#401 = CARTESIAN_POINT ( 'NONE',  ( -4.275000000000000355, 1.630000000000000782, -2.024999999999999911 ) ) ;
#402 = CARTESIAN_POINT ( 'NONE',  ( -3.225000000000000533, 0.5500000000000010436, 2.024999999999999911 ) ) ;
#403 = CARTESIAN_POINT ( 'NONE',  ( -8.750000000000000000, 3.965000000000001634, 0.06499999999999994671 ) ) ;
#404 = AXIS2_PLACEMENT_3D ( 'NONE', #3361, #6291, #7351 ) ;
#405 = VECTOR ( 'NONE', #4046, 1000.000000000000000 ) ;
#406 = DIRECTION ( 'NONE',  ( 0.000000000000000000, 1.000000000000000000, 0.000000000000000000 ) ) ;
#407 = LINE ( 'NONE', #2209, #6367 ) ;
#408 = EDGE_CURVE ( 'NONE', #6463, #5496, #5210, .T. ) ;
#409 = ORIENTED_EDGE ( 'NONE', *, *, #5562, .T. ) ;
#410 = ORIENTED_EDGE ( 'NONE', *, *, #3526, .T. ) ;
#411 = AXIS2_PLACEMENT_3D ( 'NONE', #6068, #5456, #3182 ) ;
#412 = AXIS2_PLACEMENT_3D ( 'NONE', #4037, #3419, #5190 ) ;
#413 = CARTESIAN_POINT ( 'NONE',  ( -0.8750000000000007772, 0.1800000000000000488, -0.2750000000000000777 ) ) ;
#414 = ORIENTED_EDGE ( 'NONE', *, *, #824, .F. ) ;
#415 = ORIENTED_EDGE ( 'NONE', *, *, #4378, .T. ) ;
#416 = CARTESIAN_POINT ( 'NONE',  ( -3.225000000000000533, 2.085000000000000409, -1.464999999999999636 ) ) ;
#417 = DIRECTION ( 'NONE',  ( -0.000000000000000000, 1.000000000000000000, 0.000000000000000000 ) ) ;
#418 =( LENGTH_UNIT ( ) NAMED_UNIT ( * ) SI_UNIT ( .MILLI., .METRE. ) );
#419 = VECTOR ( 'NONE', #5794, 1000.000000000000000 ) ;
#420 = VECTOR ( 'NONE', #965, 1000.000000000000000 ) ;
#421 = ORIENTED_EDGE ( 'NONE', *, *, #1572, .F. ) ;
#422 = VERTEX_POINT ( 'NONE', #2229 ) ;
#423 = DIRECTION ( 'NONE',  ( -1.000000000000000000, 0.000000000000000000, 0.000000000000000000 ) ) ;
#424 = ORIENTED_EDGE ( 'NONE', *, *, #6681, .F. ) ;
#425 = DIRECTION ( 'NONE',  ( 0.000000000000000000, 0.000000000000000000, -1.000000000000000000 ) ) ;
#426 = ORIENTED_EDGE ( 'NONE', *, *, #5221, .T. ) ;
#427 = DIRECTION ( 'NONE',  ( 0.000000000000000000, 0.000000000000000000, -1.000000000000000000 ) ) ;
#428 = AXIS2_PLACEMENT_3D ( 'NONE', #7016, #2791, #1732 ) ;
#429 = EDGE_CURVE ( 'NONE', #7084, #5754, #5782, .T. ) ;
#430 = DIRECTION ( 'NONE',  ( -1.000000000000000000, 0.000000000000000000, -0.000000000000000000 ) ) ;
#431 = EDGE_CURVE ( 'NONE', #3010, #7542, #4630, .T. ) ;
#432 = VECTOR ( 'NONE', #3765, 1000.000000000000000 ) ;
#433 = EDGE_LOOP ( 'NONE', ( #5618, #5396, #2470, #7179, #7038, #6696, #4544, #5549 ) ) ;
#434 = DIRECTION ( 'NONE',  ( -1.000000000000000000, 0.000000000000000000, 0.000000000000000000 ) ) ;
#435 = ORIENTED_EDGE ( 'NONE', *, *, #1422, .T. ) ;
#436 = CARTESIAN_POINT ( 'NONE',  ( -1.408343819019456028E-16, 2.490000000000001545, -2.024999999999999911 ) ) ;
#437 = CARTESIAN_POINT ( 'NONE',  ( 7.875000000000000000, 2.055000000000001048, 2.024999999999999911 ) ) ;
#438 = AXIS2_PLACEMENT_3D ( 'NONE', #7472, #255, #443 ) ;
#439 = EDGE_CURVE ( 'NONE', #7219, #5887, #4742, .T. ) ;
#440 = ADVANCED_FACE ( 'NONE', ( #7077 ), #1681, .F. ) ;
#441 = FACE_OUTER_BOUND ( 'NONE', #2495, .T. ) ;
#442 = ORIENTED_EDGE ( 'NONE', *, *, #45, .T. ) ;
#443 = DIRECTION ( 'NONE',  ( 0.000000000000000000, 0.000000000000000000, -1.000000000000000000 ) ) ;
#444 = DIRECTION ( 'NONE',  ( 1.000000000000000000, 0.000000000000000000, 0.000000000000000000 ) ) ;
#445 = CARTESIAN_POINT ( 'NONE',  ( 0.000000000000000000, 2.760000000000000231, 0.06499999999999994671 ) ) ;
#446 = PRESENTATION_STYLE_ASSIGNMENT (( #2313 ) ) ;
#447 = FACE_OUTER_BOUND ( 'NONE', #1389, .T. ) ;
#448 = VECTOR ( 'NONE', #2562, 1000.000000000000000 ) ;
#449 = VERTEX_POINT ( 'NONE', #7001 ) ;
#450 = VERTEX_POINT ( 'NONE', #2892 ) ;
#451 = ORIENTED_EDGE ( 'NONE', *, *, #3724, .T. ) ;
#452 = EDGE_LOOP ( 'NONE', ( #2251, #1630, #5639, #6453 ) ) ;
#453 = CARTESIAN_POINT ( 'NONE',  ( -1.375000000000000444, 1.009999999999999121, 1.949999999999999289 ) ) ;
#454 = AXIS2_PLACEMENT_3D ( 'NONE', #3191, #6657, #3108 ) ;
#455 = DIRECTION ( 'NONE',  ( 0.000000000000000000, 0.000000000000000000, -1.000000000000000000 ) ) ;
#456 = CARTESIAN_POINT ( 'NONE',  ( -8.750000000000000000, 1.630000000000001226, -2.024999999999999911 ) ) ;
#457 = VECTOR ( 'NONE', #1166, 1000.000000000000000 ) ;
#458 = LINE ( 'NONE', #2218, #5177 ) ;
#459 = PLANE ( 'NONE',  #3902 ) ;
#460 = ORIENTED_EDGE ( 'NONE', *, *, #7048, .F. ) ;
#461 = EDGE_LOOP ( 'NONE', ( #230, #6400, #6599, #3465 ) ) ;
#462 = VECTOR ( 'NONE', #5564, 1000.000000000000000 ) ;
#463 = AXIS2_PLACEMENT_3D ( 'NONE', #1783, #6395, #3431 ) ;
#464 = CARTESIAN_POINT ( 'NONE',  ( -6.800000000000000711, 3.240000000000000657, -1.224999999999999867 ) ) ;
#465 = ORIENTED_EDGE ( 'NONE', *, *, #2129, .F. ) ;
#466 = FACE_OUTER_BOUND ( 'NONE', #2463, .T. ) ;
#467 = ORIENTED_EDGE ( 'NONE', *, *, #968, .F. ) ;
#468 = LINE ( 'NONE', #2372, #4523 ) ;
#469 = AXIS2_PLACEMENT_3D ( 'NONE', #5445, #4294, #3714 ) ;
#470 = CARTESIAN_POINT ( 'NONE',  ( -7.575000000000000178, 4.250000000000000000, 2.024999999999999911 ) ) ;
#471 = AXIS2_PLACEMENT_3D ( 'NONE', #764, #1863, #63 ) ;
#472 = ORIENTED_EDGE ( 'NONE', *, *, #3862, .F. ) ;
#473 = PLANE ( 'NONE',  #1651 ) ;
#474 = EDGE_CURVE ( 'NONE', #7284, #5658, #2587, .T. ) ;
#475 = ORIENTED_EDGE ( 'NONE', *, *, #7454, .F. ) ;
#476 = EDGE_CURVE ( 'NONE', #1962, #6340, #3561, .T. ) ;
#477 = CARTESIAN_POINT ( 'NONE',  ( -5.724999999999999645, 0.5500000000000000444, 1.824999999999999956 ) ) ;
#478 = ORIENTED_EDGE ( 'NONE', *, *, #5744, .F. ) ;
#479 = DIRECTION ( 'NONE',  ( 1.000000000000000000, -0.000000000000000000, -0.000000000000000000 ) ) ;
#480 = DIRECTION ( 'NONE',  ( 0.000000000000000000, 1.000000000000000000, 0.000000000000000000 ) ) ;
#481 = PLANE ( 'NONE',  #294 ) ;
#482 = VERTEX_POINT ( 'NONE', #5288 ) ;
#483 = CARTESIAN_POINT ( 'NONE',  ( -2.812500000000000888, 2.255000000000000338, 2.024999999999999911 ) ) ;
#484 = ADVANCED_FACE ( 'NONE', ( #2414 ), #6409, .F. ) ;
#485 = EDGE_CURVE ( 'NONE', #4815, #4560, #4708, .T. ) ;
#486 = CARTESIAN_POINT ( 'NONE',  ( -4.687500000000000000, 2.255000000000000338, 2.024999999999999911 ) ) ;
#487 = DIRECTION ( 'NONE',  ( -1.000000000000000000, 0.000000000000000000, 0.000000000000000000 ) ) ;
#488 = DIRECTION ( 'NONE',  ( -1.000000000000000000, 0.000000000000000000, -0.000000000000000000 ) ) ;
#489 =( NAMED_UNIT ( * ) PLANE_ANGLE_UNIT ( ) SI_UNIT ( $, .RADIAN. ) );
#490 = VECTOR ( 'NONE', #1486, 1000.000000000000000 ) ;
#491 = LINE ( 'NONE', #7552, #2159 ) ;
#492 = EDGE_LOOP ( 'NONE', ( #1876, #85, #6284, #7216 ) ) ;
#493 = FACE_OUTER_BOUND ( 'NONE', #2685, .T. ) ;
#494 = VERTEX_POINT ( 'NONE', #4792 ) ;
#495 = ORIENTED_EDGE ( 'NONE', *, *, #4083, .F. ) ;
#496 = DIRECTION ( 'NONE',  ( -1.226634733346698916E-15, 0.7071067811865474617, -0.7071067811865474617 ) ) ;
#497 = CARTESIAN_POINT ( 'NONE',  ( -1.250000000000001110, 3.965000000000001634, 0.6399999999999999023 ) ) ;
#498 = CARTESIAN_POINT ( 'NONE',  ( -5.724999999999999645, 1.080000000000000071, 1.378567737020260031 ) ) ;
#499 = DIRECTION ( 'NONE',  ( -1.533293416683373645E-15, -0.7071067811865474617, -0.7071067811865474617 ) ) ;
#501 = ORIENTED_EDGE ( 'NONE', *, *, #3869, .T. ) ;
#500 = VECTOR ( 'NONE', #2550, 1000.000000000000000 ) ;
#502 = SURFACE_SIDE_STYLE ('',( #7606 ) ) ;
#503 = ORIENTED_EDGE ( 'NONE', *, *, #5304, .T. ) ;
#504 = CARTESIAN_POINT ( 'NONE',  ( -7.875000000000000000, 1.903000000000000025, -1.334999999999999742 ) ) ;
#505 = ORIENTED_EDGE ( 'NONE', *, *, #4663, .T. ) ;
#506 = DIRECTION ( 'NONE',  ( 1.000000000000000000, 0.000000000000000000, 0.000000000000000000 ) ) ;
#507 = CARTESIAN_POINT ( 'NONE',  ( -5.724999999999999645, 1.498933982822020061, 1.106801948466051844 ) ) ;
#508 = ADVANCED_FACE ( 'NONE', ( #1205 ), #3517, .F. ) ;
#509 = EDGE_LOOP ( 'NONE', ( #7144, #7318, #234, #2214 ) ) ;
#510 = LINE ( 'NONE', #7625, #6959 ) ;
#511 = ORIENTED_EDGE ( 'NONE', *, *, #3442, .F. ) ;
#512 = DIRECTION ( 'NONE',  ( -1.000000000000000000, 0.000000000000000000, 0.000000000000000000 ) ) ;
#513 = EDGE_CURVE ( 'NONE', #1899, #3792, #1241, .T. ) ;
#514 = ADVANCED_FACE ( 'NONE', ( #5324 ), #4096, .F. ) ;
#515 = ORIENTED_EDGE ( 'NONE', *, *, #2362, .T. ) ;
#516 = AXIS2_PLACEMENT_3D ( 'NONE', #4926, #6113, #805 ) ;
#517 = LINE ( 'NONE', #4755, #6871 ) ;
#518 = ORIENTED_EDGE ( 'NONE', *, *, #6742, .F. ) ;
#519 = DIRECTION ( 'NONE',  ( 1.000000000000000000, 0.000000000000000000, 0.000000000000000000 ) ) ;
#520 = CARTESIAN_POINT ( 'NONE',  ( -7.605000000000000426, 0.8499999999999992006, 1.949999999999999289 ) ) ;
#521 = PLANE ( 'NONE',  #2677 ) ;
#522 = AXIS2_PLACEMENT_3D ( 'NONE', #6403, #3438, #2260 ) ;
#523 = FACE_OUTER_BOUND ( 'NONE', #7584, .T. ) ;
#524 = EDGE_CURVE ( 'NONE', #6143, #494, #6446, .T. ) ;
#525 = EDGE_CURVE ( 'NONE', #4603, #494, #2339, .T. ) ;
#526 = ADVANCED_FACE ( 'NONE', ( #7621 ), #4133, .T. ) ;
#527 = ORIENTED_EDGE ( 'NONE', *, *, #2386, .F. ) ;
#528 = CARTESIAN_POINT ( 'NONE',  ( -5.724999999999999645, 1.454999999999999849, 1.212867965644033985 ) ) ;
#529 = ORIENTED_EDGE ( 'NONE', *, *, #198, .F. ) ;
#530 = VECTOR ( 'NONE', #5591, 1000.000000000000000 ) ;
#531 = ORIENTED_EDGE ( 'NONE', *, *, #4995, .F. ) ;
#532 = CARTESIAN_POINT ( 'NONE',  ( -8.750000000000000000, 3.965000000000001634, 2.024999999999999911 ) ) ;
#533 = LINE ( 'NONE', #2919, #2775 ) ;
#534 = DIRECTION ( 'NONE',  ( 0.000000000000000000, 0.000000000000000000, -1.000000000000000000 ) ) ;
#535 = ADVANCED_FACE ( 'NONE', ( #7110 ), #1844, .T. ) ;
#536 = VECTOR ( 'NONE', #5436, 1000.000000000000000 ) ;
#537 = EDGE_CURVE ( 'NONE', #28, #4115, #1994, .T. ) ;
#538 = EDGE_LOOP ( 'NONE', ( #302, #7578, #4786, #6429, #381, #295, #1502, #4493, #3807 ) ) ;
#539 = VERTEX_POINT ( 'NONE', #2651 ) ;
#540 = ORIENTED_EDGE ( 'NONE', *, *, #2865, .T. ) ;
#541 = ORIENTED_EDGE ( 'NONE', *, *, #3118, .T. ) ;
#542 = DIRECTION ( 'NONE',  ( -0.000000000000000000, -0.7071067811865474617, -0.7071067811865474617 ) ) ;
#543 = ORIENTED_EDGE ( 'NONE', *, *, #4233, .F. ) ;
#544 = DIRECTION ( 'NONE',  ( 0.000000000000000000, 0.000000000000000000, -1.000000000000000000 ) ) ;
#545 = VECTOR ( 'NONE', #6235, 1000.000000000000000 ) ;
#546 = DIRECTION ( 'NONE',  ( 1.000000000000000000, 0.000000000000000000, 0.000000000000000000 ) ) ;
#547 = ORIENTED_EDGE ( 'NONE', *, *, #7467, .T. ) ;
#548 = AXIS2_PLACEMENT_3D ( 'NONE', #7051, #6425, #4113 ) ;
#549 = EDGE_LOOP ( 'NONE', ( #7424, #3171, #7069, #5055 ) ) ;
#550 = SHAPE_REPRESENTATION ( 'SMxB-GHS-TB_03', ( #7217 ), #184 ) ;
#551 = DIRECTION ( 'NONE',  ( 0.000000000000000000, 1.000000000000000000, 0.000000000000000000 ) ) ;
#552 = VERTEX_POINT ( 'NONE', #1437 ) ;
#553 = DIRECTION ( 'NONE',  ( 0.000000000000000000, 1.000000000000000000, 0.000000000000000000 ) ) ;
#554 = VERTEX_POINT ( 'NONE', #4976 ) ;
#555 = AXIS2_PLACEMENT_3D ( 'NONE', #6223, #2050, #1450 ) ;
#556 = LINE ( 'NONE', #3567, #1807 ) ;
#557 = EDGE_LOOP ( 'NONE', ( #2586, #5959, #3360, #7102, #1588, #7064 ) ) ;
#558 = CARTESIAN_POINT ( 'NONE',  ( -0.8750000000000007772, 1.903000000000000025, -2.024999999999999467 ) ) ;
#559 = LINE ( 'NONE', #5950, #5739 ) ;
#560 = ADVANCED_FACE ( 'NONE', ( #6747 ), #7185, .T. ) ;
#561 = DIRECTION ( 'NONE',  ( 1.000000000000000000, 1.197572355469997778E-16, 0.000000000000000000 ) ) ;
#562 = CARTESIAN_POINT ( 'NONE',  ( 4.375000000000000000, -4.237045877651918877E-30, 0.02292814286300606796 ) ) ;
#563 = LINE ( 'NONE', #5263, #2532 ) ;
#564 = ORIENTED_EDGE ( 'NONE', *, *, #2479, .F. ) ;
#565 = AXIS2_PLACEMENT_3D ( 'NONE', #3685, #2588, #4342 ) ;
#566 = DIRECTION ( 'NONE',  ( -0.000000000000000000, -0.7071067811865491270, -0.7071067811865459074 ) ) ;
#567 = PLANE ( 'NONE',  #2763 ) ;
#568 = VERTEX_POINT ( 'NONE', #197 ) ;
#569 = ORIENTED_EDGE ( 'NONE', *, *, #7383, .T. ) ;
#570 = DIRECTION ( 'NONE',  ( 0.000000000000000000, -1.000000000000000000, 5.706327223607912624E-16 ) ) ;
#571 = ADVANCED_FACE ( 'NONE', ( #2534 ), #822, .T. ) ;
#572 = CARTESIAN_POINT ( 'NONE',  ( -7.375000000000000888, 0.4800000000000000377, -0.2750000000000000777 ) ) ;
#573 = EDGE_CURVE ( 'NONE', #7418, #22, #3207, .T. ) ;
#574 = DIRECTION ( 'NONE',  ( 1.000000000000000000, 0.000000000000000000, 0.000000000000000000 ) ) ;
#575 = CARTESIAN_POINT ( 'NONE',  ( -4.687500000000000000, 0.000000000000000000, 0.06499999999999994671 ) ) ;
#576 = LINE ( 'NONE', #1742, #1029 ) ;
#577 = ORIENTED_EDGE ( 'NONE', *, *, #5176, .T. ) ;
#578 = ORIENTED_EDGE ( 'NONE', *, *, #3733, .T. ) ;
#579 = VECTOR ( 'NONE', #733, 1000.000000000000114 ) ;
#580 = ORIENTED_EDGE ( 'NONE', *, *, #6182, .T. ) ;
#581 = EDGE_LOOP ( 'NONE', ( #5851, #3440, #6977, #7263, #3322, #7624, #3745, #1837, #270, #39, #65, #3734, #5650, #5897 ) ) ;
#582 = CARTESIAN_POINT ( 'NONE',  ( -7.375000000000000888, 0.4800000000000000377, 2.024999999999999911 ) ) ;
#583 = EDGE_CURVE ( 'NONE', #5622, #3819, #1960, .T. ) ;
#584 = CARTESIAN_POINT ( 'NONE',  ( -7.275000000000000355, 0.4800000000000017031, -0.2750000000000000777 ) ) ;
#585 = ADVANCED_FACE ( 'NONE', ( #6633 ), #6171, .T. ) ;
#586 = PLANE ( 'NONE',  #1579 ) ;
#587 = VECTOR ( 'NONE', #1840, 1000.000000000000000 ) ;
#588 = CARTESIAN_POINT ( 'NONE',  ( -8.750000000000000000, 3.325000000000000178, 0.06499999999999994671 ) ) ;
#589 = ORIENTED_EDGE ( 'NONE', *, *, #824, .T. ) ;
#590 = DIRECTION ( 'NONE',  ( 0.000000000000000000, 0.000000000000000000, -1.000000000000000000 ) ) ;
#591 = VECTOR ( 'NONE', #6911, 1000.000000000000000 ) ;
#592 = ORIENTED_EDGE ( 'NONE', *, *, #4519, .T. ) ;
#593 = DIRECTION ( 'NONE',  ( 1.000000000000000000, 0.000000000000000000, 0.000000000000000000 ) ) ;
#594 = DIRECTION ( 'NONE',  ( 0.000000000000000000, -1.000000000000000000, 0.000000000000000000 ) ) ;
#595 = ORIENTED_EDGE ( 'NONE', *, *, #4153, .T. ) ;
#596 = CARTESIAN_POINT ( 'NONE',  ( 0.000000000000000000, 2.760000000000000231, 1.824999999999999289 ) ) ;
#597 = CARTESIAN_POINT ( 'NONE',  ( -7.275000000000000355, 2.209999999999999520, 1.324999999999999734 ) ) ;
#598 = CARTESIAN_POINT ( 'NONE',  ( -7.375000000000000888, -1.828238918348616824E-15, -0.1250000000000009992 ) ) ;
#599 = CARTESIAN_POINT ( 'NONE',  ( -3.025000000000000799, 1.030000000000000027, -2.024999999999999911 ) ) ;
#600 = ITEM_DEFINED_TRANSFORMATION ( 'NONE', 'NONE', #6007,  #7217 ) ;
#601 = CARTESIAN_POINT ( 'NONE',  ( -5.525000000000000355, 0.2999999999999999889, -2.324999999999999734 ) ) ;
#602 = ADVANCED_FACE ( 'NONE', ( #233 ), #3790, .F. ) ;
#603 = EDGE_CURVE ( 'NONE', #5704, #5182, #787, .T. ) ;
#604 = VERTEX_POINT ( 'NONE', #4866 ) ;
#605 = CARTESIAN_POINT ( 'NONE',  ( -0.8750000000000007772, 0.000000000000000000, -0.2750000000000000777 ) ) ;
#606 = DIRECTION ( 'NONE',  ( -1.000000000000000000, -1.197572355469997778E-16, 0.000000000000000000 ) ) ;
#607 = VERTEX_POINT ( 'NONE', #6015 ) ;
#608 = ORIENTED_EDGE ( 'NONE', *, *, #5325, .F. ) ;
#609 = CARTESIAN_POINT ( 'NONE',  ( -7.875000000000000000, 1.030000000000000027, -1.464999999999999636 ) ) ;
#610 = CARTESIAN_POINT ( 'NONE',  ( 0.000000000000000000, 1.937842712474619811, 1.625000000000000000 ) ) ;
#611 = CARTESIAN_POINT ( 'NONE',  ( -4.062500000000003553, 0.04750000000000488554, 0.01750000000000387357 ) ) ;
#612 = VERTEX_POINT ( 'NONE', #6593 ) ;
#613 = EDGE_CURVE ( 'NONE', #5974, #4784, #2033, .T. ) ;
#614 = VERTEX_POINT ( 'NONE', #4402 ) ;
#615 = PRODUCT_RELATED_PRODUCT_CATEGORY ( 'part', '', ( #1792 ) ) ;
#616 = VECTOR ( 'NONE', #3247, 1000.000000000000000 ) ;
#617 = ORIENTED_EDGE ( 'NONE', *, *, #3148, .T. ) ;
#618 = ORIENTED_EDGE ( 'NONE', *, *, #1801, .F. ) ;
#619 = FACE_OUTER_BOUND ( 'NONE', #3187, .T. ) ;
#620 = EDGE_LOOP ( 'NONE', ( #6041, #1095, #7161, #1354 ) ) ;
#621 = DIRECTION ( 'NONE',  ( 1.000000000000000000, -1.136281752823236226E-16, 0.000000000000000000 ) ) ;
#622 = CARTESIAN_POINT ( 'NONE',  ( -8.194767476705232312, 2.255000000000000338, 0.06499999999999994671 ) ) ;
#623 = DIRECTION ( 'NONE',  ( 0.000000000000000000, -1.000000000000000000, 0.000000000000000000 ) ) ;
#624 = DIRECTION ( 'NONE',  ( -1.000000000000000000, 0.000000000000000000, 0.000000000000000000 ) ) ;
#625 = EDGE_CURVE ( 'NONE', #2749, #2215, #6091, .T. ) ;
#626 = ADVANCED_FACE ( 'NONE', ( #6706 ), #3676, .F. ) ;
#627 = VECTOR ( 'NONE', #4929, 1000.000000000000000 ) ;
#628 = ORIENTED_EDGE ( 'NONE', *, *, #3347, .F. ) ;
#629 = DIRECTION ( 'NONE',  ( -0.000000000000000000, -1.000000000000000000, -0.000000000000000000 ) ) ;
#630 = VERTEX_POINT ( 'NONE', #3753 ) ;
#631 = CARTESIAN_POINT ( 'NONE',  ( -1.024999999999999023, 2.209999999999999520, 1.324999999999999734 ) ) ;
#632 = ORIENTED_EDGE ( 'NONE', *, *, #7235, .T. ) ;
#633 = FACE_OUTER_BOUND ( 'NONE', #814, .T. ) ;
#634 = DIRECTION ( 'NONE',  ( 0.000000000000000000, 0.000000000000000000, 1.000000000000000000 ) ) ;
#635 = DIRECTION ( 'NONE',  ( -1.000000000000000000, 0.000000000000000000, 0.000000000000000000 ) ) ;
#636 = DIRECTION ( 'NONE',  ( 0.000000000000000000, 0.000000000000000000, -1.000000000000000000 ) ) ;
#637 = VECTOR ( 'NONE', #5062, 1000.000000000000000 ) ;
#638 = VERTEX_POINT ( 'NONE', #4365 ) ;
#639 = DIRECTION ( 'NONE',  ( 0.000000000000000000, 1.000000000000000000, 0.000000000000000000 ) ) ;
#640 = CARTESIAN_POINT ( 'NONE',  ( -7.875000000000000000, 2.209999999999999520, 1.324999999999999734 ) ) ;
#641 = VERTEX_POINT ( 'NONE', #6673 ) ;
#642 = ORIENTED_EDGE ( 'NONE', *, *, #1006, .T. ) ;
#643 = LINE ( 'NONE', #2398, #2659 ) ;
#644 = DIRECTION ( 'NONE',  ( 1.000000000000000000, -0.000000000000000000, -0.000000000000000000 ) ) ;
#645 = CIRCLE ( 'NONE', #516, 0.1499999999999999667 ) ;
#646 = EDGE_CURVE ( 'NONE', #4559, #5482, #4334, .T. ) ;
#647 = CARTESIAN_POINT ( 'NONE',  ( -7.500000000000000000, 3.965000000000001634, 0.6399999999999999023 ) ) ;
#648 = CARTESIAN_POINT ( 'NONE',  ( -2.310000000000003162, 3.820000000000000728, -2.024999999999999911 ) ) ;
#649 = ORIENTED_EDGE ( 'NONE', *, *, #3052, .F. ) ;
#650 = VERTEX_POINT ( 'NONE', #3127 ) ;
#651 = VECTOR ( 'NONE', #3367, 1000.000000000000114 ) ;
#652 = CIRCLE ( 'NONE', #1016, 0.1499999999999999667 ) ;
#653 = VECTOR ( 'NONE', #4210, 1000.000000000000000 ) ;
#654 = EDGE_LOOP ( 'NONE', ( #1512, #1280, #6325, #7438 ) ) ;
#655 = EDGE_LOOP ( 'NONE', ( #6722, #3509, #6926, #6767 ) ) ;
#656 = LINE ( 'NONE', #820, #6850 ) ;
#657 = LINE ( 'NONE', #3082, #1131 ) ;
#658 = EDGE_CURVE ( 'NONE', #5200, #6205, #3169, .T. ) ;
#659 = CARTESIAN_POINT ( 'NONE',  ( -4.275000000000000355, 0.7800000000000002487, 0.06499999999999994671 ) ) ;
#660 = AXIS2_PLACEMENT_3D ( 'NONE', #1804, #2343, #551 ) ;
#661 = ORIENTED_EDGE ( 'NONE', *, *, #7564, .T. ) ;
#662 = AXIS2_PLACEMENT_3D ( 'NONE', #1117, #3506, #5346 ) ;
#663 = VERTEX_POINT ( 'NONE', #1396 ) ;
#664 = LINE ( 'NONE', #1926, #6836 ) ;
#665 = ORIENTED_EDGE ( 'NONE', *, *, #2995, .T. ) ;
#666 = DIRECTION ( 'NONE',  ( 1.000000000000000000, 0.000000000000000000, 0.000000000000000000 ) ) ;
#667 = EDGE_CURVE ( 'NONE', #607, #4337, #380, .T. ) ;
#668 = CARTESIAN_POINT ( 'NONE',  ( -0.8750000000000007772, 0.3399999999999997469, -1.315000000000000169 ) ) ;
#669 = VECTOR ( 'NONE', #6120, 1000.000000000000000 ) ;
#670 = AXIS2_PLACEMENT_3D ( 'NONE', #2688, #6244, #4437 ) ;
#671 = ORIENTED_EDGE ( 'NONE', *, *, #646, .T. ) ;
#672 = DIRECTION ( 'NONE',  ( 1.000000000000000000, -0.000000000000000000, -0.000000000000000000 ) ) ;
#673 = ORIENTED_EDGE ( 'NONE', *, *, #7416, .T. ) ;
#674 = CARTESIAN_POINT ( 'NONE',  ( -1.375000000000001332, 3.500000000000000444, -1.334999999999999742 ) ) ;
#675 = CIRCLE ( 'NONE', #1541, 0.1499999999999999667 ) ;
#676 = DIRECTION ( 'NONE',  ( -1.000000000000000000, 0.000000000000000000, 0.000000000000000000 ) ) ;
#677 = EDGE_CURVE ( 'NONE', #7611, #1727, #2759, .T. ) ;
#678 = DIRECTION ( 'NONE',  ( 0.000000000000000000, 0.7071067811865474617, -0.7071067811865475727 ) ) ;
#679 = EDGE_CURVE ( 'NONE', #2290, #4857, #6887, .T. ) ;
#680 = PLANE ( 'NONE',  #2802 ) ;
#681 = AXIS2_PLACEMENT_3D ( 'NONE', #3458, #2872, #5226 ) ;
#682 = CARTESIAN_POINT ( 'NONE',  ( -0.8750000000000007772, 0.000000000000000000, -1.315000000000000169 ) ) ;
#683 = AXIS2_PLACEMENT_3D ( 'NONE', #2009, #4375, #3730 ) ;
#684 = VERTEX_POINT ( 'NONE', #5087 ) ;
#685 = DIRECTION ( 'NONE',  ( 1.000000000000000000, 0.000000000000000000, 0.000000000000000000 ) ) ;
#686 = VERTEX_POINT ( 'NONE', #2139 ) ;
#687 = ORIENTED_EDGE ( 'NONE', *, *, #4111, .T. ) ;
#688 = FACE_OUTER_BOUND ( 'NONE', #6170, .T. ) ;
#689 = LINE ( 'NONE', #2477, #4770 ) ;
#690 = DIRECTION ( 'NONE',  ( 0.000000000000000000, 0.000000000000000000, -1.000000000000000000 ) ) ;
#691 = VECTOR ( 'NONE', #2471, 1000.000000000000000 ) ;
#692 = VERTEX_POINT ( 'NONE', #1552 ) ;
#693 = ORIENTED_EDGE ( 'NONE', *, *, #783, .F. ) ;
#694 = ORIENTED_EDGE ( 'NONE', *, *, #5541, .F. ) ;
#695 = EDGE_LOOP ( 'NONE', ( #1582, #1811, #4724, #1428 ) ) ;
#696 = DIRECTION ( 'NONE',  ( -1.000000000000000000, 0.000000000000000000, 0.000000000000000000 ) ) ;
#697 = CARTESIAN_POINT ( 'NONE',  ( -1.145000000000000240, 1.759999999999999121, 1.274999999999999911 ) ) ;
#698 = LINE ( 'NONE', #4863, #5358 ) ;
#699 = CARTESIAN_POINT ( 'NONE',  ( -0.8750000000000007772, 3.500000000000000444, 0.000000000000000000 ) ) ;
#700 = ORIENTED_EDGE ( 'NONE', *, *, #6172, .F. ) ;
#701 = DIRECTION ( 'NONE',  ( -1.136281752823236226E-16, 1.000000000000000000, 0.000000000000000000 ) ) ;
#702 = VECTOR ( 'NONE', #7172, 1000.000000000000000 ) ;
#703 = EDGE_CURVE ( 'NONE', #3316, #692, #1593, .T. ) ;
#704 = ORIENTED_EDGE ( 'NONE', *, *, #5414, .F. ) ;
#705 = PLANE ( 'NONE',  #902 ) ;
#706 = EDGE_LOOP ( 'NONE', ( #5956, #3565, #6111, #178, #4 ) ) ;
#707 = MANIFOLD_SOLID_BREP ( 'Lateral Tab 1', #6528 ) ;
#708 = DIRECTION ( 'NONE',  ( 0.000000000000000000, 0.000000000000000000, -1.000000000000000000 ) ) ;
#709 = CARTESIAN_POINT ( 'NONE',  ( -6.363749999999999574, 2.255000000000000338, 0.06499999999999994671 ) ) ;
#710 = PLANE ( 'NONE',  #3950 ) ;
#711 = VERTEX_POINT ( 'NONE', #4431 ) ;
#712 = VECTOR ( 'NONE', #293, 1000.000000000000000 ) ;
#713 = ADVANCED_FACE ( 'NONE', ( #2684 ), #5813, .F. ) ;
#714 = PLANE ( 'NONE',  #196 ) ;
#715 = LINE ( 'NONE', #1936, #6311 ) ;
#716 = DIRECTION ( 'NONE',  ( -1.000000000000000000, 0.000000000000000000, 0.000000000000000000 ) ) ;
#717 = DIRECTION ( 'NONE',  ( 1.000000000000000000, 0.000000000000000000, -0.000000000000000000 ) ) ;
#718 = APPLICATION_PROTOCOL_DEFINITION ( 'draft international standard', 'automotive_design', 1998, #7099 ) ;
#719 = LINE ( 'NONE', #4376, #3658 ) ;
#720 = MANIFOLD_SOLID_BREP ( 'Mirror1[2]', #1703 ) ;
#721 = ORIENTED_EDGE ( 'NONE', *, *, #537, .F. ) ;
#722 = ADVANCED_FACE ( 'NONE', ( #2839 ), #372, .T. ) ;
#723 = ORIENTED_EDGE ( 'NONE', *, *, #2329, .F. ) ;
#724 = EDGE_CURVE ( 'NONE', #2849, #6212, #992, .T. ) ;
#725 = ADVANCED_FACE ( 'NONE', ( #2062 ), #3889, .T. ) ;
#726 = CARTESIAN_POINT ( 'NONE',  ( -1.145000000000000240, 0.1499999999999998002, -0.2750000000000000777 ) ) ;
#727 = CARTESIAN_POINT ( 'NONE',  ( -3.225000000000000533, 0.000000000000000000, 0.06499999999999994671 ) ) ;
#728 = AXIS2_PLACEMENT_3D ( 'NONE', #4813, #7130, #7162 ) ;
#729 = FACE_OUTER_BOUND ( 'NONE', #1071, .T. ) ;
#730 = ORIENTED_EDGE ( 'NONE', *, *, #7467, .F. ) ;
#731 = CARTESIAN_POINT ( 'NONE',  ( -0.8750000000000007772, 1.903000000000000025, 0.000000000000000000 ) ) ;
#732 = FACE_OUTER_BOUND ( 'NONE', #3987, .T. ) ;
#733 = DIRECTION ( 'NONE',  ( 0.5000000000000003331, 0.000000000000000000, -0.8660254037844383745 ) ) ;
#734 = DIRECTION ( 'NONE',  ( 0.000000000000000000, -0.000000000000000000, 1.000000000000000000 ) ) ;
#735 = ORIENTED_EDGE ( 'NONE', *, *, #6779, .F. ) ;
#736 = ORIENTED_EDGE ( 'NONE', *, *, #2573, .T. ) ;
#737 = ORIENTED_EDGE ( 'NONE', *, *, #4377, .T. ) ;
#738 = DIRECTION ( 'NONE',  ( 0.000000000000000000, -1.000000000000000000, 9.239047059953170954E-17 ) ) ;
#739 = ORIENTED_EDGE ( 'NONE', *, *, #8, .F. ) ;
#740 = LINE ( 'NONE', #6554, #1798 ) ;
#741 = LINE ( 'NONE', #6670, #1265 ) ;
#742 = CARTESIAN_POINT ( 'NONE',  ( -1.375000000000001332, 1.903000000000000025, -1.334999999999999742 ) ) ;
#743 = ORIENTED_EDGE ( 'NONE', *, *, #2867, .T. ) ;
#744 = VECTOR ( 'NONE', #5027, 1000.000000000000000 ) ;
#745 = DIRECTION ( 'NONE',  ( -1.000000000000000000, -1.197572355469997778E-16, 0.000000000000000000 ) ) ;
#746 = ORIENTED_EDGE ( 'NONE', *, *, #6104, .T. ) ;
#747 = CARTESIAN_POINT ( 'NONE',  ( -7.605000000000000426, 1.719999999999999529, 1.949999999999998623 ) ) ;
#748 = ORIENTED_EDGE ( 'NONE', *, *, #6825, .T. ) ;
#749 = FACE_BOUND ( 'NONE', #695, .T. ) ;
#750 = EDGE_CURVE ( 'NONE', #1946, #3001, #5720, .T. ) ;
#751 = EDGE_CURVE ( 'NONE', #817, #6758, #885, .T. ) ;
#752 = CARTESIAN_POINT ( 'NONE',  ( -7.605000000000000426, -1.781481197162711565E-15, 1.875000000000000888 ) ) ;
#753 = DIRECTION ( 'NONE',  ( 0.5773502691896240657, -0.5773502691896266192, 0.5773502691896266192 ) ) ;
#754 = ORIENTED_EDGE ( 'NONE', *, *, #525, .F. ) ;
#755 = VECTOR ( 'NONE', #7397, 1000.000000000000000 ) ;
#756 = CARTESIAN_POINT ( 'NONE',  ( -1.375000000000000444, 0.1499999999999974964, 2.024999999999999911 ) ) ;
#757 = DIRECTION ( 'NONE',  ( 0.000000000000000000, -1.000000000000000000, 0.000000000000000000 ) ) ;
#758 = CARTESIAN_POINT ( 'NONE',  ( -5.724999999999999645, 0.7800000000000001377, 0.06499999999999994671 ) ) ;
#759 = DIRECTION ( 'NONE',  ( 0.000000000000000000, 0.000000000000000000, -1.000000000000000000 ) ) ;
#760 = EDGE_CURVE ( 'NONE', #663, #4948, #5621, .T. ) ;
#761 = CARTESIAN_POINT ( 'NONE',  ( -7.500000000000000000, 3.500000000000000444, 0.06499999999999994671 ) ) ;
#762 = DIRECTION ( 'NONE',  ( 0.000000000000000000, 0.000000000000000000, 1.000000000000000000 ) ) ;
#763 = ORIENTED_EDGE ( 'NONE', *, *, #573, .F. ) ;
#764 = CARTESIAN_POINT ( 'NONE',  ( -6.790000000000000036, 0.000000000000000000, 0.06499999999999994671 ) ) ;
#765 = CARTESIAN_POINT ( 'NONE',  ( -4.275000000000000355, 2.085000000000000409, -1.464999999999999636 ) ) ;
#766 = VERTEX_POINT ( 'NONE', #305 ) ;
#767 = CARTESIAN_POINT ( 'NONE',  ( -6.801350639285898225, 4.190000000000000391, 2.024999999999999911 ) ) ;
#768 = CARTESIAN_POINT ( 'NONE',  ( -3.025000000000000799, 0.000000000000000000, -2.024999999999999911 ) ) ;
#769 = EDGE_CURVE ( 'NONE', #2794, #2595, #926, .T. ) ;
#770 = UNCERTAINTY_MEASURE_WITH_UNIT (LENGTH_MEASURE( 1.000000000000000082E-05 ), #3423, 'distance_accuracy_value', 'NONE');
#771 = ADVANCED_FACE ( 'NONE', ( #3376 ), #5043, .F. ) ;
#772 = VECTOR ( 'NONE', #1604, 1000.000000000000000 ) ;
#773 = CARTESIAN_POINT ( 'NONE',  ( -3.225000000000000533, 1.630000000000000560, -2.024999999999999911 ) ) ;
#774 = DIRECTION ( 'NONE',  ( -1.000000000000000000, 0.000000000000000000, 0.000000000000000000 ) ) ;
#775 = VERTEX_POINT ( 'NONE', #413 ) ;
#776 = ORIENTED_EDGE ( 'NONE', *, *, #2623, .F. ) ;
#777 = ORIENTED_EDGE ( 'NONE', *, *, #6419, .F. ) ;
#778 = DIRECTION ( 'NONE',  ( 0.000000000000000000, -0.000000000000000000, -1.000000000000000000 ) ) ;
#779 = CARTESIAN_POINT ( 'NONE',  ( -1.375000000000001332, 0.000000000000000000, -1.334999999999999742 ) ) ;
#780 = EDGE_CURVE ( 'NONE', #6341, #2750, #2715, .T. ) ;
#781 = LINE ( 'NONE', #2723, #5657 ) ;
#782 = EDGE_CURVE ( 'NONE', #7392, #2111, #5922, .T. ) ;
#783 = EDGE_CURVE ( 'NONE', #6387, #775, #7055, .T. ) ;
#784 =( GEOMETRIC_REPRESENTATION_CONTEXT ( 3 ) GLOBAL_UNCERTAINTY_ASSIGNED_CONTEXT ( ( #2792 ) ) GLOBAL_UNIT_ASSIGNED_CONTEXT ( ( #4876, #3686, #3098 ) ) REPRESENTATION_CONTEXT ( 'NONE', 'WORKASPACE' ) );
#785 = ORIENTED_EDGE ( 'NONE', *, *, #658, .T. ) ;
#786 = VECTOR ( 'NONE', #2687, 1000.000000000000000 ) ;
#787 = LINE ( 'NONE', #1319, #7630 ) ;
#788 = ORIENTED_EDGE ( 'NONE', *, *, #958, .F. ) ;
#789 = ORIENTED_EDGE ( 'NONE', *, *, #3483, .F. ) ;
#790 = AXIS2_PLACEMENT_3D ( 'NONE', #322, #5060, #5097 ) ;
#791 = DIRECTION ( 'NONE',  ( 1.000000000000000000, -0.000000000000000000, -0.000000000000000000 ) ) ;
#792 = DIRECTION ( 'NONE',  ( 0.000000000000000000, 1.000000000000000000, 0.000000000000000000 ) ) ;
#793 = LINE ( 'NONE', #2498, #7492 ) ;
#795 = ORIENTED_EDGE ( 'NONE', *, *, #5674, .T. ) ;
#794 = VECTOR ( 'NONE', #4855, 1000.000000000000000 ) ;
#796 = VECTOR ( 'NONE', #5227, 1000.000000000000000 ) ;
#797 = DIRECTION ( 'NONE',  ( 0.5000000000000003331, 0.000000000000000000, 0.8660254037844383745 ) ) ;
#798 = DIRECTION ( 'NONE',  ( -0.000000000000000000, 0.000000000000000000, 1.000000000000000000 ) ) ;
#799 = CARTESIAN_POINT ( 'NONE',  ( -1.735000000000000320, 4.250000000000000000, 0.09499999999999961253 ) ) ;
#800 = VECTOR ( 'NONE', #3986, 999.9999999999998863 ) ;
#801 = FACE_OUTER_BOUND ( 'NONE', #6622, .T. ) ;
#802 = DIRECTION ( 'NONE',  ( 0.000000000000000000, 1.000000000000000000, 0.000000000000000000 ) ) ;
#803 = ORIENTED_EDGE ( 'NONE', *, *, #1289, .F. ) ;
#804 = FACE_OUTER_BOUND ( 'NONE', #4596, .T. ) ;
#805 = DIRECTION ( 'NONE',  ( 0.000000000000000000, -7.950815931560366901E-15, -1.000000000000000000 ) ) ;
#806 = ADVANCED_FACE ( 'NONE', ( #493 ), #4690, .T. ) ;
#807 = CARTESIAN_POINT ( 'NONE',  ( -5.724999999999999645, 0.5050000000000000044, -1.584999999999999964 ) ) ;
#808 = VERTEX_POINT ( 'NONE', #2916 ) ;
#809 = CARTESIAN_POINT ( 'NONE',  ( -5.525000000000000355, 0.5500000000000000444, 1.824999999999999956 ) ) ;
#810 =( NAMED_UNIT ( * ) SI_UNIT ( $, .STERADIAN. ) SOLID_ANGLE_UNIT ( ) );
#811 = VECTOR ( 'NONE', #7126, 1000.000000000000000 ) ;
#812 = CARTESIAN_POINT ( 'NONE',  ( -1.960000000000000853, 0.7799999999999999156, 1.824999999999999289 ) ) ;
#813 = ORIENTED_EDGE ( 'NONE', *, *, #6483, .T. ) ;
#814 = EDGE_LOOP ( 'NONE', ( #4613, #6197, #6165, #6160 ) ) ;
#815 = VECTOR ( 'NONE', #7194, 1000.000000000000000 ) ;
#816 = EDGE_CURVE ( 'NONE', #7509, #5545, #5800, .T. ) ;
#817 = VERTEX_POINT ( 'NONE', #4078 ) ;
#818 = PLANE ( 'NONE',  #398 ) ;
#819 = ORIENTED_EDGE ( 'NONE', *, *, #4482, .F. ) ;
#820 = CARTESIAN_POINT ( 'NONE',  ( -7.375000000000000888, 2.259999999999999343, 2.024999999999999911 ) ) ;
#821 = CARTESIAN_POINT ( 'NONE',  ( -5.724999999999999645, 0.7799999999999999156, 0.06499999999999994671 ) ) ;
#822 = PLANE ( 'NONE',  #6535 ) ;
#823 = ADVANCED_FACE ( 'NONE', ( #3028 ), #20, .T. ) ;
#824 = EDGE_CURVE ( 'NONE', #7496, #3211, #5807, .T. ) ;
#825 = VERTEX_POINT ( 'NONE', #2394 ) ;
#826 = ORIENTED_EDGE ( 'NONE', *, *, #7147, .F. ) ;
#827 = CARTESIAN_POINT ( 'NONE',  ( 7.875000000000000000, 1.030000000000000027, -1.464999999999999636 ) ) ;
#828 = PLANE ( 'NONE',  #2896 ) ;
#829 = PLANE ( 'NONE',  #2834 ) ;
#830 = ORIENTED_EDGE ( 'NONE', *, *, #2202, .T. ) ;
#831 = CARTESIAN_POINT ( 'NONE',  ( -5.525000000000000355, 0.8400214062398350112, 1.745765205484050231 ) ) ;
#832 = SURFACE_STYLE_FILL_AREA ( #6102 ) ;
#833 = DIRECTION ( 'NONE',  ( 1.000000000000000000, 0.000000000000000000, 0.000000000000000000 ) ) ;
#834 = VECTOR ( 'NONE', #5940, 1000.000000000000000 ) ;
#835 = CARTESIAN_POINT ( 'NONE',  ( -1.960000000000000853, 0.7799999999999999156, 0.06499999999999994671 ) ) ;
#836 = CARTESIAN_POINT ( 'NONE',  ( -7.765000000000000568, 3.400000000000000355, 0.06499999999999994671 ) ) ;
#837 = VECTOR ( 'NONE', #3370, 1000.000000000000000 ) ;
#838 = VECTOR ( 'NONE', #4400, 1000.000000000000000 ) ;
#839 = ORIENTED_EDGE ( 'NONE', *, *, #1509, .F. ) ;
#840 = CARTESIAN_POINT ( 'NONE',  ( -2.400000000000001243, 0.000000000000000000, 2.024999999999999911 ) ) ;
#841 = DIRECTION ( 'NONE',  ( -0.000000000000000000, 0.000000000000000000, 1.000000000000000000 ) ) ;
#842 = CARTESIAN_POINT ( 'NONE',  ( -5.724999999999999645, 1.454999999999999849, 0.000000000000000000 ) ) ;
#843 = ORIENTED_EDGE ( 'NONE', *, *, #4434, .F. ) ;
#844 = COLOUR_RGB ( '',0.7960784313725489669, 0.8235294117647058432, 0.9372549019607843146 ) ;
#845 = PLANE ( 'NONE',  #3496 ) ;
#846 = CARTESIAN_POINT ( 'NONE',  ( -7.500000000000000000, 3.325000000000000178, 0.6399999999999999023 ) ) ;
#847 = DIRECTION ( 'NONE',  ( 0.000000000000000000, -2.920409892216845161E-16, -1.000000000000000000 ) ) ;
#848 = ORIENTED_EDGE ( 'NONE', *, *, #780, .T. ) ;
#849 = EDGE_LOOP ( 'NONE', ( #4794, #1636, #3837, #3927 ) ) ;
#850 = ORIENTED_EDGE ( 'NONE', *, *, #1334, .T. ) ;
#851 = DIRECTION ( 'NONE',  ( 1.000000000000000000, 0.000000000000000000, 0.000000000000000000 ) ) ;
#852 = CARTESIAN_POINT ( 'NONE',  ( -4.275000000000000355, 2.085000000000000409, -2.024999999999999911 ) ) ;
#853 = LINE ( 'NONE', #232, #5547 ) ;
#854 = EDGE_CURVE ( 'NONE', #6664, #3619, #2953, .T. ) ;
#855 = ORIENTED_EDGE ( 'NONE', *, *, #703, .F. ) ;
#856 = DIRECTION ( 'NONE',  ( 1.000000000000000000, 0.000000000000000000, 0.000000000000000000 ) ) ;
#857 = ORIENTED_EDGE ( 'NONE', *, *, #6161, .F. ) ;
#858 = FACE_OUTER_BOUND ( 'NONE', #1245, .T. ) ;
#859 = ORIENTED_EDGE ( 'NONE', *, *, #1471, .F. ) ;
#860 = CARTESIAN_POINT ( 'NONE',  ( -2.310000000000003162, 3.240000000000001101, -1.224999999999999867 ) ) ;
#861 = VECTOR ( 'NONE', #5559, 1000.000000000000000 ) ;
#862 = EDGE_CURVE ( 'NONE', #3781, #2302, #3542, .T. ) ;
#863 = LINE ( 'NONE', #2618, #1395 ) ;
#864 = ADVANCED_FACE ( 'NONE', ( #7554 ), #5845, .F. ) ;
#865 = EDGE_CURVE ( 'NONE', #2987, #641, #6501, .T. ) ;
#866 = DIRECTION ( 'NONE',  ( 0.000000000000000000, 0.000000000000000000, 1.000000000000000000 ) ) ;
#867 = ORIENTED_EDGE ( 'NONE', *, *, #476, .F. ) ;
#868 = DIRECTION ( 'NONE',  ( 0.000000000000000000, 0.000000000000000000, 1.000000000000000000 ) ) ;
#869 = AXIS2_PLACEMENT_3D ( 'NONE', #456, #2845, #5198 ) ;
#870 = CARTESIAN_POINT ( 'NONE',  ( -6.163749999999999396, 2.255000000000000338, 2.024999999999999911 ) ) ;
#871 = CARTESIAN_POINT ( 'NONE',  ( -1.775000000000003908, 0.1800000000000000488, -0.2750000000000000777 ) ) ;
#872 = FACE_OUTER_BOUND ( 'NONE', #2990, .T. ) ;
#873 = EDGE_CURVE ( 'NONE', #3587, #2064, #2280, .T. ) ;
#874 = VECTOR ( 'NONE', #3300, 1000.000000000000000 ) ;
#875 = CARTESIAN_POINT ( 'NONE',  ( -4.275000000000000355, 0.000000000000000000, 0.06499999999999994671 ) ) ;
#876 = ORIENTED_EDGE ( 'NONE', *, *, #1878, .F. ) ;
#877 = FACE_OUTER_BOUND ( 'NONE', #7396, .T. ) ;
#878 = DIRECTION ( 'NONE',  ( 0.000000000000000000, 0.000000000000000000, -1.000000000000000000 ) ) ;
#879 = LINE ( 'NONE', #987, #6043 ) ;
#880 = ORIENTED_EDGE ( 'NONE', *, *, #4757, .F. ) ;
#881 = DIRECTION ( 'NONE',  ( 1.000000000000000000, 0.000000000000000000, 0.000000000000000000 ) ) ;
#882 = DIRECTION ( 'NONE',  ( 0.000000000000000000, 0.000000000000000000, 1.000000000000000000 ) ) ;
#883 = CARTESIAN_POINT ( 'NONE',  ( -5.724999999999999645, 0.5500000000000010436, 0.06499999999999994671 ) ) ;
#884 = VERTEX_POINT ( 'NONE', #1221 ) ;
#885 = LINE ( 'NONE', #6240, #5795 ) ;
#886 = ORIENTED_EDGE ( 'NONE', *, *, #1583, .T. ) ;
#887 = VERTEX_POINT ( 'NONE', #7094 ) ;
#888 = CARTESIAN_POINT ( 'NONE',  ( -7.765000000000000568, 0.000000000000000000, 0.000000000000000000 ) ) ;
#889 = ADVANCED_FACE ( 'NONE', ( #1659 ), #3578, .T. ) ;
#890 = LINE ( 'NONE', #3895, #6125 ) ;
#891 = CARTESIAN_POINT ( 'NONE',  ( -1.145000000000000240, 0.000000000000000000, 2.024999999999999911 ) ) ;
#892 = ORIENTED_EDGE ( 'NONE', *, *, #873, .F. ) ;
#893 = VECTOR ( 'NONE', #6724, 1000.000000000000000 ) ;
#894 = ORIENTED_EDGE ( 'NONE', *, *, #1269, .F. ) ;
#895 = DIRECTION ( 'NONE',  ( -1.000000000000000000, 0.000000000000000000, 0.000000000000000000 ) ) ;
#896 = EDGE_CURVE ( 'NONE', #3030, #3707, #3616, .T. ) ;
#897 = ORIENTED_EDGE ( 'NONE', *, *, #6916, .T. ) ;
#898 = DIRECTION ( 'NONE',  ( -0.000000000000000000, -1.000000000000000000, -0.000000000000000000 ) ) ;
#899 = VECTOR ( 'NONE', #5641, 1000.000000000000000 ) ;
#900 = DIRECTION ( 'NONE',  ( 0.000000000000000000, 0.000000000000000000, 1.000000000000000000 ) ) ;
#901 = CARTESIAN_POINT ( 'NONE',  ( -0.8750000000000007772, 8.777094706955511913E-18, 0.09499999999999998723 ) ) ;
#902 = AXIS2_PLACEMENT_3D ( 'NONE', #6059, #2615, #2692 ) ;
#903 = VECTOR ( 'NONE', #4657, 1000.000000000000000 ) ;
#904 = DIRECTION ( 'NONE',  ( 0.000000000000000000, -0.000000000000000000, -1.000000000000000000 ) ) ;
#905 = EDGE_CURVE ( 'NONE', #7615, #3344, #5957, .T. ) ;
#906 = LINE ( 'NONE', #5139, #1871 ) ;
#907 = CARTESIAN_POINT ( 'NONE',  ( -7.605000000000000426, 0.000000000000000000, 2.024999999999999911 ) ) ;
#908 = CARTESIAN_POINT ( 'NONE',  ( -5.724999999999999645, 1.030000000000000027, -2.024999999999999911 ) ) ;
#909 = AXIS2_PLACEMENT_3D ( 'NONE', #2443, #1268, #774 ) ;
#910 = AXIS2_PLACEMENT_3D ( 'NONE', #5236, #3966, #2957 ) ;
#911 = CARTESIAN_POINT ( 'NONE',  ( -5.525000000000000355, 0.5999999999999999778, -2.324999999999999734 ) ) ;
#912 = EDGE_LOOP ( 'NONE', ( #6830, #6410, #4968, #6806 ) ) ;
#913 = CARTESIAN_POINT ( 'NONE',  ( -1.735000000000000320, 4.120000000000000107, -1.724999999999999867 ) ) ;
#914 = DIRECTION ( 'NONE',  ( 0.5773502691896257311, 0.5773502691896257311, 0.5773502691896257311 ) ) ;
#915 = EDGE_CURVE ( 'NONE', #7032, #4406, #3463, .T. ) ;
#916 = LINE ( 'NONE', #402, #837 ) ;
#917 = EDGE_CURVE ( 'NONE', #4442, #2917, #3500, .T. ) ;
#918 = VECTOR ( 'NONE', #635, 1000.000000000000000 ) ;
#919 = ADVANCED_FACE ( 'NONE', ( #1302 ), #3696, .T. ) ;
#920 = ORIENTED_EDGE ( 'NONE', *, *, #7224, .F. ) ;
#921 = CARTESIAN_POINT ( 'NONE',  ( -1.375000000000000444, 1.719999999999999529, 1.949999999999998623 ) ) ;
#922 = LINE ( 'NONE', #4538, #3283 ) ;
#923 = CARTESIAN_POINT ( 'NONE',  ( 0.000000000000000000, 2.085000000000000409, -2.024999999999999911 ) ) ;
#924 = ORIENTED_EDGE ( 'NONE', *, *, #7410, .F. ) ;
#925 = ORIENTED_EDGE ( 'NONE', *, *, #7332, .T. ) ;
#926 = LINE ( 'NONE', #2173, #1848 ) ;
#927 = VERTEX_POINT ( 'NONE', #4925 ) ;
#928 = ORIENTED_EDGE ( 'NONE', *, *, #5285, .T. ) ;
#929 = LINE ( 'NONE', #3782, #5366 ) ;
#930 = CARTESIAN_POINT ( 'NONE',  ( -0.9850000000000006528, 3.400000000000000355, 2.024999999999999911 ) ) ;
#931 = VECTOR ( 'NONE', #2156, 1000.000000000000000 ) ;
#932 = CARTESIAN_POINT ( 'NONE',  ( -7.500000000000000000, 3.965000000000001634, 0.06499999999999994671 ) ) ;
#933 = VERTEX_POINT ( 'NONE', #3106 ) ;
#934 = MECHANICAL_DESIGN_GEOMETRIC_PRESENTATION_REPRESENTATION (  '', ( #5632 ), #1170 ) ;
#935 = ORIENTED_EDGE ( 'NONE', *, *, #3820, .F. ) ;
#936 = ORIENTED_EDGE ( 'NONE', *, *, #1027, .F. ) ;
#937 = CARTESIAN_POINT ( 'NONE',  ( -7.034999999999999254, 0.2400000000000022671, -0.2750000000000000777 ) ) ;
#938 = LINE ( 'NONE', #2114, #4430 ) ;
#939 = ADVANCED_FACE ( 'NONE', ( #6655 ), #6036, .T. ) ;
#940 = ADVANCED_FACE ( 'NONE', ( #3144 ), #6073, .T. ) ;
#941 = VECTOR ( 'NONE', #5671, 1000.000000000000000 ) ;
#942 = ORIENTED_EDGE ( 'NONE', *, *, #6555, .F. ) ;
#943 = LINE ( 'NONE', #5137, #37 ) ;
#944 = DIRECTION ( 'NONE',  ( 1.000000000000000000, 0.000000000000000000, -0.000000000000000000 ) ) ;
#945 = DIRECTION ( 'NONE',  ( 0.000000000000000000, -1.000000000000000000, 0.000000000000000000 ) ) ;
#946 = DIRECTION ( 'NONE',  ( -1.495451272393798655E-15, 1.000000000000000000, -0.000000000000000000 ) ) ;
#947 = EDGE_CURVE ( 'NONE', #3659, #482, #139, .T. ) ;
#948 = ADVANCED_FACE ( 'NONE', ( #2508 ), #1943, .F. ) ;
#949 = ORIENTED_EDGE ( 'NONE', *, *, #5904, .F. ) ;
#950 = VECTOR ( 'NONE', #4496, 1000.000000000000000 ) ;
#951 = LINE ( 'NONE', #2743, #1179 ) ;
#952 = DIRECTION ( 'NONE',  ( 0.000000000000000000, -1.000000000000000000, 0.000000000000000000 ) ) ;
#953 = CARTESIAN_POINT ( 'NONE',  ( 7.875000000000000000, 1.030000000000000027, -1.464999999999999636 ) ) ;
#954 = DIRECTION ( 'NONE',  ( 0.000000000000000000, 0.000000000000000000, -1.000000000000000000 ) ) ;
#955 = DIRECTION ( 'NONE',  ( 0.000000000000000000, 0.000000000000000000, 1.000000000000000000 ) ) ;
#956 = VECTOR ( 'NONE', #1981, 1000.000000000000000 ) ;
#957 = LINE ( 'NONE', #1540, #3787 ) ;
#958 = EDGE_CURVE ( 'NONE', #3331, #3857, #5997, .T. ) ;
#959 = EDGE_CURVE ( 'NONE', #7515, #1224, #4232, .T. ) ;
#960 = ORIENTED_EDGE ( 'NONE', *, *, #6149, .T. ) ;
#961 = ORIENTED_EDGE ( 'NONE', *, *, #4909, .F. ) ;
#962 = VECTOR ( 'NONE', #40, 1000.000000000000000 ) ;
#963 = VERTEX_POINT ( 'NONE', #726 ) ;
#964 = DIRECTION ( 'NONE',  ( 0.000000000000000000, 0.7071067811865475727, -0.7071067811865475727 ) ) ;
#965 = DIRECTION ( 'NONE',  ( 0.000000000000000000, -1.000000000000000000, 0.000000000000000000 ) ) ;
#966 = LINE ( 'NONE', #7443, #4201 ) ;
#967 = PRESENTATION_LAYER_ASSIGNMENT (  '', '', ( #4691 ) ) ;
#968 = EDGE_CURVE ( 'NONE', #638, #5931, #6573, .T. ) ;
#969 = ORIENTED_EDGE ( 'NONE', *, *, #3951, .F. ) ;
#970 = VERTEX_POINT ( 'NONE', #3808 ) ;
#971 = CARTESIAN_POINT ( 'NONE',  ( -5.724999999999999645, 1.629999999999999893, 4.165075243091329638E-16 ) ) ;
#972 = VERTEX_POINT ( 'NONE', #5497 ) ;
#973 = ORIENTED_EDGE ( 'NONE', *, *, #6172, .T. ) ;
#974 = LINE ( 'NONE', #4556, #3977 ) ;
#975 = CARTESIAN_POINT ( 'NONE',  ( -7.375000000000000888, 1.474999999999999423, 1.949999999999999067 ) ) ;
#976 = ORIENTED_EDGE ( 'NONE', *, *, #1191, .F. ) ;
#977 = ORIENTED_EDGE ( 'NONE', *, *, #5303, .T. ) ;
#978 = SURFACE_STYLE_FILL_AREA ( #6861 ) ;
#979 = ADVANCED_FACE ( 'NONE', ( #804 ), #4381, .T. ) ;
#980 = LINE ( 'NONE', #6864, #2502 ) ;
#981 = LINE ( 'NONE', #6904, #4783 ) ;
#982 = LINE ( 'NONE', #3844, #800 ) ;
#983 = AXIS2_PLACEMENT_3D ( 'NONE', #7232, #1888, #2496 ) ;
#984 = ORIENTED_EDGE ( 'NONE', *, *, #4215, .F. ) ;
#985 = PLANE ( 'NONE',  #5902 ) ;
#986 = CARTESIAN_POINT ( 'NONE',  ( -8.750000000000000000, 0.4800000000000000377, 0.000000000000000000 ) ) ;
#987 = CARTESIAN_POINT ( 'NONE',  ( -2.879999999999999005, 1.839999999999997193, 0.9049999999999968070 ) ) ;
#988 = CARTESIAN_POINT ( 'NONE',  ( -3.225000000000000533, 0.000000000000000000, -2.024999999999999911 ) ) ;
#989 = CARTESIAN_POINT ( 'NONE',  ( 0.000000000000000000, 0.000000000000000000, 1.824999999999999956 ) ) ;
#990 = EDGE_LOOP ( 'NONE', ( #6006, #2654, #3677, #2523 ) ) ;
#991 = ORIENTED_EDGE ( 'NONE', *, *, #1106, .F. ) ;
#992 = LINE ( 'NONE', #6342, #7255 ) ;
#993 = ORIENTED_EDGE ( 'NONE', *, *, #4519, .F. ) ;
#994 = ORIENTED_EDGE ( 'NONE', *, *, #144, .F. ) ;
#995 = CARTESIAN_POINT ( 'NONE',  ( -1.024999999999999911, 0.7799999999999999156, -0.3250000000000000666 ) ) ;
#996 = ADVANCED_FACE ( 'NONE', ( #6152 ), #3066, .T. ) ;
#997 = LINE ( 'NONE', #5084, #6720 ) ;
#998 = EDGE_CURVE ( 'NONE', #6637, #2982, #2555, .T. ) ;
#999 = DIRECTION ( 'NONE',  ( -0.000000000000000000, 0.7071067811865475727, 0.7071067811865475727 ) ) ;
#1000 = ORIENTED_EDGE ( 'NONE', *, *, #1517, .T. ) ;
#1001 = ORIENTED_EDGE ( 'NONE', *, *, #2328, .T. ) ;
#1002 = CARTESIAN_POINT ( 'NONE',  ( -5.724999999999999645, 2.085000000000000409, -2.024999999999999911 ) ) ;
#1003 = ORIENTED_EDGE ( 'NONE', *, *, #1766, .T. ) ;
#1004 = EDGE_CURVE ( 'NONE', #1123, #4633, #1900, .T. ) ;
#1005 = VERTEX_POINT ( 'NONE', #1417 ) ;
#1006 = EDGE_CURVE ( 'NONE', #3344, #3675, #4845, .T. ) ;
#1007 = LINE ( 'NONE', #6445, #1325 ) ;
#1008 = CARTESIAN_POINT ( 'NONE',  ( -7.375000000000000888, 1.559999999999999609, 1.949999999999999512 ) ) ;
#1009 = VECTOR ( 'NONE', #6328, 1000.000000000000000 ) ;
#1010 = ORIENTED_EDGE ( 'NONE', *, *, #2285, .T. ) ;
#1011 = EDGE_LOOP ( 'NONE', ( #6951, #7259, #6448, #789, #4050 ) ) ;
#1012 = DIRECTION ( 'NONE',  ( 0.000000000000000000, 0.000000000000000000, -1.000000000000000000 ) ) ;
#1013 = DIRECTION ( 'NONE',  ( 0.000000000000000000, -0.000000000000000000, -1.000000000000000000 ) ) ;
#1014 = CARTESIAN_POINT ( 'NONE',  ( 0.000000000000000000, 3.325000000000000178, 0.06499999999999994671 ) ) ;
#1015 = CARTESIAN_POINT ( 'NONE',  ( -7.765000000000000568, 0.000000000000000000, 0.06499999999999994671 ) ) ;
#1016 = AXIS2_PLACEMENT_3D ( 'NONE', #7072, #3596, #544 ) ;
#1017 = VECTOR ( 'NONE', #2754, 1000.000000000000000 ) ;
#1018 = ORIENTED_EDGE ( 'NONE', *, *, #1333, .T. ) ;
#1019 = CARTESIAN_POINT ( 'NONE',  ( -5.800000000000000711, 2.490000000000001101, -1.224999999999999867 ) ) ;
#1020 = CARTESIAN_POINT ( 'NONE',  ( -4.062499999999998224, 2.255000000000000338, 2.024999999999999911 ) ) ;
#1021 = FACE_OUTER_BOUND ( 'NONE', #3315, .T. ) ;
#1022 = VECTOR ( 'NONE', #6411, 1000.000000000000114 ) ;
#1023 = VECTOR ( 'NONE', #4200, 1000.000000000000000 ) ;
#1024 = CARTESIAN_POINT ( 'NONE',  ( -5.312499999999999112, 2.255000000000000338, 2.024999999999999911 ) ) ;
#1025 = CARTESIAN_POINT ( 'NONE',  ( -7.765000000000000568, 3.400000000000000355, 2.024999999999999911 ) ) ;
#1026 = VERTEX_POINT ( 'NONE', #3768 ) ;
#1027 = EDGE_CURVE ( 'NONE', #3901, #1856, #7279, .T. ) ;
#1028 = ORIENTED_EDGE ( 'NONE', *, *, #2137, .F. ) ;
#1029 = VECTOR ( 'NONE', #1037, 1000.000000000000000 ) ;
#1030 = ORIENTED_EDGE ( 'NONE', *, *, #2680, .T. ) ;
#1031 = ORIENTED_EDGE ( 'NONE', *, *, #5973, .F. ) ;
#1032 = DIRECTION ( 'NONE',  ( -1.000000000000000000, -0.000000000000000000, -0.000000000000000000 ) ) ;
#1033 = LINE ( 'NONE', #7523, #405 ) ;
#1034 = DIRECTION ( 'NONE',  ( 0.000000000000000000, 0.000000000000000000, -1.000000000000000000 ) ) ;
#1035 = AXIS2_PLACEMENT_3D ( 'NONE', #1497, #1577, #6838 ) ;
#1036 = AXIS2_PLACEMENT_3D ( 'NONE', #7106, #6131, #6087 ) ;
#1037 = DIRECTION ( 'NONE',  ( 0.000000000000000000, 1.000000000000000000, 0.000000000000000000 ) ) ;
#1038 = ADVANCED_FACE ( 'NONE', ( #217 ), #2016, .T. ) ;
#1039 = ORIENTED_EDGE ( 'NONE', *, *, #6899, .F. ) ;
#1040 = ADVANCED_FACE ( 'NONE', ( #2632 ), #5032, .T. ) ;
#1041 = CARTESIAN_POINT ( 'NONE',  ( -1.250000000000001110, 3.965000000000001634, 0.06499999999999994671 ) ) ;
#1042 = ORIENTED_EDGE ( 'NONE', *, *, #4809, .T. ) ;
#1043 = CARTESIAN_POINT ( 'NONE',  ( -4.474999999999999645, 1.855000000000000204, 0.06499999999999994671 ) ) ;
#1044 = ORIENTED_EDGE ( 'NONE', *, *, #304, .F. ) ;
#1045 = CARTESIAN_POINT ( 'NONE',  ( -2.812500000000000888, 1.855000000000000204, 1.824999999999999289 ) ) ;
#1046 = SHAPE_REPRESENTATION ( 'pin', ( #7217 ), #4907 ) ;
#1047 = DIRECTION ( 'NONE',  ( -0.000000000000000000, 1.000000000000000000, 0.000000000000000000 ) ) ;
#1048 = VECTOR ( 'NONE', #2979, 1000.000000000000000 ) ;
#1049 = EDGE_CURVE ( 'NONE', #4483, #5899, #951, .T. ) ;
#1050 = ADVANCED_FACE ( 'NONE', ( #7319 ), #1532, .F. ) ;
#1051 = ADVANCED_FACE ( 'NONE', ( #877 ), #6909, .T. ) ;
#1052 = VERTEX_POINT ( 'NONE', #5640 ) ;
#1053 = CARTESIAN_POINT ( 'NONE',  ( -7.015000000000000568, 1.903000000000000025, -2.024999999999999467 ) ) ;
#1054 = EDGE_LOOP ( 'NONE', ( #886, #5234, #4167, #578 ) ) ;
#1055 = DIRECTION ( 'NONE',  ( 1.000000000000000000, -1.197572355469997778E-16, 0.000000000000000000 ) ) ;
#1056 = LINE ( 'NONE', #5791, #4489 ) ;
#1057 = FACE_OUTER_BOUND ( 'NONE', #3996, .T. ) ;
#1058 = VECTOR ( 'NONE', #1573, 1000.000000000000000 ) ;
#1059 = CARTESIAN_POINT ( 'NONE',  ( -7.875000000000000000, -0.000000000000000000, 2.024999999999999911 ) ) ;
#1060 = VECTOR ( 'NONE', #3358, 1000.000000000000000 ) ;
#1061 = ORIENTED_EDGE ( 'NONE', *, *, #3449, .T. ) ;
#1062 = CARTESIAN_POINT ( 'NONE',  ( -1.145000000000000240, 2.209999999999999520, 1.274999999999999911 ) ) ;
#1063 = CARTESIAN_POINT ( 'NONE',  ( 0.000000000000000000, 1.937842712474619811, 1.824999999999999956 ) ) ;
#1064 = PLANE ( 'NONE',  #2740 ) ;
#1065 = CARTESIAN_POINT ( 'NONE',  ( -5.724999999999999645, 0.5500000000000000444, 1.824999999999999956 ) ) ;
#1066 = CARTESIAN_POINT ( 'NONE',  ( 4.375000000000000000, -1.376287680150671200E-15, 0.02292814286300589796 ) ) ;
#1067 = CARTESIAN_POINT ( 'NONE',  ( -8.750000000000000000, 1.855000000000000204, 1.824999999999999289 ) ) ;
#1068 = VECTOR ( 'NONE', #6890, 1000.000000000000000 ) ;
#1069 = ORIENTED_EDGE ( 'NONE', *, *, #5518, .F. ) ;
#1070 = DIRECTION ( 'NONE',  ( 1.000000000000000000, 0.000000000000000000, 0.000000000000000000 ) ) ;
#1071 = EDGE_LOOP ( 'NONE', ( #1887, #6565, #1913, #4935 ) ) ;
#1072 = VERTEX_POINT ( 'NONE', #3366 ) ;
#1073 = FACE_OUTER_BOUND ( 'NONE', #7291, .T. ) ;
#1074 = CARTESIAN_POINT ( 'NONE',  ( -7.765000000000000568, 3.400000000000000355, 2.024999999999999911 ) ) ;
#1075 = CYLINDRICAL_SURFACE ( 'NONE', #2860, 0.1499999999999999667 ) ;
#1076 = EDGE_CURVE ( 'NONE', #4271, #4115, #3228, .T. ) ;
#1077 = CARTESIAN_POINT ( 'NONE',  ( -7.375000000000000888, 0.000000000000000000, -0.2750000000000000777 ) ) ;
#1078 = DIRECTION ( 'NONE',  ( 1.000000000000000000, 0.000000000000000000, 0.000000000000000000 ) ) ;
#1079 = ORIENTED_EDGE ( 'NONE', *, *, #5344, .F. ) ;
#1080 = ORIENTED_EDGE ( 'NONE', *, *, #4662, .T. ) ;
#1081 = AXIS2_PLACEMENT_3D ( 'NONE', #588, #1755, #2935 ) ;
#1082 = VECTOR ( 'NONE', #4730, 1000.000000000000000 ) ;
#1083 = LINE ( 'NONE', #1673, #5772 ) ;
#1084 = ORIENTED_EDGE ( 'NONE', *, *, #2102, .T. ) ;
#1085 = DIRECTION ( 'NONE',  ( 1.000000000000000000, 0.000000000000000000, 0.000000000000000000 ) ) ;
#1086 = DIRECTION ( 'NONE',  ( -1.000000000000000000, 0.000000000000000000, 0.000000000000000000 ) ) ;
#1087 = EDGE_CURVE ( 'NONE', #22, #2819, #4419, .T. ) ;
#1088 = VECTOR ( 'NONE', #7262, 1000.000000000000000 ) ;
#1089 = LINE ( 'NONE', #2972, #3210 ) ;
#1090 = EDGE_CURVE ( 'NONE', #7342, #5777, #2089, .T. ) ;
#1091 = DIRECTION ( 'NONE',  ( 0.000000000000000000, 2.555260885332105185E-16, -1.000000000000000000 ) ) ;
#1092 = VECTOR ( 'NONE', #4650, 1000.000000000000000 ) ;
#1093 = ORIENTED_EDGE ( 'NONE', *, *, #724, .F. ) ;
#1094 = LINE ( 'NONE', #1053, #5119 ) ;
#1095 = ORIENTED_EDGE ( 'NONE', *, *, #3538, .T. ) ;
#1096 = EDGE_CURVE ( 'NONE', #4337, #29, #2671, .T. ) ;
#1097 = CARTESIAN_POINT ( 'NONE',  ( -1.960000000000000853, 2.760000000000000231, 0.06499999999999994671 ) ) ;
#1098 = ADVANCED_FACE ( 'NONE', ( #7393 ), #361, .T. ) ;
#1099 = LINE ( 'NONE', #436, #5840 ) ;
#1100 = EDGE_CURVE ( 'NONE', #2927, #3707, #3880, .T. ) ;
#1101 = PLANE ( 'NONE',  #3185 ) ;
#1102 = ORIENTED_EDGE ( 'NONE', *, *, #7213, .T. ) ;
#1103 = CARTESIAN_POINT ( 'NONE',  ( -7.500000000000000000, 3.965000000000001634, 0.6399999999999999023 ) ) ;
#1104 = LINE ( 'NONE', #7047, #5378 ) ;
#1105 = EDGE_CURVE ( 'NONE', #3883, #963, #2122, .T. ) ;
#1106 = EDGE_CURVE ( 'NONE', #539, #6237, #328, .T. ) ;
#1107 = DIRECTION ( 'NONE',  ( -1.000000000000000000, 0.000000000000000000, 0.000000000000000000 ) ) ;
#1108 = VECTOR ( 'NONE', #2626, 1000.000000000000000 ) ;
#1109 = DIRECTION ( 'NONE',  ( 1.000000000000000000, 0.000000000000000000, 0.000000000000000000 ) ) ;
#1110 = ORIENTED_EDGE ( 'NONE', *, *, #4012, .F. ) ;
#1111 = DIRECTION ( 'NONE',  ( 0.000000000000000000, 0.000000000000000000, 1.000000000000000000 ) ) ;
#1112 = ORIENTED_EDGE ( 'NONE', *, *, #6064, .T. ) ;
#1113 = ORIENTED_EDGE ( 'NONE', *, *, #4672, .F. ) ;
#1114 = FACE_OUTER_BOUND ( 'NONE', #3760, .T. ) ;
#1115 = DIRECTION ( 'NONE',  ( -1.000000000000000000, 0.000000000000000000, 0.000000000000000000 ) ) ;
#1116 = DIRECTION ( 'NONE',  ( 1.000000000000000000, -0.000000000000000000, -0.000000000000000000 ) ) ;
#1117 = CARTESIAN_POINT ( 'NONE',  ( 7.875000000000000000, 1.030000000000000027, 0.000000000000000000 ) ) ;
#1118 = ORIENTED_EDGE ( 'NONE', *, *, #5039, .F. ) ;
#1119 = VERTEX_POINT ( 'NONE', #7425 ) ;
#1120 = VERTEX_POINT ( 'NONE', #2705 ) ;
#1121 = ORIENTED_EDGE ( 'NONE', *, *, #7456, .T. ) ;
#1122 = CARTESIAN_POINT ( 'NONE',  ( -4.275000000000001243, 2.055000000000001048, 2.024999999999999911 ) ) ;
#1123 = VERTEX_POINT ( 'NONE', #4490 ) ;
#1124 = CARTESIAN_POINT ( 'NONE',  ( -7.875000000000000000, 4.250000000000000000, 0.000000000000000000 ) ) ;
#1125 = CARTESIAN_POINT ( 'NONE',  ( -3.025000000000000799, 1.855000000000000204, 0.06499999999999994671 ) ) ;
#1126 = DIRECTION ( 'NONE',  ( 0.000000000000000000, 0.000000000000000000, -1.000000000000000000 ) ) ;
#1127 = EDGE_CURVE ( 'NONE', #3856, #3010, #2163, .T. ) ;
#1128 = ORIENTED_EDGE ( 'NONE', *, *, #6214, .F. ) ;
#1129 = CARTESIAN_POINT ( 'NONE',  ( -1.375000000000000444, 2.209999999999999520, -0.2750000000000000777 ) ) ;
#1130 = ORIENTED_EDGE ( 'NONE', *, *, #247, .F. ) ;
#1131 = VECTOR ( 'NONE', #3046, 1000.000000000000000 ) ;
#1132 = PLANE ( 'NONE',  #7346 ) ;
#1133 = ADVANCED_FACE ( 'NONE', ( #3953 ), #985, .T. ) ;
#1134 = EDGE_LOOP ( 'NONE', ( #4726, #694, #2330, #5019 ) ) ;
#1135 = ADVANCED_FACE ( 'NONE', ( #2785 ), #5148, .F. ) ;
#1136 = DIRECTION ( 'NONE',  ( 0.000000000000000000, -1.000000000000000000, 0.000000000000000000 ) ) ;
#1137 = DIRECTION ( 'NONE',  ( 0.000000000000000000, 0.000000000000000000, 1.000000000000000000 ) ) ;
#1138 = DIRECTION ( 'NONE',  ( 1.000000000000000000, 0.000000000000000000, 0.000000000000000000 ) ) ;
#1139 = FACE_OUTER_BOUND ( 'NONE', #1997, .T. ) ;
#1140 = VECTOR ( 'NONE', #1253, 1000.000000000000000 ) ;
#1141 = VECTOR ( 'NONE', #738, 1000.000000000000000 ) ;
#1142 = DIRECTION ( 'NONE',  ( 0.000000000000000000, 0.000000000000000000, -1.000000000000000000 ) ) ;
#1143 = ORIENTED_EDGE ( 'NONE', *, *, #3220, .T. ) ;
#1144 = EDGE_CURVE ( 'NONE', #650, #663, #4183, .T. ) ;
#1145 = EDGE_CURVE ( 'NONE', #4079, #4080, #2828, .T. ) ;
#1146 = DIRECTION ( 'NONE',  ( -8.468115335143821308E-17, 0.7071067811865475727, 0.7071067811865474617 ) ) ;
#1147 = PLANE ( 'NONE',  #6097 ) ;
#1148 = VECTOR ( 'NONE', #2977, 1000.000000000000000 ) ;
#1149 = AXIS2_PLACEMENT_3D ( 'NONE', #6432, #417, #5237 ) ;
#1150 = ORIENTED_EDGE ( 'NONE', *, *, #4480, .T. ) ;
#1151 = CARTESIAN_POINT ( 'NONE',  ( -4.526666666666678829, 3.043333333333329893, -0.4383333333333305215 ) ) ;
#1152 = DIRECTION ( 'NONE',  ( 1.000000000000000000, -0.000000000000000000, -0.000000000000000000 ) ) ;
#1153 = CARTESIAN_POINT ( 'NONE',  ( -1.375000000000000444, 1.474999999999999423, 1.949999999999999067 ) ) ;
#1154 = CARTESIAN_POINT ( 'NONE',  ( -3.025000000000000799, 0.5799999999999995159, 2.024999999999999911 ) ) ;
#1155 = DIRECTION ( 'NONE',  ( -0.000000000000000000, 0.000000000000000000, 1.000000000000000000 ) ) ;
#1156 = VECTOR ( 'NONE', #1137, 1000.000000000000000 ) ;
#1157 = VECTOR ( 'NONE', #4230, 1000.000000000000000 ) ;
#1158 = VERTEX_POINT ( 'NONE', #558 ) ;
#1159 = VECTOR ( 'NONE', #1306, 1000.000000000000000 ) ;
#1160 = EDGE_LOOP ( 'NONE', ( #7336, #721, #5924, #2162 ) ) ;
#1161 = ORIENTED_EDGE ( 'NONE', *, *, #431, .T. ) ;
#1162 = ORIENTED_EDGE ( 'NONE', *, *, #958, .T. ) ;
#1163 = CARTESIAN_POINT ( 'NONE',  ( -3.225000000000000533, 1.030000000000000027, -2.024999999999999911 ) ) ;
#1164 = AXIS2_PLACEMENT_3D ( 'NONE', #988, #7398, #955 ) ;
#1165 = VECTOR ( 'NONE', #4703, 1000.000000000000000 ) ;
#1166 = DIRECTION ( 'NONE',  ( -0.000000000000000000, -0.7071067811865597852, 0.7071067811865352493 ) ) ;
#1167 = EDGE_LOOP ( 'NONE', ( #5619, #3916, #1397, #3068 ) ) ;
#1168 = CARTESIAN_POINT ( 'NONE',  ( -1.424999999999999156, 0.4800000000000000377, 2.024999999999999911 ) ) ;
#1169 = VERTEX_POINT ( 'NONE', #2944 ) ;
#1170 =( GEOMETRIC_REPRESENTATION_CONTEXT ( 3 ) GLOBAL_UNCERTAINTY_ASSIGNED_CONTEXT ( ( #224 ) ) GLOBAL_UNIT_ASSIGNED_CONTEXT ( ( #6269, #6121, #810 ) ) REPRESENTATION_CONTEXT ( 'NONE', 'WORKASPACE' ) );
#1171 = PLANE ( 'NONE',  #7522 ) ;
#1172 = EDGE_CURVE ( 'NONE', #7615, #7215, #5297, .T. ) ;
#1173 = LINE ( 'NONE', #1014, #3294 ) ;
#1174 = ORIENTED_EDGE ( 'NONE', *, *, #4809, .F. ) ;
#1175 = AXIS2_PLACEMENT_3D ( 'NONE', #4259, #4915, #6602 ) ;
#1176 = DIRECTION ( 'NONE',  ( 0.000000000000000000, -1.000000000000000000, 0.000000000000000000 ) ) ;
#1177 = ORIENTED_EDGE ( 'NONE', *, *, #2378, .T. ) ;
#1178 = LINE ( 'NONE', #3019, #2043 ) ;
#1179 = VECTOR ( 'NONE', #3296, 1000.000000000000000 ) ;
#1180 = LINE ( 'NONE', #3609, #1489 ) ;
#1181 = CARTESIAN_POINT ( 'NONE',  ( -7.375000000000000888, 0.1499999999999974964, 2.024999999999999911 ) ) ;
#1182 = EDGE_CURVE ( 'NONE', #1711, #7418, #2240, .T. ) ;
#1183 = CARTESIAN_POINT ( 'NONE',  ( -7.725000000000001421, 2.209999999999999520, 1.274999999999999911 ) ) ;
#1184 = ORIENTED_EDGE ( 'NONE', *, *, #3911, .T. ) ;
#1185 = CARTESIAN_POINT ( 'NONE',  ( -5.525000000000000355, -5.913830031739109626E-16, -2.024999999999999911 ) ) ;
#1186 = DIRECTION ( 'NONE',  ( 1.000000000000000000, -2.168404344971008079E-15, 0.000000000000000000 ) ) ;
#1187 = ORIENTED_EDGE ( 'NONE', *, *, #5169, .T. ) ;
#1188 = ORIENTED_EDGE ( 'NONE', *, *, #3147, .F. ) ;
#1189 = CARTESIAN_POINT ( 'NONE',  ( -2.499999999999998668, 2.960000000000003073, 2.025000000000002132 ) ) ;
#1190 = CARTESIAN_POINT ( 'NONE',  ( -2.310000000000003162, 3.240000000000001101, -1.224999999999999867 ) ) ;
#1191 = EDGE_CURVE ( 'NONE', #1224, #6707, #6492, .T. ) ;
#1192 = LINE ( 'NONE', #498, #4819 ) ;
#1193 = EDGE_CURVE ( 'NONE', #5974, #7409, #5834, .T. ) ;
#1194 = EDGE_CURVE ( 'NONE', #4622, #4029, #4604, .T. ) ;
#1195 = DIRECTION ( 'NONE',  ( 0.000000000000000000, 0.000000000000000000, 1.000000000000000000 ) ) ;
#1196 = ORIENTED_EDGE ( 'NONE', *, *, #4745, .F. ) ;
#1197 = ORIENTED_EDGE ( 'NONE', *, *, #2003, .T. ) ;
#1198 = VECTOR ( 'NONE', #3152, 1000.000000000000000 ) ;
#1199 = EDGE_LOOP ( 'NONE', ( #2809, #3899, #73, #693, #399, #4814, #5679, #7513, #4856, #5966, #6962 ) ) ;
#1200 = EDGE_LOOP ( 'NONE', ( #5235, #435, #7400, #4366, #7553, #4256, #1420, #5307 ) ) ;
#1201 = ORIENTED_EDGE ( 'NONE', *, *, #5560, .T. ) ;
#1202 = CARTESIAN_POINT ( 'NONE',  ( -7.275000000000000355, 0.4800000000000017031, 2.024999999999999911 ) ) ;
#1203 = CARTESIAN_POINT ( 'NONE',  ( -2.812500000000000888, 1.855000000000000204, 0.06499999999999994671 ) ) ;
#1204 = ORIENTED_EDGE ( 'NONE', *, *, #1923, .T. ) ;
#1205 = FACE_OUTER_BOUND ( 'NONE', #5132, .T. ) ;
#1206 = PLANE ( 'NONE',  #7313 ) ;
#1207 = VECTOR ( 'NONE', #1945, 1000.000000000000000 ) ;
#1208 = ORIENTED_EDGE ( 'NONE', *, *, #4739, .F. ) ;
#1209 = LINE ( 'NONE', #1851, #3303 ) ;
#1210 = AXIS2_PLACEMENT_3D ( 'NONE', #2751, #4543, #4499 ) ;
#1211 = ORIENTED_EDGE ( 'NONE', *, *, #2283, .F. ) ;
#1212 = DIRECTION ( 'NONE',  ( 0.000000000000000000, -7.950815931560366901E-15, -1.000000000000000000 ) ) ;
#1213 = EDGE_CURVE ( 'NONE', #766, #2851, #7632, .T. ) ;
#1214 = FACE_BOUND ( 'NONE', #3352, .T. ) ;
#1215 = CARTESIAN_POINT ( 'NONE',  ( -3.437500000000001332, 0.04750000000000037526, 0.01749999999999957839 ) ) ;
#1216 = LINE ( 'NONE', #3139, #500 ) ;
#1217 = CARTESIAN_POINT ( 'NONE',  ( -8.750000000000000000, 1.855000000000000204, 0.06499999999999994671 ) ) ;
#1218 = PRODUCT ( 'pin', 'pin', '', ( #1257 ) ) ;
#1219 = LINE ( 'NONE', #2873, #4890 ) ;
#1220 = ORIENTED_EDGE ( 'NONE', *, *, #2920, .F. ) ;
#1221 = CARTESIAN_POINT ( 'NONE',  ( -2.499999999999999112, 2.255000000000000338, 1.938749999999997309 ) ) ;
#1222 = DIRECTION ( 'NONE',  ( -3.003353243472115058E-16, 1.000000000000000000, 0.000000000000000000 ) ) ;
#1223 = EDGE_CURVE ( 'NONE', #2851, #254, #5259, .T. ) ;
#1224 = VERTEX_POINT ( 'NONE', #483 ) ;
#1225 = ORIENTED_EDGE ( 'NONE', *, *, #865, .F. ) ;
#1226 = CARTESIAN_POINT ( 'NONE',  ( -5.525000000000000355, 1.855000000000000204, 0.06499999999999994671 ) ) ;
#1227 = CARTESIAN_POINT ( 'NONE',  ( -2.499999999999998224, 2.873749999999997140, 1.938749999999995977 ) ) ;
#1228 = DIRECTION ( 'NONE',  ( 1.000000000000000000, -0.000000000000000000, 0.000000000000000000 ) ) ;
#1229 = CARTESIAN_POINT ( 'NONE',  ( -7.275000000000000355, 2.209999999999999520, 0.000000000000000000 ) ) ;
#1230 = ORIENTED_EDGE ( 'NONE', *, *, #6361, .F. ) ;
#1231 = ORIENTED_EDGE ( 'NONE', *, *, #5552, .T. ) ;
#1232 = VECTOR ( 'NONE', #2075, 1000.000000000000000 ) ;
#1233 = EDGE_CURVE ( 'NONE', #3856, #4393, #6381, .T. ) ;
#1234 = ORIENTED_EDGE ( 'NONE', *, *, #4233, .T. ) ;
#1235 = EDGE_CURVE ( 'NONE', #3105, #4754, #1646, .T. ) ;
#1236 = CARTESIAN_POINT ( 'NONE',  ( -3.225000000000000533, 0.7799999999999999156, 0.06499999999999994671 ) ) ;
#1237 = CARTESIAN_POINT ( 'NONE',  ( -3.025000000000000799, 2.085000000000000409, -2.024999999999999911 ) ) ;
#1238 = DIRECTION ( 'NONE',  ( 0.000000000000000000, -1.000000000000000000, 0.000000000000000000 ) ) ;
#1239 = CARTESIAN_POINT ( 'NONE',  ( -1.375000000000000444, 1.112733808603542986E-15, 1.949999999999999956 ) ) ;
#1240 = VERTEX_POINT ( 'NONE', #3530 ) ;
#1241 = LINE ( 'NONE', #3634, #3084 ) ;
#1242 = ADVANCED_FACE ( 'NONE', ( #6941 ), #2349, .T. ) ;
#1243 = EDGE_CURVE ( 'NONE', #7599, #1946, #2566, .T. ) ;
#1244 = EDGE_CURVE ( 'NONE', #3342, #933, #4719, .T. ) ;
#1245 = EDGE_LOOP ( 'NONE', ( #785, #4747, #6477, #1079, #876, #3983, #1161, #5318 ) ) ;
#1246 = CARTESIAN_POINT ( 'NONE',  ( -1.145000000000000240, 0.7800000000000000266, -0.2750000000000000777 ) ) ;
#1247 = ORIENTED_EDGE ( 'NONE', *, *, #5316, .T. ) ;
#1248 = DIRECTION ( 'NONE',  ( 0.5000000000000003331, 0.000000000000000000, 0.8660254037844383745 ) ) ;
#1249 = CARTESIAN_POINT ( 'NONE',  ( -6.439999999999997726, 3.820000000000000728, -1.224999999999999867 ) ) ;
#1250 = ORIENTED_EDGE ( 'NONE', *, *, #6772, .T. ) ;
#1251 = ORIENTED_EDGE ( 'NONE', *, *, #6924, .T. ) ;
#1252 = CARTESIAN_POINT ( 'NONE',  ( -7.875000000000000000, 2.209999999999999520, 1.975000000000001865 ) ) ;
#1253 = DIRECTION ( 'NONE',  ( 1.000000000000000000, 0.000000000000000000, 0.000000000000000000 ) ) ;
#1254 = PLANE ( 'NONE',  #411 ) ;
#1255 = LINE ( 'NONE', #4878, #1384 ) ;
#1256 = CARTESIAN_POINT ( 'NONE',  ( -6.363749999999999574, 2.760000000000000231, 1.824999999999999289 ) ) ;
#1257 = PRODUCT_CONTEXT ( 'NONE', #3136, 'mechanical' ) ;
#1258 = CARTESIAN_POINT ( 'NONE',  ( -5.724999999999999645, 1.080000000000000071, 1.378567737020260031 ) ) ;
#1259 = AXIS2_PLACEMENT_3D ( 'NONE', #97, #4265, #1295 ) ;
#1260 = VERTEX_POINT ( 'NONE', #4681 ) ;
#1261 = CARTESIAN_POINT ( 'NONE',  ( -0.9850000000000006528, 2.400000000000000355, 0.000000000000000000 ) ) ;
#1262 = ORIENTED_EDGE ( 'NONE', *, *, #269, .T. ) ;
#1263 = FACE_OUTER_BOUND ( 'NONE', #2406, .T. ) ;
#1264 = CARTESIAN_POINT ( 'NONE',  ( -6.974999999999996980, 0.1800000000000000488, 2.024999999999999911 ) ) ;
#1265 = VECTOR ( 'NONE', #1222, 1000.000000000000000 ) ;
#1266 = DIRECTION ( 'NONE',  ( 0.000000000000000000, 0.000000000000000000, 1.000000000000000000 ) ) ;
#1267 = PLANE ( 'NONE',  #5910 ) ;
#1268 = DIRECTION ( 'NONE',  ( 0.000000000000000000, 0.7071067811865352493, 0.7071067811865597852 ) ) ;
#1269 = EDGE_CURVE ( 'NONE', #1711, #5045, #517, .T. ) ;
#1270 = ORIENTED_EDGE ( 'NONE', *, *, #4672, .T. ) ;
#1271 = AXIS2_PLACEMENT_3D ( 'NONE', #2770, #5131, #6711 ) ;
#1272 = ORIENTED_EDGE ( 'NONE', *, *, #6466, .F. ) ;
#1273 = ORIENTED_EDGE ( 'NONE', *, *, #5674, .F. ) ;
#1274 = DIRECTION ( 'NONE',  ( 0.000000000000000000, 0.000000000000000000, -1.000000000000000000 ) ) ;
#1275 = LINE ( 'NONE', #2571, #1537 ) ;
#1276 = CARTESIAN_POINT ( 'NONE',  ( -7.875000000000000000, 1.030000000000000027, 0.000000000000000000 ) ) ;
#1277 = LINE ( 'NONE', #659, #4811 ) ;
#1278 = VECTOR ( 'NONE', #6094, 1000.000000000000000 ) ;
#1279 = VECTOR ( 'NONE', #570, 1000.000000000000000 ) ;
#1280 = ORIENTED_EDGE ( 'NONE', *, *, #2460, .F. ) ;
#1281 = CARTESIAN_POINT ( 'NONE',  ( -7.875000000000000000, 0.000000000000000000, 0.06499999999999994671 ) ) ;
#1282 = VECTOR ( 'NONE', #1539, 1000.000000000000000 ) ;
#1283 = EDGE_LOOP ( 'NONE', ( #465, #1018, #4666, #2616, #2456, #4367 ) ) ;
#1284 = DIRECTION ( 'NONE',  ( -1.000000000000000000, -0.000000000000000000, -0.000000000000000000 ) ) ;
#1285 = PRODUCT_DEFINITION_SHAPE ( 'NONE', 'NONE',  #7653 ) ;
#1286 = ORIENTED_EDGE ( 'NONE', *, *, #3635, .F. ) ;
#1287 = CARTESIAN_POINT ( 'NONE',  ( -8.750000000000000000, 0.000000000000000000, 1.274999999999999911 ) ) ;
#1288 = CARTESIAN_POINT ( 'NONE',  ( -1.250000000000001110, 3.500000000000000444, 0.06499999999999994671 ) ) ;
#1289 = EDGE_CURVE ( 'NONE', #4093, #3887, #7013, .T. ) ;
#1290 = EDGE_CURVE ( 'NONE', #6626, #28, #5756, .T. ) ;
#1291 = ORIENTED_EDGE ( 'NONE', *, *, #4153, .F. ) ;
#1292 = PLANE ( 'NONE',  #1436 ) ;
#1293 = FILL_AREA_STYLE ('',( #7271 ) ) ;
#1294 = DIRECTION ( 'NONE',  ( 1.000000000000000000, 0.000000000000000000, 0.000000000000000000 ) ) ;
#1295 = DIRECTION ( 'NONE',  ( 0.000000000000000000, -1.000000000000000000, 5.706327223607912624E-16 ) ) ;
#1296 = CARTESIAN_POINT ( 'NONE',  ( -4.275000000000000355, 0.5500000000000010436, 0.06499999999999994671 ) ) ;
#1297 = PRODUCT_DEFINITION_FORMATION_WITH_SPECIFIED_SOURCE ( 'ANY', '', #1218, .NOT_KNOWN. ) ;
#1298 = CARTESIAN_POINT ( 'NONE',  ( -2.310000000000003162, 3.820000000000000728, -2.024999999999999911 ) ) ;
#1299 = VECTOR ( 'NONE', #1527, 1000.000000000000000 ) ;
#1300 = ORIENTED_EDGE ( 'NONE', *, *, #6906, .F. ) ;
#1301 = VERTEX_POINT ( 'NONE', #3570 ) ;
#1302 = FACE_OUTER_BOUND ( 'NONE', #654, .T. ) ;
#1303 = DIRECTION ( 'NONE',  ( 0.000000000000000000, 0.000000000000000000, -1.000000000000000000 ) ) ;
#1304 = DIRECTION ( 'NONE',  ( 1.000000000000000000, 0.000000000000000000, 0.000000000000000000 ) ) ;
#1305 = ORIENTED_EDGE ( 'NONE', *, *, #343, .T. ) ;
#1306 = DIRECTION ( 'NONE',  ( 0.000000000000000000, -1.000000000000000000, 0.000000000000000000 ) ) ;
#1307 = CARTESIAN_POINT ( 'NONE',  ( 0.000000000000000000, 2.209999999999998188, -0.2750000000000000777 ) ) ;
#1308 = CARTESIAN_POINT ( 'NONE',  ( -7.875000000000000000, 1.903000000000000025, 0.000000000000000000 ) ) ;
#1309 = UNCERTAINTY_MEASURE_WITH_UNIT (LENGTH_MEASURE( 1.000000000000000082E-05 ), #5986, 'distance_accuracy_value', 'NONE');
#1310 = CARTESIAN_POINT ( 'NONE',  ( -4.804399278668253004, 4.250000000000000000, -2.773821216833562087 ) ) ;
#1311 = PLANE ( 'NONE',  #3409 ) ;
#1312 = AXIS2_PLACEMENT_3D ( 'NONE', #2200, #5606, #4457 ) ;
#1313 = EDGE_LOOP ( 'NONE', ( #2997, #6802, #501, #2281 ) ) ;
#1314 = ORIENTED_EDGE ( 'NONE', *, *, #4188, .T. ) ;
#1315 = EDGE_LOOP ( 'NONE', ( #7178, #6231, #3412, #128 ) ) ;
#1316 = FACE_OUTER_BOUND ( 'NONE', #4316, .T. ) ;
#1317 = DIRECTION ( 'NONE',  ( -1.000000000000000000, 0.000000000000000000, 0.000000000000000000 ) ) ;
#1318 = CARTESIAN_POINT ( 'NONE',  ( 0.000000000000000000, 3.965000000000001634, 0.06499999999999994671 ) ) ;
#1319 = CARTESIAN_POINT ( 'NONE',  ( -0.8750000000000007772, 3.400000000000000355, 0.000000000000000000 ) ) ;
#1320 = ORIENTED_EDGE ( 'NONE', *, *, #5879, .F. ) ;
#1321 = CARTESIAN_POINT ( 'NONE',  ( -1.375000000000000444, -1.828238918348616824E-15, -0.1250000000000009992 ) ) ;
#1322 = EDGE_CURVE ( 'NONE', #3316, #1119, #5913, .T. ) ;
#1323 = ORIENTED_EDGE ( 'NONE', *, *, #7442, .F. ) ;
#1324 = LINE ( 'NONE', #5449, #5401 ) ;
#1325 = VECTOR ( 'NONE', #5903, 1000.000000000000000 ) ;
#1326 = CARTESIAN_POINT ( 'NONE',  ( -3.025000000000000799, 0.7800000000000001377, 1.824999999999999289 ) ) ;
#1327 = LINE ( 'NONE', #4873, #1452 ) ;
#1328 = EDGE_LOOP ( 'NONE', ( #7254, #3975, #2265, #7257, #2327, #4718, #2726, #6317, #6996 ) ) ;
#1329 = VECTOR ( 'NONE', #4916, 1000.000000000000000 ) ;
#1330 = FACE_OUTER_BOUND ( 'NONE', #1902, .T. ) ;
#1331 = DIRECTION ( 'NONE',  ( 0.000000000000000000, -1.000000000000000000, -0.000000000000000000 ) ) ;
#1332 = EDGE_CURVE ( 'NONE', #2302, #1416, #6509, .T. ) ;
#1333 = EDGE_CURVE ( 'NONE', #3162, #5437, #4949, .T. ) ;
#1334 = EDGE_CURVE ( 'NONE', #1690, #6255, #3314, .T. ) ;
#1335 = DIRECTION ( 'NONE',  ( 0.000000000000000000, 0.000000000000000000, -1.000000000000000000 ) ) ;
#1336 = CARTESIAN_POINT ( 'NONE',  ( -0.9850000000000006528, 3.400000000000000355, 0.000000000000000000 ) ) ;
#1337 = CARTESIAN_POINT ( 'NONE',  ( 7.875000000000000000, 2.055000000000001048, 2.024999999999999911 ) ) ;
#1338 = APPLICATION_PROTOCOL_DEFINITION ( 'draft international standard', 'automotive_design', 1998, #4760 ) ;
#1339 = AXIS2_PLACEMENT_3D ( 'NONE', #3855, #6307, #1585 ) ;
#1340 = DIRECTION ( 'NONE',  ( 0.000000000000000000, 0.000000000000000000, -1.000000000000000000 ) ) ;
#1341 = ORIENTED_EDGE ( 'NONE', *, *, #5904, .T. ) ;
#1342 = CARTESIAN_POINT ( 'NONE',  ( -5.724999999999999645, 0.000000000000000000, 0.000000000000000000 ) ) ;
#1343 = CARTESIAN_POINT ( 'NONE',  ( -1.475000000000000533, 0.000000000000000000, -0.2750000000000000777 ) ) ;
#1344 = DIRECTION ( 'NONE',  ( -1.000000000000000000, 0.000000000000000000, 0.000000000000000000 ) ) ;
#1345 = ADVANCED_FACE ( 'NONE', ( #5415 ), #6066, .T. ) ;
#1346 = ADVANCED_FACE ( 'NONE', ( #633 ), #3761, .F. ) ;
#1347 = ORIENTED_EDGE ( 'NONE', *, *, #5734, .F. ) ;
#1348 = DIRECTION ( 'NONE',  ( 0.000000000000000000, 0.000000000000000000, 1.000000000000000000 ) ) ;
#1349 = CARTESIAN_POINT ( 'NONE',  ( 0.000000000000000000, 2.760000000000000231, 0.06499999999999994671 ) ) ;
#1350 = LINE ( 'NONE', #1985, #2575 ) ;
#1351 = DIRECTION ( 'NONE',  ( 0.000000000000000000, 0.000000000000000000, -1.000000000000000000 ) ) ;
#1352 = VERTEX_POINT ( 'NONE', #54 ) ;
#1353 = VERTEX_POINT ( 'NONE', #1252 ) ;
#1354 = ORIENTED_EDGE ( 'NONE', *, *, #3103, .T. ) ;
#1355 = DIRECTION ( 'NONE',  ( 0.000000000000000000, -0.000000000000000000, 1.000000000000000000 ) ) ;
#1356 = ORIENTED_EDGE ( 'NONE', *, *, #2266, .F. ) ;
#1357 = LINE ( 'NONE', #2449, #6714 ) ;
#1358 = DIRECTION ( 'NONE',  ( -1.000000000000000000, -0.000000000000000000, -0.000000000000000000 ) ) ;
#1359 = LINE ( 'NONE', #1958, #215 ) ;
#1360 = ORIENTED_EDGE ( 'NONE', *, *, #1649, .T. ) ;
#1361 = AXIS2_PLACEMENT_3D ( 'NONE', #7500, #3976, #1599 ) ;
#1362 = CARTESIAN_POINT ( 'NONE',  ( -2.586250000000001936, 0.000000000000000000, 2.024999999999999911 ) ) ;
#1363 = VERTEX_POINT ( 'NONE', #4222 ) ;
#1364 = VERTEX_POINT ( 'NONE', #5373 ) ;
#1365 = CARTESIAN_POINT ( 'NONE',  ( -1.375000000000001332, 4.120000000000000107, 0.09499999999999961253 ) ) ;
#1366 = LINE ( 'NONE', #631, #2182 ) ;
#1367 = ADVANCED_FACE ( 'NONE', ( #1855 ), #714, .T. ) ;
#1368 = ORIENTED_EDGE ( 'NONE', *, *, #4581, .T. ) ;
#1369 = AXIS2_PLACEMENT_3D ( 'NONE', #5802, #2789, #4646 ) ;
#1370 = CARTESIAN_POINT ( 'NONE',  ( -1.375000000000000444, 1.559999999999999609, 1.949999999999999512 ) ) ;
#1371 = DIRECTION ( 'NONE',  ( 1.000000000000000000, -0.000000000000000000, -0.000000000000000000 ) ) ;
#1372 = CARTESIAN_POINT ( 'NONE',  ( -5.525000000000000355, 1.604999999999999982, 1.362867965644034118 ) ) ;
#1373 = CARTESIAN_POINT ( 'NONE',  ( -1.024999999999999911, 0.5300000000000049116, -0.3250000000000000666 ) ) ;
#1374 = CARTESIAN_POINT ( 'NONE',  ( -7.875000000000000000, 3.400000000000000355, 0.000000000000000000 ) ) ;
#1375 = DIRECTION ( 'NONE',  ( 0.000000000000000000, -1.000000000000000000, 0.000000000000000000 ) ) ;
#1376 = EDGE_LOOP ( 'NONE', ( #385, #6527, #2604, #1556 ) ) ;
#1377 = DIRECTION ( 'NONE',  ( 0.000000000000000000, -1.000000000000000000, 0.000000000000000000 ) ) ;
#1378 = DIRECTION ( 'NONE',  ( -1.000000000000000000, 0.000000000000000000, 0.000000000000000000 ) ) ;
#1379 = DIRECTION ( 'NONE',  ( 0.000000000000000000, 1.000000000000000000, 0.000000000000000000 ) ) ;
#1380 = ORIENTED_EDGE ( 'NONE', *, *, #3275, .F. ) ;
#1381 = CARTESIAN_POINT ( 'NONE',  ( -1.145000000000000240, 1.644999999999999352, 1.949999999999999067 ) ) ;
#1382 = PLANE ( 'NONE',  #2665 ) ;
#1383 = FILL_AREA_STYLE_COLOUR ( '', #5395 ) ;
#1384 = VECTOR ( 'NONE', #5916, 1000.000000000000000 ) ;
#1385 = DIRECTION ( 'NONE',  ( 0.000000000000000000, 0.7071067811865474617, 0.7071067811865474617 ) ) ;
#1386 = EDGE_CURVE ( 'NONE', #6841, #3754, #7239, .T. ) ;
#1387 = EDGE_CURVE ( 'NONE', #1754, #3274, #2425, .T. ) ;
#1388 = EDGE_CURVE ( 'NONE', #3343, #6205, #1891, .T. ) ;
#1389 = EDGE_LOOP ( 'NONE', ( #1113, #1251, #2079, #4124 ) ) ;
#1390 = EDGE_LOOP ( 'NONE', ( #7435, #6961, #4175, #1551, #3750 ) ) ;
#1391 = DIRECTION ( 'NONE',  ( -0.000000000000000000, -1.000000000000000000, -0.000000000000000000 ) ) ;
#1392 = DIRECTION ( 'NONE',  ( -1.000000000000000000, -0.000000000000000000, -0.000000000000000000 ) ) ;
#1393 = DIRECTION ( 'NONE',  ( 1.000000000000000000, 0.000000000000000000, 0.000000000000000000 ) ) ;
#1394 = VECTOR ( 'NONE', #4363, 1000.000000000000000 ) ;
#1395 = VECTOR ( 'NONE', #2733, 1000.000000000000000 ) ;
#1396 = CARTESIAN_POINT ( 'NONE',  ( -7.375000000000000000, 3.500000000000000444, -1.334999999999999742 ) ) ;
#1397 = ORIENTED_EDGE ( 'NONE', *, *, #1553, .T. ) ;
#1398 = PLANE ( 'NONE',  #1778 ) ;
#1399 = ORIENTED_EDGE ( 'NONE', *, *, #7188, .F. ) ;
#1400 = LINE ( 'NONE', #2617, #5579 ) ;
#1401 = DIRECTION ( 'NONE',  ( 0.000000000000000000, -1.000000000000000000, 0.000000000000000000 ) ) ;
#1402 = CARTESIAN_POINT ( 'NONE',  ( -4.275000000000000355, 0.000000000000000000, 2.024999999999999911 ) ) ;
#1404 = ORIENTED_EDGE ( 'NONE', *, *, #3069, .T. ) ;
#1403 = VECTOR ( 'NONE', #4732, 1000.000000000000000 ) ;
#1405 = VECTOR ( 'NONE', #7052, 1000.000000000000000 ) ;
#1406 = DIRECTION ( 'NONE',  ( 1.000000000000000000, 0.000000000000000000, 0.000000000000000000 ) ) ;
#1407 = SURFACE_SIDE_STYLE ('',( #6716 ) ) ;
#1408 = PLANE ( 'NONE',  #6791 ) ;
#1409 = ADVANCED_FACE ( 'NONE', ( #1330 ), #6566, .F. ) ;
#1410 = EDGE_CURVE ( 'NONE', #775, #1846, #1934, .T. ) ;
#1411 = LINE ( 'NONE', #6258, #6579 ) ;
#1412 = VECTOR ( 'NONE', #7169, 1000.000000000000000 ) ;
#1413 = VECTOR ( 'NONE', #3324, 1000.000000000000000 ) ;
#1414 = DIRECTION ( 'NONE',  ( 0.000000000000000000, -1.000000000000000000, -0.000000000000000000 ) ) ;
#1415 = CARTESIAN_POINT ( 'NONE',  ( -7.375000000000000888, 2.209999999999998188, -2.496936092690336118 ) ) ;
#1416 = VERTEX_POINT ( 'NONE', #93 ) ;
#1417 = CARTESIAN_POINT ( 'NONE',  ( -0.8750000000000007772, 0.3399999999999997469, -1.464999999999999636 ) ) ;
#1418 = FACE_OUTER_BOUND ( 'NONE', #74, .T. ) ;
#1419 = DIRECTION ( 'NONE',  ( -0.000000000000000000, -1.000000000000000000, -0.000000000000000000 ) ) ;
#1420 = ORIENTED_EDGE ( 'NONE', *, *, #5552, .F. ) ;
#1421 = ADVANCED_FACE ( 'NONE', ( #6643 ), #1292, .T. ) ;
#1422 = EDGE_CURVE ( 'NONE', #5944, #684, #3726, .T. ) ;
#1423 = CARTESIAN_POINT ( 'NONE',  ( -1.408343819019456028E-16, 2.490000000000001545, -1.224999999999999867 ) ) ;
#1424 = CARTESIAN_POINT ( 'NONE',  ( -7.375000000000000888, 0.000000000000000000, 0.06499999999999994671 ) ) ;
#1425 = VECTOR ( 'NONE', #6789, 1000.000000000000114 ) ;
#1426 = CARTESIAN_POINT ( 'NONE',  ( -4.474999999999999645, 1.630000000000000782, -1.464999999999999636 ) ) ;
#1427 = ORIENTED_EDGE ( 'NONE', *, *, #2773, .T. ) ;
#1428 = ORIENTED_EDGE ( 'NONE', *, *, #4746, .F. ) ;
#1429 = ORIENTED_EDGE ( 'NONE', *, *, #5368, .F. ) ;
#1430 = LINE ( 'NONE', #4971, #2032 ) ;
#1431 = EDGE_CURVE ( 'NONE', #7450, #2098, #169, .T. ) ;
#1432 = EDGE_CURVE ( 'NONE', #5291, #1942, #6682, .T. ) ;
#1433 = CARTESIAN_POINT ( 'NONE',  ( -5.724999999999999645, 1.454999999999999849, 1.212867965644033985 ) ) ;
#1434 = EDGE_CURVE ( 'NONE', #2170, #6392, #1083, .T. ) ;
#1435 = CARTESIAN_POINT ( 'NONE',  ( -4.474999999999999645, 0.5500000000000010436, 2.024999999999999911 ) ) ;
#1436 = AXIS2_PLACEMENT_3D ( 'NONE', #4262, #2464, #797 ) ;
#1437 = CARTESIAN_POINT ( 'NONE',  ( -7.875000000000000000, 4.250000000000000000, 0.09499999999999959865 ) ) ;
#1438 = ORIENTED_EDGE ( 'NONE', *, *, #6571, .T. ) ;
#1439 = ORIENTED_EDGE ( 'NONE', *, *, #5230, .T. ) ;
#1440 = ADVANCED_FACE ( 'NONE', ( #4008 ), #5735, .T. ) ;
#1441 = FACE_OUTER_BOUND ( 'NONE', #4740, .T. ) ;
#1442 = DIRECTION ( 'NONE',  ( 1.000000000000000000, -1.197572355469997778E-16, 0.000000000000000000 ) ) ;
#1443 = VECTOR ( 'NONE', #1385, 1000.000000000000114 ) ;
#1444 = DIRECTION ( 'NONE',  ( 0.000000000000000000, 0.000000000000000000, -1.000000000000000000 ) ) ;
#1445 = ORIENTED_EDGE ( 'NONE', *, *, #2246, .F. ) ;
#1446 = CARTESIAN_POINT ( 'NONE',  ( -1.145000000000000240, 0.7800000000000000266, -0.3250000000000000666 ) ) ;
#1447 = DIRECTION ( 'NONE',  ( -0.000000000000000000, -0.000000000000000000, 1.000000000000000000 ) ) ;
#1448 = VECTOR ( 'NONE', #7261, 1000.000000000000000 ) ;
#1449 = LINE ( 'NONE', #871, #148 ) ;
#1450 = DIRECTION ( 'NONE',  ( 1.000000000000000000, 0.000000000000000000, 0.000000000000000000 ) ) ;
#1451 = LINE ( 'NONE', #7390, #3791 ) ;
#1452 = VECTOR ( 'NONE', #1930, 1000.000000000000000 ) ;
#1453 = VECTOR ( 'NONE', #5049, 1000.000000000000000 ) ;
#1454 = EDGE_LOOP ( 'NONE', ( #5498, #5111, #103, #7142 ) ) ;
#1455 = DIRECTION ( 'NONE',  ( 0.000000000000000000, -0.7071067811865490160, 0.7071067811865461294 ) ) ;
#1456 = CARTESIAN_POINT ( 'NONE',  ( -1.949999999999999512, 3.820000000000000728, -2.024999999999999911 ) ) ;
#1457 = LINE ( 'NONE', #6795, #2086 ) ;
#1458 = VERTEX_POINT ( 'NONE', #464 ) ;
#1459 = CARTESIAN_POINT ( 'NONE',  ( -1.024999999999999911, 1.759999999999999121, 1.274999999999999911 ) ) ;
#1460 = DIRECTION ( 'NONE',  ( 0.000000000000000000, 0.000000000000000000, 1.000000000000000000 ) ) ;
#1461 = DIRECTION ( 'NONE',  ( -1.000000000000000000, 0.000000000000000000, -0.000000000000000000 ) ) ;
#1462 = EDGE_CURVE ( 'NONE', #1120, #7536, #7308, .T. ) ;
#1463 = EDGE_LOOP ( 'NONE', ( #4678, #3628, #1925, #2304 ) ) ;
#1464 = VECTOR ( 'NONE', #3737, 1000.000000000000000 ) ;
#1465 = VERTEX_POINT ( 'NONE', #5166 ) ;
#1466 = ORIENTED_EDGE ( 'NONE', *, *, #1649, .F. ) ;
#1467 = DIRECTION ( 'NONE',  ( 1.000000000000000000, -0.000000000000000000, -0.000000000000000000 ) ) ;
#1468 = FACE_OUTER_BOUND ( 'NONE', #6090, .T. ) ;
#1469 = DIRECTION ( 'NONE',  ( 0.000000000000000000, -1.000000000000000000, 0.000000000000000000 ) ) ;
#1470 = CARTESIAN_POINT ( 'NONE',  ( -1.735000000000000320, 4.120000000000000107, 0.000000000000000000 ) ) ;
#1471 = EDGE_CURVE ( 'NONE', #2492, #6821, #6318, .T. ) ;
#1472 = EDGE_CURVE ( 'NONE', #4622, #1560, #2141, .T. ) ;
#1473 = VERTEX_POINT ( 'NONE', #3474 ) ;
#1474 = DIRECTION ( 'NONE',  ( 0.000000000000000000, -0.000000000000000000, -1.000000000000000000 ) ) ;
#1475 = ORIENTED_EDGE ( 'NONE', *, *, #5109, .F. ) ;
#1476 = LINE ( 'NONE', #3866, #2238 ) ;
#1477 = AXIS2_PLACEMENT_3D ( 'NONE', #5528, #2590, #6145 ) ;
#1478 = DIRECTION ( 'NONE',  ( -0.000000000000000000, 0.000000000000000000, -1.000000000000000000 ) ) ;
#1479 = CARTESIAN_POINT ( 'NONE',  ( -6.790000000000000036, 2.760000000000000231, 1.824999999999999289 ) ) ;
#1480 = ADVANCED_FACE ( 'NONE', ( #7494 ), #3799, .T. ) ;
#1481 = EDGE_CURVE ( 'NONE', #5072, #7527, #1555, .T. ) ;
#1482 = EDGE_CURVE ( 'NONE', #6238, #6537, #5776, .T. ) ;
#1483 = VERTEX_POINT ( 'NONE', #831 ) ;
#1484 = PLANE ( 'NONE',  #6481 ) ;
#1485 = DIRECTION ( 'NONE',  ( 1.000000000000000000, 1.197572355469997778E-16, 0.000000000000000000 ) ) ;
#1486 = DIRECTION ( 'NONE',  ( 0.000000000000000000, 0.000000000000000000, -1.000000000000000000 ) ) ;
#1487 = CARTESIAN_POINT ( 'NONE',  ( -4.062499999999999112, 1.855000000000000204, 0.06499999999999994671 ) ) ;
#1488 = DIRECTION ( 'NONE',  ( 1.000000000000000000, 0.000000000000000000, 0.000000000000000000 ) ) ;
#1489 = VECTOR ( 'NONE', #7049, 1000.000000000000000 ) ;
#1490 = CARTESIAN_POINT ( 'NONE',  ( -5.525000000000000355, 1.049567419867294182, 1.469141641133302034 ) ) ;
#1491 = VERTEX_POINT ( 'NONE', #504 ) ;
#1492 = DIRECTION ( 'NONE',  ( 0.000000000000000000, 0.000000000000000000, -1.000000000000000000 ) ) ;
#1493 = LINE ( 'NONE', #2241, #6591 ) ;
#1494 = FACE_OUTER_BOUND ( 'NONE', #2717, .T. ) ;
#1495 = ORIENTED_EDGE ( 'NONE', *, *, #4378, .F. ) ;
#1496 = CARTESIAN_POINT ( 'NONE',  ( -6.363749999999999574, 2.255000000000000338, 0.06499999999999994671 ) ) ;
#1497 = CARTESIAN_POINT ( 'NONE',  ( -7.605000000000000426, 0.000000000000000000, -2.496936092690336118 ) ) ;
#1498 = DIRECTION ( 'NONE',  ( 1.000000000000000000, 0.000000000000000000, 0.000000000000000000 ) ) ;
#1499 = ORIENTED_EDGE ( 'NONE', *, *, #3661, .F. ) ;
#1500 = ORIENTED_EDGE ( 'NONE', *, *, #7034, .T. ) ;
#1501 = SURFACE_STYLE_USAGE ( .BOTH. , #2132 ) ;
#1502 = ORIENTED_EDGE ( 'NONE', *, *, #1819, .F. ) ;
#1503 = VERTEX_POINT ( 'NONE', #7449 ) ;
#1504 = CARTESIAN_POINT ( 'NONE',  ( -7.325000000000001954, 2.259999999999999343, 2.024999999999999911 ) ) ;
#1505 = LINE ( 'NONE', #6741, #173 ) ;
#1506 = VECTOR ( 'NONE', #5140, 1000.000000000000000 ) ;
#1507 = AXIS2_PLACEMENT_3D ( 'NONE', #1423, #7325, #6156 ) ;
#1508 = EDGE_CURVE ( 'NONE', #3923, #3219, #7568, .T. ) ;
#1509 = EDGE_CURVE ( 'NONE', #825, #4093, #1631, .T. ) ;
#1510 = LINE ( 'NONE', #891, #1453 ) ;
#1511 = ORIENTED_EDGE ( 'NONE', *, *, #3186, .F. ) ;
#1512 = ORIENTED_EDGE ( 'NONE', *, *, #2476, .T. ) ;
#1513 = LINE ( 'NONE', #3586, #7429 ) ;
#1514 = ORIENTED_EDGE ( 'NONE', *, *, #3785, .T. ) ;
#1515 = ADVANCED_FACE ( 'NONE', ( #383 ), #3392, .T. ) ;
#1516 = DIRECTION ( 'NONE',  ( 0.000000000000000000, -0.000000000000000000, -1.000000000000000000 ) ) ;
#1517 = EDGE_CURVE ( 'NONE', #1458, #3143, #2850, .T. ) ;
#1518 = VECTOR ( 'NONE', #1331, 1000.000000000000000 ) ;
#1519 = AXIS2_PLACEMENT_3D ( 'NONE', #6667, #2407, #1355 ) ;
#1520 = DIRECTION ( 'NONE',  ( 0.000000000000000000, -0.7071067811865491270, -0.7071067811865459074 ) ) ;
#1521 = VECTOR ( 'NONE', #6175, 1000.000000000000000 ) ;
#1522 = VECTOR ( 'NONE', #4237, 1000.000000000000000 ) ;
#1523 = ORIENTED_EDGE ( 'NONE', *, *, #208, .F. ) ;
#1524 =( NAMED_UNIT ( * ) PLANE_ANGLE_UNIT ( ) SI_UNIT ( $, .RADIAN. ) );
#1525 = CARTESIAN_POINT ( 'NONE',  ( -4.474999999999999645, 0.000000000000000000, 0.06499999999999994671 ) ) ;
#1526 = EDGE_CURVE ( 'NONE', #4411, #6308, #2886, .T. ) ;
#1527 = DIRECTION ( 'NONE',  ( -1.000000000000000000, 0.000000000000000000, 0.000000000000000000 ) ) ;
#1528 = VECTOR ( 'NONE', #3455, 1000.000000000000000 ) ;
#1529 = VECTOR ( 'NONE', #3700, 1000.000000000000000 ) ;
#1530 = LINE ( 'NONE', #5030, #7202 ) ;
#1531 = ORIENTED_EDGE ( 'NONE', *, *, #7283, .T. ) ;
#1532 = CYLINDRICAL_SURFACE ( 'NONE', #6389, 0.08500000000000000611 ) ;
#1533 = PLANE ( 'NONE',  #5000 ) ;
#1534 = DIRECTION ( 'NONE',  ( 0.000000000000000000, 0.000000000000000000, -1.000000000000000000 ) ) ;
#1535 = AXIS2_PLACEMENT_3D ( 'NONE', #6731, #7251, #6578 ) ;
#1536 = VERTEX_POINT ( 'NONE', #1041 ) ;
#1537 = VECTOR ( 'NONE', #1956, 1000.000000000000000 ) ;
#1538 = PLANE ( 'NONE',  #5841 ) ;
#1539 = DIRECTION ( 'NONE',  ( -1.000000000000000000, -0.000000000000000000, -0.000000000000000000 ) ) ;
#1540 = CARTESIAN_POINT ( 'NONE',  ( -8.750000000000000000, 2.085000000000000409, 2.024999999999999911 ) ) ;
#1541 = AXIS2_PLACEMENT_3D ( 'NONE', #5953, #2243, #3535 ) ;
#1542 = ORIENTED_EDGE ( 'NONE', *, *, #5176, .F. ) ;
#1543 = ORIENTED_EDGE ( 'NONE', *, *, #2285, .F. ) ;
#1544 = DIRECTION ( 'NONE',  ( 0.000000000000000000, 1.000000000000000000, 0.000000000000000000 ) ) ;
#1545 = ORIENTED_EDGE ( 'NONE', *, *, #6594, .T. ) ;
#1546 = VERTEX_POINT ( 'NONE', #242 ) ;
#1547 = DIRECTION ( 'NONE',  ( -0.000000000000000000, -0.000000000000000000, 1.000000000000000000 ) ) ;
#1548 = DIRECTION ( 'NONE',  ( 1.000000000000000000, 1.197572355469997778E-16, 0.000000000000000000 ) ) ;
#1549 = VECTOR ( 'NONE', #945, 1000.000000000000000 ) ;
#1550 = PLANE ( 'NONE',  #2829 ) ;
#1551 = ORIENTED_EDGE ( 'NONE', *, *, #3716, .T. ) ;
#1552 = CARTESIAN_POINT ( 'NONE',  ( -1.950000000000000400, 3.240000000000000657, -2.024999999999999911 ) ) ;
#1553 = EDGE_CURVE ( 'NONE', #6519, #4727, #3436, .T. ) ;
#1554 = EDGE_CURVE ( 'NONE', #2072, #5296, #5245, .T. ) ;
#1555 = LINE ( 'NONE', #3972, #82 ) ;
#1556 = ORIENTED_EDGE ( 'NONE', *, *, #5787, .T. ) ;
#1557 = ORIENTED_EDGE ( 'NONE', *, *, #10, .F. ) ;
#1558 = CARTESIAN_POINT ( 'NONE',  ( -4.275000000000000355, 0.000000000000000000, 0.06499999999999994671 ) ) ;
#1559 = FACE_OUTER_BOUND ( 'NONE', #4624, .T. ) ;
#1560 = VERTEX_POINT ( 'NONE', #6963 ) ;
#1561 = CARTESIAN_POINT ( 'NONE',  ( -5.525000000000000355, 0.000000000000000000, 2.024999999999999911 ) ) ;
#1562 = VECTOR ( 'NONE', #1377, 1000.000000000000000 ) ;
#1563 = ORIENTED_EDGE ( 'NONE', *, *, #1096, .T. ) ;
#1564 = FACE_OUTER_BOUND ( 'NONE', #2185, .T. ) ;
#1565 = CARTESIAN_POINT ( 'NONE',  ( -7.875000000000000000, 0.3399999999999997469, 0.000000000000000000 ) ) ;
#1566 = ORIENTED_EDGE ( 'NONE', *, *, #2424, .F. ) ;
#1567 = PLANE ( 'NONE',  #5231 ) ;
#1568 = DIRECTION ( 'NONE',  ( -1.000000000000000000, 0.000000000000000000, 0.000000000000000000 ) ) ;
#1569 = DIRECTION ( 'NONE',  ( 1.000000000000000000, 0.000000000000000000, 0.000000000000000000 ) ) ;
#1570 = ORIENTED_EDGE ( 'NONE', *, *, #7043, .T. ) ;
#1571 = VECTOR ( 'NONE', #5566, 1000.000000000000000 ) ;
#1572 = EDGE_CURVE ( 'NONE', #5765, #6878, #2621, .T. ) ;
#1573 = DIRECTION ( 'NONE',  ( 0.000000000000000000, 0.000000000000000000, -1.000000000000000000 ) ) ;
#1574 = DIRECTION ( 'NONE',  ( 0.000000000000000000, -0.7071067811865352493, 0.7071067811865597852 ) ) ;
#1575 = PLANE ( 'NONE',  #4568 ) ;
#1576 = PLANE ( 'NONE',  #251 ) ;
#1577 = DIRECTION ( 'NONE',  ( 1.000000000000000000, 0.000000000000000000, -0.000000000000000000 ) ) ;
#1578 = DIRECTION ( 'NONE',  ( 1.000000000000000000, 0.000000000000000000, 0.000000000000000000 ) ) ;
#1579 = AXIS2_PLACEMENT_3D ( 'NONE', #1, #4741, #1635 ) ;
#1580 = LINE ( 'NONE', #2836, #950 ) ;
#1581 = ORIENTED_EDGE ( 'NONE', *, *, #1878, .T. ) ;
#1582 = ORIENTED_EDGE ( 'NONE', *, *, #3715, .F. ) ;
#1583 = EDGE_CURVE ( 'NONE', #612, #3748, #7603, .T. ) ;
#1584 = EDGE_CURVE ( 'NONE', #5658, #316, #6580, .T. ) ;
#1585 = DIRECTION ( 'NONE',  ( 0.000000000000000000, -1.000000000000000000, 0.000000000000000000 ) ) ;
#1586 = AXIS2_PLACEMENT_3D ( 'NONE', #7361, #5711, #6761 ) ;
#1587 = VERTEX_POINT ( 'NONE', #2191 ) ;
#1588 = ORIENTED_EDGE ( 'NONE', *, *, #6681, .T. ) ;
#1589 = LINE ( 'NONE', #416, #7075 ) ;
#1590 = PLANE ( 'NONE',  #2649 ) ;
#1591 = CARTESIAN_POINT ( 'NONE',  ( -7.375000000000000000, 3.500000000000000444, 0.000000000000000000 ) ) ;
#1592 = ORIENTED_EDGE ( 'NONE', *, *, #4188, .F. ) ;
#1593 = LINE ( 'NONE', #2221, #347 ) ;
#1594 = ORIENTED_EDGE ( 'NONE', *, *, #760, .F. ) ;
#1595 = DIRECTION ( 'NONE',  ( 1.000000000000000000, 0.000000000000000000, 0.000000000000000000 ) ) ;
#1596 = ORIENTED_EDGE ( 'NONE', *, *, #1933, .F. ) ;
#1597 = CARTESIAN_POINT ( 'NONE',  ( -7.500000000000000000, 3.500000000000000444, 0.09499999999999966804 ) ) ;
#1598 = ORIENTED_EDGE ( 'NONE', *, *, #3691, .T. ) ;
#1599 = DIRECTION ( 'NONE',  ( 1.000000000000000000, 0.000000000000000000, 0.000000000000000000 ) ) ;
#1600 = DIRECTION ( 'NONE',  ( 1.000000000000000000, 0.000000000000000000, 0.000000000000000000 ) ) ;
#1601 = ORIENTED_EDGE ( 'NONE', *, *, #6510, .F. ) ;
#1602 = VERTEX_POINT ( 'NONE', #6896 ) ;
#1603 = DIRECTION ( 'NONE',  ( 0.000000000000000000, -1.000000000000000000, 0.000000000000000000 ) ) ;
#1604 = DIRECTION ( 'NONE',  ( 1.000000000000000000, 0.000000000000000000, 0.000000000000000000 ) ) ;
#1605 = EDGE_CURVE ( 'NONE', #3143, #5933, #25, .T. ) ;
#1606 = DIRECTION ( 'NONE',  ( -0.000000000000000000, -0.000000000000000000, 1.000000000000000000 ) ) ;
#1607 = LINE ( 'NONE', #5753, #5745 ) ;
#1608 = VECTOR ( 'NONE', #317, 1000.000000000000000 ) ;
#1609 = ORIENTED_EDGE ( 'NONE', *, *, #1683, .F. ) ;
#1610 = DIRECTION ( 'NONE',  ( -1.000000000000000000, 0.000000000000000000, 0.000000000000000000 ) ) ;
#1611 = CARTESIAN_POINT ( 'NONE',  ( -7.875000000000000000, 2.400000000000000355, 0.000000000000000000 ) ) ;
#1612 = CARTESIAN_POINT ( 'NONE',  ( 7.875000000000000000, 0.000000000000000000, -1.315000000000000169 ) ) ;
#1613 = VECTOR ( 'NONE', #427, 1000.000000000000000 ) ;
#1614 = ADVANCED_FACE ( 'NONE', ( #4122 ), #4163, .T. ) ;
#1615 = CARTESIAN_POINT ( 'NONE',  ( -1.375000000000000444, 2.209999999999999520, 1.975000000000001865 ) ) ;
#1616 = SHAPE_REPRESENTATION_RELATIONSHIP ( 'NONE' , 'NONE' ,  #1046, #100 ) ;
#1617 = PLANE ( 'NONE',  #286 ) ;
#1618 = ORIENTED_EDGE ( 'NONE', *, *, #4252, .T. ) ;
#1619 = ORIENTED_EDGE ( 'NONE', *, *, #6545, .T. ) ;
#1620 = VECTOR ( 'NONE', #6267, 1000.000000000000000 ) ;
#1621 = ORIENTED_EDGE ( 'NONE', *, *, #2435, .T. ) ;
#1622 = ORIENTED_EDGE ( 'NONE', *, *, #7608, .T. ) ;
#1623 = LINE ( 'NONE', #995, #4141 ) ;
#1624 = CARTESIAN_POINT ( 'NONE',  ( -7.015000000000000568, 1.903000000000000025, -1.724999999999999867 ) ) ;
#1625 = CARTESIAN_POINT ( 'NONE',  ( -1.145000000000000240, 0.5300000000000049116, -0.3250000000000000666 ) ) ;
#1626 = EDGE_CURVE ( 'NONE', #5775, #5508, #6507, .T. ) ;
#1627 = ADVANCED_FACE ( 'NONE', ( #4777 ), #6546, .F. ) ;
#1628 = LINE ( 'NONE', #5313, #1403 ) ;
#1629 = EDGE_LOOP ( 'NONE', ( #1824, #7095, #960, #7293 ) ) ;
#1630 = ORIENTED_EDGE ( 'NONE', *, *, #6451, .F. ) ;
#1631 = LINE ( 'NONE', #7528, #7479 ) ;
#1632 = ORIENTED_EDGE ( 'NONE', *, *, #2014, .F. ) ;
#1633 = DIRECTION ( 'NONE',  ( 1.000000000000000000, 0.000000000000000000, 0.000000000000000000 ) ) ;
#1634 = ORIENTED_EDGE ( 'NONE', *, *, #4537, .T. ) ;
#1635 = DIRECTION ( 'NONE',  ( 0.000000000000000000, 0.000000000000000000, 1.000000000000000000 ) ) ;
#1636 = ORIENTED_EDGE ( 'NONE', *, *, #7647, .F. ) ;
#1637 = CARTESIAN_POINT ( 'NONE',  ( -7.275000000000000355, 0.4800000000000000377, 2.024999999999999911 ) ) ;
#1638 = LINE ( 'NONE', #7419, #4017 ) ;
#1639 = DIRECTION ( 'NONE',  ( 0.000000000000000000, -1.000000000000000000, 0.000000000000000000 ) ) ;
#1640 = CARTESIAN_POINT ( 'NONE',  ( -4.474999999999999645, 0.000000000000000000, 2.024999999999999911 ) ) ;
#1641 = LINE ( 'NONE', #6938, #6246 ) ;
#1642 = PRESENTATION_LAYER_ASSIGNMENT (  '', '', ( #2768 ) ) ;
#1643 = VECTOR ( 'NONE', #4014, 1000.000000000000000 ) ;
#1644 = VECTOR ( 'NONE', #4982, 1000.000000000000000 ) ;
#1645 = ORIENTED_EDGE ( 'NONE', *, *, #3869, .F. ) ;
#1646 = LINE ( 'NONE', #1019, #3439 ) ;
#1647 = PLANE ( 'NONE',  #5979 ) ;
#1648 = ADVANCED_FACE ( 'NONE', ( #5961 ), #1267, .T. ) ;
#1649 = EDGE_CURVE ( 'NONE', #4857, #5535, #4204, .T. ) ;
#1650 = CARTESIAN_POINT ( 'NONE',  ( -0.8750000000000007772, 0.000000000000000000, 1.324999999999999734 ) ) ;
#1651 = AXIS2_PLACEMENT_3D ( 'NONE', #3009, #4744, #2858 ) ;
#1652 = CARTESIAN_POINT ( 'NONE',  ( -7.875000000000000000, 0.3399999999999997469, -1.464999999999999636 ) ) ;
#1653 = DIRECTION ( 'NONE',  ( 1.000000000000000000, 0.000000000000000000, 0.000000000000000000 ) ) ;
#1654 = CARTESIAN_POINT ( 'NONE',  ( -0.8750000000000007772, 0.1800000000000000488, -1.315000000000000169 ) ) ;
#1655 = VERTEX_POINT ( 'NONE', #3978 ) ;
#1656 = ORIENTED_EDGE ( 'NONE', *, *, #2923, .F. ) ;
#1657 = VECTOR ( 'NONE', #1707, 1000.000000000000000 ) ;
#1658 = AXIS2_PLACEMENT_3D ( 'NONE', #7277, #802, #3694 ) ;
#1659 = FACE_OUTER_BOUND ( 'NONE', #3196, .T. ) ;
#1660 = ADVANCED_FACE ( 'NONE', ( #6004 ), #1784, .F. ) ;
#1661 = EDGE_LOOP ( 'NONE', ( #6435, #6701, #3154, #7580, #1314 ) ) ;
#1662 = ORIENTED_EDGE ( 'NONE', *, *, #4851, .T. ) ;
#1663 = LINE ( 'NONE', #5888, #1279 ) ;
#1664 = LINE ( 'NONE', #4082, #6355 ) ;
#1665 = DIRECTION ( 'NONE',  ( 1.000000000000000000, 0.000000000000000000, 0.000000000000000000 ) ) ;
#1666 = VECTOR ( 'NONE', #6905, 1000.000000000000000 ) ;
#1667 = VECTOR ( 'NONE', #4973, 1000.000000000000000 ) ;
#1668 = FACE_OUTER_BOUND ( 'NONE', #4285, .T. ) ;
#1669 = EDGE_LOOP ( 'NONE', ( #2558, #4497, #7526, #2255 ) ) ;
#1670 = ORIENTED_EDGE ( 'NONE', *, *, #1145, .T. ) ;
#1671 = ADVANCED_FACE ( 'NONE', ( #1741 ), #7645, .T. ) ;
#1672 = EDGE_CURVE ( 'NONE', #1005, #2742, #4731, .T. ) ;
#1673 = CARTESIAN_POINT ( 'NONE',  ( -1.145000000000000240, 0.000000000000000000, 2.024999999999999911 ) ) ;
#1674 = ADVANCED_FACE ( 'NONE', ( #4557 ), #3400, .T. ) ;
#1675 = VERTEX_POINT ( 'NONE', #2924 ) ;
#1676 = CARTESIAN_POINT ( 'NONE',  ( -3.025000000000000799, 2.085000000000000409, -1.464999999999999636 ) ) ;
#1677 = VERTEX_POINT ( 'NONE', #1154 ) ;
#1678 = PLANE ( 'NONE',  #4645 ) ;
#1679 = CARTESIAN_POINT ( 'NONE',  ( -1.375000000000001332, 3.500000000000000444, 0.06499999999999994671 ) ) ;
#1680 = VECTOR ( 'NONE', #5029, 1000.000000000000000 ) ;
#1681 = PLANE ( 'NONE',  #4444 ) ;
#1682 = ADVANCED_FACE ( 'NONE', ( #3548 ), #7062, .F. ) ;
#1683 = EDGE_CURVE ( 'NONE', #7205, #3679, #3622, .T. ) ;
#1684 = EDGE_LOOP ( 'NONE', ( #880, #969, #925, #5031 ) ) ;
#1685 = ORIENTED_EDGE ( 'NONE', *, *, #3052, .T. ) ;
#1686 = FACE_OUTER_BOUND ( 'NONE', #581, .T. ) ;
#1687 = LINE ( 'NONE', #4067, #3641 ) ;
#1688 = FACE_OUTER_BOUND ( 'NONE', #452, .T. ) ;
#1689 = VECTOR ( 'NONE', #6793, 1000.000000000000000 ) ;
#1690 = VERTEX_POINT ( 'NONE', #7100 ) ;
#1691 = DIRECTION ( 'NONE',  ( 0.000000000000000000, 0.000000000000000000, 1.000000000000000000 ) ) ;
#1692 = ORIENTED_EDGE ( 'NONE', *, *, #5037, .F. ) ;
#1693 = CARTESIAN_POINT ( 'NONE',  ( -5.525000000000000355, -1.084202172485503941E-16, -1.810000000000000053 ) ) ;
#1694 = PLANE ( 'NONE',  #1369 ) ;
#1695 = CARTESIAN_POINT ( 'NONE',  ( -4.275000000000001243, 2.085000000000000409, -2.024999999999999467 ) ) ;
#1696 = CYLINDRICAL_SURFACE ( 'NONE', #4516, 0.08500000000000000611 ) ;
#1697 = VECTOR ( 'NONE', #2764, 1000.000000000000000 ) ;
#1698 = ORIENTED_EDGE ( 'NONE', *, *, #2014, .T. ) ;
#1699 = DIRECTION ( 'NONE',  ( 0.000000000000000000, -1.000000000000000000, 0.000000000000000000 ) ) ;
#1700 = ORIENTED_EDGE ( 'NONE', *, *, #5325, .T. ) ;
#1701 = VERTEX_POINT ( 'NONE', #647 ) ;
#1702 = DIRECTION ( 'NONE',  ( 1.000000000000000000, 1.197572355469997778E-16, 0.000000000000000000 ) ) ;
#1703 = CLOSED_SHELL ( 'NONE', ( #3921, #6603, #1898, #7176, #2816, #5281, #1648, #996, #725, #5379, #979, #1346, #5844, #1767, #2912, #7596 ) ) ;
#1704 = CARTESIAN_POINT ( 'NONE',  ( -2.499999999999998224, 5.180784344989602248E-17, 1.938749999999996421 ) ) ;
#1705 = VECTOR ( 'NONE', #4332, 1000.000000000000000 ) ;
#1706 = LINE ( 'NONE', #4161, #2087 ) ;
#1707 = DIRECTION ( 'NONE',  ( 1.000000000000000000, 0.000000000000000000, 0.000000000000000000 ) ) ;
#1708 = ORIENTED_EDGE ( 'NONE', *, *, #4039, .T. ) ;
#1709 = VECTOR ( 'NONE', #1126, 1000.000000000000000 ) ;
#1710 = ORIENTED_EDGE ( 'NONE', *, *, #5942, .T. ) ;
#1711 = VERTEX_POINT ( 'NONE', #3035 ) ;
#1712 = LINE ( 'NONE', #5205, #4386 ) ;
#1713 = VERTEX_POINT ( 'NONE', #7328 ) ;
#1714 = CARTESIAN_POINT ( 'NONE',  ( -4.275000000000000355, 0.000000000000000000, -2.024999999999999911 ) ) ;
#1715 = ADVANCED_FACE ( 'NONE', ( #225 ), #6123, .F. ) ;
#1716 = CARTESIAN_POINT ( 'NONE',  ( -5.525000000000000355, 1.630000000000000560, -2.024999999999999911 ) ) ;
#1717 = AXIS2_PLACEMENT_3D ( 'NONE', #2357, #5233, #2877 ) ;
#1718 = VERTEX_POINT ( 'NONE', #1950 ) ;
#1719 = CARTESIAN_POINT ( 'NONE',  ( -6.439999999999997726, 3.820000000000000728, -1.224999999999999867 ) ) ;
#1720 = ORIENTED_EDGE ( 'NONE', *, *, #2722, .F. ) ;
#1721 = PLANE ( 'NONE',  #4229 ) ;
#1722 = EDGE_LOOP ( 'NONE', ( #5905, #5157, #1779, #4707 ) ) ;
#1723 = EDGE_CURVE ( 'NONE', #1536, #3178, #7211, .T. ) ;
#1724 = FACE_OUTER_BOUND ( 'NONE', #1283, .T. ) ;
#1725 = EDGE_CURVE ( 'NONE', #6309, #7215, #1906, .T. ) ;
#1726 = EDGE_CURVE ( 'NONE', #4980, #2893, #6620, .T. ) ;
#1727 = VERTEX_POINT ( 'NONE', #883 ) ;
#1728 = DIRECTION ( 'NONE',  ( 0.000000000000000000, -1.000000000000000000, 0.000000000000000000 ) ) ;
#1729 = CARTESIAN_POINT ( 'NONE',  ( 0.000000000000000000, 0.000000000000000000, -1.224999999999999867 ) ) ;
#1730 = DIRECTION ( 'NONE',  ( 0.000000000000000000, 0.000000000000000000, 1.000000000000000000 ) ) ;
#1731 = CARTESIAN_POINT ( 'NONE',  ( -1.375000000000000444, 1.719999999999999529, 2.024999999999999911 ) ) ;
#1732 = DIRECTION ( 'NONE',  ( 1.000000000000000000, 0.000000000000000000, 0.000000000000000000 ) ) ;
#1733 = VECTOR ( 'NONE', #5703, 1000.000000000000000 ) ;
#1734 = CARTESIAN_POINT ( 'NONE',  ( -7.765000000000000568, 2.400000000000000355, 0.000000000000000000 ) ) ;
#1735 = ORIENTED_EDGE ( 'NONE', *, *, #2272, .F. ) ;
#1736 = CARTESIAN_POINT ( 'NONE',  ( 0.000000000000000000, 1.855000000000000204, 0.06499999999999994671 ) ) ;
#1737 = EDGE_LOOP ( 'NONE', ( #3518, #5113, #4545, #1854, #5628 ) ) ;
#1738 = DIRECTION ( 'NONE',  ( 1.000000000000000000, -0.000000000000000000, -0.000000000000000000 ) ) ;
#1739 = CARTESIAN_POINT ( 'NONE',  ( -5.525000000000000355, 0.7799999999999999156, 1.824999999999999289 ) ) ;
#1740 = PLANE ( 'NONE',  #5434 ) ;
#1741 = FACE_OUTER_BOUND ( 'NONE', #1313, .T. ) ;
#1742 = CARTESIAN_POINT ( 'NONE',  ( -0.8750000000000007772, 0.000000000000000000, 2.024999999999999911 ) ) ;
#1744 = ORIENTED_EDGE ( 'NONE', *, *, #5787, .F. ) ;
#1743 = VECTOR ( 'NONE', #3924, 1000.000000000000000 ) ;
#1745 = ORIENTED_EDGE ( 'NONE', *, *, #6870, .F. ) ;
#1746 = ORIENTED_EDGE ( 'NONE', *, *, #7235, .F. ) ;
#1747 = ORIENTED_EDGE ( 'NONE', *, *, #4919, .F. ) ;
#1748 = DIRECTION ( 'NONE',  ( -1.000000000000000000, 0.000000000000000000, 0.000000000000000000 ) ) ;
#1749 = EDGE_CURVE ( 'NONE', #6537, #6575, #4932, .T. ) ;
#1750 = EDGE_CURVE ( 'NONE', #7183, #5736, #5503, .T. ) ;
#1751 = ORIENTED_EDGE ( 'NONE', *, *, #2804, .T. ) ;
#1752 = CARTESIAN_POINT ( 'NONE',  ( -4.275000000000000355, 2.055000000000001048, 2.024999999999999911 ) ) ;
#1753 = DIRECTION ( 'NONE',  ( 0.000000000000000000, -1.000000000000000000, 0.000000000000000000 ) ) ;
#1754 = VERTEX_POINT ( 'NONE', #3743 ) ;
#1755 = DIRECTION ( 'NONE',  ( 0.000000000000000000, -1.000000000000000000, -0.000000000000000000 ) ) ;
#1756 = VERTEX_POINT ( 'NONE', #5581 ) ;
#1757 = DIRECTION ( 'NONE',  ( 0.000000000000000000, -1.000000000000000000, 0.000000000000000000 ) ) ;
#1758 = EDGE_CURVE ( 'NONE', #3754, #1473, #3853, .T. ) ;
#1759 = EDGE_CURVE ( 'NONE', #4287, #6707, #5472, .T. ) ;
#1760 = ORIENTED_EDGE ( 'NONE', *, *, #2813, .F. ) ;
#1761 = LINE ( 'NONE', #2268, #6625 ) ;
#1762 = ORIENTED_EDGE ( 'NONE', *, *, #6071, .T. ) ;
#1763 = AXIS2_PLACEMENT_3D ( 'NONE', #6012, #118, #4905 ) ;
#1764 = CARTESIAN_POINT ( 'NONE',  ( -5.937500000000000000, 0.000000000000000000, 2.024999999999999911 ) ) ;
#1765 = ADVANCED_FACE ( 'NONE', ( #4389 ), #6662, .F. ) ;
#1766 = EDGE_CURVE ( 'NONE', #5496, #2553, #1350, .T. ) ;
#1767 = ADVANCED_FACE ( 'NONE', ( #6698 ), #3777, .F. ) ;
#1768 = DIRECTION ( 'NONE',  ( 1.000000000000000000, 0.000000000000000000, 0.000000000000000000 ) ) ;
#1769 = DIRECTION ( 'NONE',  ( 0.000000000000000000, -1.000000000000000000, 0.000000000000000000 ) ) ;
#1770 = LINE ( 'NONE', #4607, #2415 ) ;
#1771 = APPLICATION_PROTOCOL_DEFINITION ( 'draft international standard', 'automotive_design', 1998, #6329 ) ;
#1772 = AXIS2_PLACEMENT_3D ( 'NONE', #6740, #3931, #6703 ) ;
#1773 = LINE ( 'NONE', #3612, #796 ) ;
#1774 = ORIENTED_EDGE ( 'NONE', *, *, #6442, .T. ) ;
#1775 = DIRECTION ( 'NONE',  ( 1.000000000000000000, 0.000000000000000000, 0.000000000000000000 ) ) ;
#1776 = CARTESIAN_POINT ( 'NONE',  ( -9.341064372665991643E-17, 0.7800000000000006928, 1.824999999999999289 ) ) ;
#1777 = EDGE_LOOP ( 'NONE', ( #7519, #5774, #6183, #5678 ) ) ;
#1778 = AXIS2_PLACEMENT_3D ( 'NONE', #3755, #6137, #3718 ) ;
#1779 = ORIENTED_EDGE ( 'NONE', *, *, #7381, .F. ) ;
#1780 = DIRECTION ( 'NONE',  ( 0.000000000000000000, 0.000000000000000000, 1.000000000000000000 ) ) ;
#1781 = VECTOR ( 'NONE', #3503, 1000.000000000000000 ) ;
#1782 = CARTESIAN_POINT ( 'NONE',  ( 0.000000000000000000, 1.855000000000000204, 1.824999999999999289 ) ) ;
#1783 = CARTESIAN_POINT ( 'NONE',  ( -7.605000000000000426, 1.559999999999999609, 1.949999999999999512 ) ) ;
#1784 = PLANE ( 'NONE',  #3822 ) ;
#1785 = DIRECTION ( 'NONE',  ( -1.000000000000000000, 0.000000000000000000, 0.000000000000000000 ) ) ;
#1786 = VECTOR ( 'NONE', #3077, 1000.000000000000114 ) ;
#1787 = VECTOR ( 'NONE', #4349, 1000.000000000000000 ) ;
#1788 = VERTEX_POINT ( 'NONE', #1426 ) ;
#1789 = VECTOR ( 'NONE', #4277, 1000.000000000000000 ) ;
#1790 = FILL_AREA_STYLE ('',( #3588 ) ) ;
#1791 = ORIENTED_EDGE ( 'NONE', *, *, #3369, .F. ) ;
#1792 = PRODUCT ( 'SM03B-GHS-TB(LF)(SN)', 'SM03B-GHS-TB(LF)(SN)', '', ( #2430 ) ) ;
#1793 = ORIENTED_EDGE ( 'NONE', *, *, #1100, .F. ) ;
#1794 = ORIENTED_EDGE ( 'NONE', *, *, #2967, .F. ) ;
#1795 = CARTESIAN_POINT ( 'NONE',  ( -1.735000000000000320, 1.903000000000000025, -1.724999999999999867 ) ) ;
#1796 = ORIENTED_EDGE ( 'NONE', *, *, #3380, .T. ) ;
#1797 = CIRCLE ( 'NONE', #4643, 0.2999999999999999334 ) ;
#1798 = VECTOR ( 'NONE', #7180, 1000.000000000000000 ) ;
#1799 = CARTESIAN_POINT ( 'NONE',  ( -0.8750000000000007772, 0.000000000000000000, 0.06499999999999994671 ) ) ;
#1800 = ORIENTED_EDGE ( 'NONE', *, *, #3635, .T. ) ;
#1801 = EDGE_CURVE ( 'NONE', #5496, #5775, #3815, .T. ) ;
#1802 = DIRECTION ( 'NONE',  ( 1.204669080539440518E-15, -1.000000000000000000, 0.000000000000000000 ) ) ;
#1803 = ORIENTED_EDGE ( 'NONE', *, *, #7164, .F. ) ;
#1804 = CARTESIAN_POINT ( 'NONE',  ( -5.724999999999999645, 0.000000000000000000, 1.824999999999999956 ) ) ;
#1805 = EDGE_LOOP ( 'NONE', ( #5016, #3739, #2289, #6665, #5255, #4936, #2418, #2348 ) ) ;
#1806 = DIRECTION ( 'NONE',  ( 0.000000000000000000, 1.000000000000000000, 0.000000000000000000 ) ) ;
#1807 = VECTOR ( 'NONE', #2863, 1000.000000000000000 ) ;
#1808 = CARTESIAN_POINT ( 'NONE',  ( -6.363749999999999574, 2.255000000000000338, 1.824999999999999289 ) ) ;
#1809 = ORIENTED_EDGE ( 'NONE', *, *, #4100, .F. ) ;
#1810 = DIRECTION ( 'NONE',  ( -1.000000000000000000, -0.000000000000000000, -0.000000000000000000 ) ) ;
#1811 = ORIENTED_EDGE ( 'NONE', *, *, #5241, .F. ) ;
#1812 = CARTESIAN_POINT ( 'NONE',  ( -7.188175319642949646, 4.250000000000000000, 1.354999999999998650 ) ) ;
#1813 = FACE_OUTER_BOUND ( 'NONE', #5092, .T. ) ;
#1814 = VECTOR ( 'NONE', #5574, 1000.000000000000000 ) ;
#1815 = CARTESIAN_POINT ( 'NONE',  ( -6.924999999999999822, 3.965000000000001634, 0.06499999999999994671 ) ) ;
#1816 = PLANE ( 'NONE',  #683 ) ;
#1817 = ITEM_DEFINED_TRANSFORMATION ( 'NONE', 'NONE', #681,  #7217 ) ;
#1818 = FACE_OUTER_BOUND ( 'NONE', #2320, .T. ) ;
#1819 = EDGE_CURVE ( 'NONE', #3587, #7045, #109, .T. ) ;
#1820 = EDGE_CURVE ( 'NONE', #6517, #1675, #4895, .T. ) ;
#1821 = VERTEX_POINT ( 'NONE', #187 ) ;
#1822 = DIRECTION ( 'NONE',  ( -0.000000000000000000, 1.000000000000000000, 0.000000000000000000 ) ) ;
#1823 = DIRECTION ( 'NONE',  ( 0.7071067811865414665, 0.000000000000000000, -0.7071067811865536790 ) ) ;
#1824 = ORIENTED_EDGE ( 'NONE', *, *, #177, .F. ) ;
#1825 = ORIENTED_EDGE ( 'NONE', *, *, #4977, .F. ) ;
#1826 = DIRECTION ( 'NONE',  ( 0.000000000000000000, -1.000000000000000000, 0.000000000000000000 ) ) ;
#1827 = VECTOR ( 'NONE', #2184, 1000.000000000000114 ) ;
#1828 = CARTESIAN_POINT ( 'NONE',  ( -6.439999999999997726, 3.820000000000000728, -1.224999999999999867 ) ) ;
#1829 = CARTESIAN_POINT ( 'NONE',  ( -0.8750000000000007772, 0.7800000000000000266, -0.2750000000000000777 ) ) ;
#1830 = ADVANCED_FACE ( 'NONE', ( #2603 ), #4967, .T. ) ;
#1831 = ADVANCED_FACE ( 'NONE', ( #2060 ), #4428, .F. ) ;
#1832 = ORIENTED_EDGE ( 'NONE', *, *, #2380, .F. ) ;
#1833 = ORIENTED_EDGE ( 'NONE', *, *, #7329, .T. ) ;
#1834 = ORIENTED_EDGE ( 'NONE', *, *, #7647, .T. ) ;
#1835 = VECTOR ( 'NONE', #4471, 1000.000000000000000 ) ;
#1836 = CARTESIAN_POINT ( 'NONE',  ( -5.525000000000000355, 1.498933982822020061, 1.468933982822018036 ) ) ;
#1837 = ORIENTED_EDGE ( 'NONE', *, *, #7041, .F. ) ;
#1838 = CARTESIAN_POINT ( 'NONE',  ( -7.765000000000000568, 2.400000000000000355, 2.024999999999999911 ) ) ;
#1839 = DIRECTION ( 'NONE',  ( 1.000000000000000000, 0.000000000000000000, 0.000000000000000000 ) ) ;
#1840 = DIRECTION ( 'NONE',  ( -0.000000000000000000, -0.000000000000000000, 1.000000000000000000 ) ) ;
#1841 = VECTOR ( 'NONE', #2673, 1000.000000000000000 ) ;
#1842 = EDGE_LOOP ( 'NONE', ( #3245, #7105, #7129, #736 ) ) ;
#1843 = VECTOR ( 'NONE', #6923, 1000.000000000000000 ) ;
#1844 = PLANE ( 'NONE',  #5554 ) ;
#1845 =( REPRESENTATION_RELATIONSHIP ('NONE','NONE', #3205, #1046 ) REPRESENTATION_RELATIONSHIP_WITH_TRANSFORMATION ( #3141 )SHAPE_REPRESENTATION_RELATIONSHIP( ) );
#1846 = VERTEX_POINT ( 'NONE', #1654 ) ;
#1847 = LINE ( 'NONE', #1246, #2274 ) ;
#1848 = VECTOR ( 'NONE', #1544, 1000.000000000000000 ) ;
#1849 = ORIENTED_EDGE ( 'NONE', *, *, #7517, .F. ) ;
#1850 = CARTESIAN_POINT ( 'NONE',  ( -7.375000000000000888, 0.000000000000000000, -2.496936092690336118 ) ) ;
#1851 = CARTESIAN_POINT ( 'NONE',  ( -6.439999999999997726, 3.240000000000001101, -1.224999999999999867 ) ) ;
#1852 = VECTOR ( 'NONE', #6428, 1000.000000000000000 ) ;
#1853 = ORIENTED_EDGE ( 'NONE', *, *, #2679, .T. ) ;
#1854 = ORIENTED_EDGE ( 'NONE', *, *, #6811, .F. ) ;
#1855 = FACE_OUTER_BOUND ( 'NONE', #4599, .T. ) ;
#1856 = VERTEX_POINT ( 'NONE', #3926 ) ;
#1857 = CARTESIAN_POINT ( 'NONE',  ( -5.724999999999999645, 2.085000000000000409, 2.024999999999999911 ) ) ;
#1858 = ADVANCED_FACE ( 'NONE', ( #6270 ), #4539, .T. ) ;
#1859 = CARTESIAN_POINT ( 'NONE',  ( -5.525000000000000355, 1.855000000000000204, 1.824999999999999289 ) ) ;
#1860 = LINE ( 'NONE', #4228, #2929 ) ;
#1861 = CARTESIAN_POINT ( 'NONE',  ( -7.375000000000000888, 0.000000000000000000, 2.024999999999999911 ) ) ;
#1862 = EDGE_LOOP ( 'NONE', ( #3394, #2928, #3713, #4069 ) ) ;
#1863 = DIRECTION ( 'NONE',  ( -1.000000000000000000, 0.000000000000000000, -0.000000000000000000 ) ) ;
#1864 = DIRECTION ( 'NONE',  ( 2.168404344971008079E-15, 1.000000000000000000, 0.000000000000000000 ) ) ;
#1865 = ORIENTED_EDGE ( 'NONE', *, *, #1049, .F. ) ;
#1866 = EDGE_LOOP ( 'NONE', ( #2904, #2052, #2065, #6138 ) ) ;
#1867 = CARTESIAN_POINT ( 'NONE',  ( -7.375000000000000888, 0.4800000000000000377, -0.2750000000000000777 ) ) ;
#1868 = EDGE_CURVE ( 'NONE', #6085, #6664, #7433, .T. ) ;
#1869 = DIRECTION ( 'NONE',  ( 0.000000000000000000, 0.000000000000000000, 1.000000000000000000 ) ) ;
#1870 = EDGE_CURVE ( 'NONE', #4502, #808, #6945, .T. ) ;
#1871 = VECTOR ( 'NONE', #3288, 1000.000000000000000 ) ;
#1872 = DIRECTION ( 'NONE',  ( 0.000000000000000000, -1.000000000000000000, 0.000000000000000000 ) ) ;
#1873 = CARTESIAN_POINT ( 'NONE',  ( -1.250000000000001110, 3.500000000000000444, 0.000000000000000000 ) ) ;
#1874 = ORIENTED_EDGE ( 'NONE', *, *, #5376, .T. ) ;
#1875 = ORIENTED_EDGE ( 'NONE', *, *, #4291, .F. ) ;
#1876 = ORIENTED_EDGE ( 'NONE', *, *, #2246, .T. ) ;
#1877 = FACE_OUTER_BOUND ( 'NONE', #5925, .T. ) ;
#1878 = EDGE_CURVE ( 'NONE', #5204, #607, #1580, .T. ) ;
#1879 = ORIENTED_EDGE ( 'NONE', *, *, #2709, .T. ) ;
#1880 = CARTESIAN_POINT ( 'NONE',  ( -7.375000000000000000, 3.965000000000001634, 0.09499999999999966804 ) ) ;
#1881 = EDGE_CURVE ( 'NONE', #568, #2180, #7399, .T. ) ;
#1882 = PLANE ( 'NONE',  #6585 ) ;
#1883 = LINE ( 'NONE', #4831, #6889 ) ;
#1884 = CARTESIAN_POINT ( 'NONE',  ( -0.000000000000000000, 0.5500000000000010436, 2.024999999999999911 ) ) ;
#1885 = ORIENTED_EDGE ( 'NONE', *, *, #3491, .T. ) ;
#1886 = DIRECTION ( 'NONE',  ( 0.000000000000000000, -1.000000000000000000, 0.000000000000000000 ) ) ;
#1887 = ORIENTED_EDGE ( 'NONE', *, *, #3691, .F. ) ;
#1888 = DIRECTION ( 'NONE',  ( 0.000000000000000000, -1.346834996876403062E-16, 1.000000000000000000 ) ) ;
#1889 = PLANE ( 'NONE',  #1175 ) ;
#1890 = ORIENTED_EDGE ( 'NONE', *, *, #583, .T. ) ;
#1891 = LINE ( 'NONE', #7199, #3934 ) ;
#1892 = FACE_OUTER_BOUND ( 'NONE', #321, .T. ) ;
#1893 = VECTOR ( 'NONE', #6975, 1000.000000000000000 ) ;
#1894 = CARTESIAN_POINT ( 'NONE',  ( -7.875000000000000000, 0.000000000000000000, 1.324999999999999734 ) ) ;
#1895 = CARTESIAN_POINT ( 'NONE',  ( -7.875000000000000000, -0.000000000000000000, -1.315000000000000169 ) ) ;
#1896 = DIRECTION ( 'NONE',  ( 1.000000000000000000, 1.197572355469997778E-16, 0.000000000000000000 ) ) ;
#1897 = LINE ( 'NONE', #4270, #1787 ) ;
#1898 = ADVANCED_FACE ( 'NONE', ( #2169 ), #5108, .T. ) ;
#1899 = VERTEX_POINT ( 'NONE', #4610 ) ;
#1900 = LINE ( 'NONE', #4351, #691 ) ;
#1901 = CARTESIAN_POINT ( 'NONE',  ( -4.474999999999999645, 0.5500000000000010436, 2.024999999999999911 ) ) ;
#1902 = EDGE_LOOP ( 'NONE', ( #2413, #6690, #4541, #7079, #2423, #6276, #1399, #5762 ) ) ;
#1903 = LINE ( 'NONE', #143, #7324 ) ;
#1904 = DIRECTION ( 'NONE',  ( -0.000000000000000000, 0.7071067811865597852, -0.7071067811865352493 ) ) ;
#1905 = DIRECTION ( 'NONE',  ( 0.000000000000000000, -1.000000000000000000, 0.000000000000000000 ) ) ;
#1906 = LINE ( 'NONE', #3234, #327 ) ;
#1907 = LINE ( 'NONE', #188, #7078 ) ;
#1908 = ORIENTED_EDGE ( 'NONE', *, *, #4301, .F. ) ;
#1909 = ORIENTED_EDGE ( 'NONE', *, *, #3209, .T. ) ;
#1910 = ADVANCED_FACE ( 'NONE', ( #7512 ), #1617, .T. ) ;
#1911 = VECTOR ( 'NONE', #5784, 1000.000000000000000 ) ;
#1912 = VECTOR ( 'NONE', #1152, 1000.000000000000000 ) ;
#1913 = ORIENTED_EDGE ( 'NONE', *, *, #4464, .T. ) ;
#1914 = ORIENTED_EDGE ( 'NONE', *, *, #154, .F. ) ;
#1915 = LINE ( 'NONE', #5936, #159 ) ;
#1916 = VERTEX_POINT ( 'NONE', #2678 ) ;
#1917 = CARTESIAN_POINT ( 'NONE',  ( -7.375000000000000888, 1.719999999999999529, 1.949999999999998623 ) ) ;
#1918 = CARTESIAN_POINT ( 'NONE',  ( -1.475000000000000533, 0.4800000000000017031, -0.2750000000000000777 ) ) ;
#1919 = AXIS2_PLACEMENT_3D ( 'NONE', #7101, #7253, #1351 ) ;
#1920 = CARTESIAN_POINT ( 'NONE',  ( 0.5400000000000447775, -7.334999999999998188, 2.024999999999999911 ) ) ;
#1921 = ADVANCED_FACE ( 'NONE', ( #447 ), #6386, .T. ) ;
#1922 = EDGE_CURVE ( 'NONE', #7527, #5090, #407, .T. ) ;
#1923 = EDGE_CURVE ( 'NONE', #83, #4287, #6799, .T. ) ;
#1924 = VECTOR ( 'NONE', #6191, 1000.000000000000114 ) ;
#1925 = ORIENTED_EDGE ( 'NONE', *, *, #3870, .F. ) ;
#1926 = CARTESIAN_POINT ( 'NONE',  ( -8.750000000000000000, 2.760000000000000231, 0.06499999999999994671 ) ) ;
#1927 = VERTEX_POINT ( 'NONE', #1025 ) ;
#1928 = DIRECTION ( 'NONE',  ( 1.000000000000000000, -0.000000000000000000, -0.000000000000000000 ) ) ;
#1929 = CARTESIAN_POINT ( 'NONE',  ( -5.724999999999999645, 1.030000000000000027, -2.024999999999999911 ) ) ;
#1930 = DIRECTION ( 'NONE',  ( -1.000000000000000000, -1.204669080539440518E-15, 0.000000000000000000 ) ) ;
#1931 = EDGE_CURVE ( 'NONE', #4784, #1052, #5761, .T. ) ;
#1932 = VERTEX_POINT ( 'NONE', #2793 ) ;
#1933 = EDGE_CURVE ( 'NONE', #7611, #554, #2245, .T. ) ;
#1934 = LINE ( 'NONE', #3057, #6142 ) ;
#1935 = AXIS2_PLACEMENT_3D ( 'NONE', #5335, #488, #16 ) ;
#1936 = CARTESIAN_POINT ( 'NONE',  ( -4.474999999999999645, 2.055000000000001048, 2.024999999999999911 ) ) ;
#1937 = CARTESIAN_POINT ( 'NONE',  ( -1.825000000000001066, 3.965000000000001634, 0.06499999999999994671 ) ) ;
#1938 = CARTESIAN_POINT ( 'NONE',  ( -7.015000000000000568, 0.000000000000000000, 0.000000000000000000 ) ) ;
#1939 = DIRECTION ( 'NONE',  ( 0.000000000000000000, 0.7071067811865474617, -0.7071067811865475727 ) ) ;
#1940 = CARTESIAN_POINT ( 'NONE',  ( -1.145000000000000240, 2.209999999999998188, -2.496936092690336118 ) ) ;
#1941 = VERTEX_POINT ( 'NONE', #5617 ) ;
#1942 = VERTEX_POINT ( 'NONE', #298 ) ;
#1943 = PLANE ( 'NONE',  #471 ) ;
#1944 = DIRECTION ( 'NONE',  ( -1.000000000000000000, 0.000000000000000000, -0.000000000000000000 ) ) ;
#1945 = DIRECTION ( 'NONE',  ( 0.000000000000000000, -1.000000000000000000, 0.000000000000000000 ) ) ;
#1946 = VERTEX_POINT ( 'NONE', #2096 ) ;
#1947 = CARTESIAN_POINT ( 'NONE',  ( -5.937500000000000000, 2.255000000000000338, 2.024999999999999911 ) ) ;
#1948 = LINE ( 'NONE', #2559, #627 ) ;
#1949 = FACE_OUTER_BOUND ( 'NONE', #6728, .T. ) ;
#1950 = CARTESIAN_POINT ( 'NONE',  ( -4.275000000000000355, 1.630000000000000782, -1.464999999999999636 ) ) ;
#1951 = CARTESIAN_POINT ( 'NONE',  ( -1.375000000000001332, 3.500000000000000444, 0.06499999999999994671 ) ) ;
#1952 = VECTOR ( 'NONE', #7510, 1000.000000000000000 ) ;
#1953 = ORIENTED_EDGE ( 'NONE', *, *, #7186, .T. ) ;
#1954 = ORIENTED_EDGE ( 'NONE', *, *, #4917, .T. ) ;
#1955 = ORIENTED_EDGE ( 'NONE', *, *, #2709, .F. ) ;
#1956 = DIRECTION ( 'NONE',  ( -1.000000000000000000, -1.136281752823236226E-16, 0.000000000000000000 ) ) ;
#1957 = LINE ( 'NONE', #1276, #3389 ) ;
#1958 = CARTESIAN_POINT ( 'NONE',  ( -2.386250000000001315, 2.760000000000000231, 1.824999999999999289 ) ) ;
#1959 = ORIENTED_EDGE ( 'NONE', *, *, #5879, .T. ) ;
#1960 = LINE ( 'NONE', #5514, #4075 ) ;
#1961 = VECTOR ( 'NONE', #5435, 1000.000000000000000 ) ;
#1962 = VERTEX_POINT ( 'NONE', #6914 ) ;
#1963 = ORIENTED_EDGE ( 'NONE', *, *, #7187, .T. ) ;
#1964 = EDGE_CURVE ( 'NONE', #3792, #1005, #4462, .T. ) ;
#1965 = CARTESIAN_POINT ( 'NONE',  ( -5.724999999999999645, 1.604999999999999982, 1.362867965644034118 ) ) ;
#1966 = EDGE_CURVE ( 'NONE', #1932, #5584, #5647, .T. ) ;
#1967 = DIRECTION ( 'NONE',  ( 1.000000000000000000, -0.000000000000000000, -0.000000000000000000 ) ) ;
#1968 = DIRECTION ( 'NONE',  ( 0.000000000000000000, -0.7071067811865474617, -0.7071067811865474617 ) ) ;
#1969 = AXIS2_PLACEMENT_3D ( 'NONE', #4173, #4832, #2455 ) ;
#1970 = DIRECTION ( 'NONE',  ( 0.000000000000000000, 0.000000000000000000, 1.000000000000000000 ) ) ;
#1971 = CARTESIAN_POINT ( 'NONE',  ( -3.437500000000001332, 1.855000000000000204, 1.824999999999999289 ) ) ;
#1972 = CARTESIAN_POINT ( 'NONE',  ( -5.724999999999999645, 1.937842712474619811, 1.625000000000000000 ) ) ;
#1973 = EDGE_CURVE ( 'NONE', #5291, #7166, #957, .T. ) ;
#1974 = ADVANCED_FACE ( 'NONE', ( #6426 ), #18, .F. ) ;
#1975 = ADVANCED_FACE ( 'NONE', ( #1818 ), #3461, .T. ) ;
#1976 = CARTESIAN_POINT ( 'NONE',  ( -3.437500000000001332, 2.055000000000001048, 2.024999999999999911 ) ) ;
#1977 = STYLED_ITEM ( 'NONE', ( #6203 ), #720 ) ;
#1978 = CARTESIAN_POINT ( 'NONE',  ( -1.145000000000000240, 1.559999999999999609, 1.949999999999999512 ) ) ;
#1979 = DIRECTION ( 'NONE',  ( 0.000000000000000000, 0.000000000000000000, 1.000000000000000000 ) ) ;
#1980 = LINE ( 'NONE', #4382, #4007 ) ;
#1981 = DIRECTION ( 'NONE',  ( 0.000000000000000000, 0.000000000000000000, 1.000000000000000000 ) ) ;
#1982 = ORIENTED_EDGE ( 'NONE', *, *, #3391, .F. ) ;
#1983 = CARTESIAN_POINT ( 'NONE',  ( -1.375000000000000444, 1.094999999999999085, 1.949999999999999289 ) ) ;
#1984 = CARTESIAN_POINT ( 'NONE',  ( -5.724999999999999645, 0.6805981797501089448, 1.824999999999999956 ) ) ;
#1985 = CARTESIAN_POINT ( 'NONE',  ( -5.312499999999999112, 2.255000000000000338, -10.40208472228517778 ) ) ;
#1986 = CARTESIAN_POINT ( 'NONE',  ( -1.145000000000000240, 2.209999999999999520, 1.274999999999999911 ) ) ;
#1987 = ORIENTED_EDGE ( 'NONE', *, *, #2584, .T. ) ;
#1988 = ORIENTED_EDGE ( 'NONE', *, *, #2328, .F. ) ;
#1989 = DIRECTION ( 'NONE',  ( 0.000000000000000000, -1.000000000000000000, 0.000000000000000000 ) ) ;
#1990 = DIRECTION ( 'NONE',  ( -1.000000000000000000, 0.000000000000000000, 0.000000000000000000 ) ) ;
#1991 = DIRECTION ( 'NONE',  ( -0.000000000000000000, 1.000000000000000000, 0.000000000000000000 ) ) ;
#1992 = VERTEX_POINT ( 'NONE', #2355 ) ;
#1993 = CIRCLE ( 'NONE', #5683, 0.1499999999999999667 ) ;
#1994 = LINE ( 'NONE', #2613, #7371 ) ;
#1995 = EDGE_CURVE ( 'NONE', #2766, #7218, #1219, .T. ) ;
#1996 = EDGE_CURVE ( 'NONE', #4689, #5577, #7090, .T. ) ;
#1997 = EDGE_LOOP ( 'NONE', ( #1746, #3007, #2776, #5080, #4891 ) ) ;
#1998 = ORIENTED_EDGE ( 'NONE', *, *, #6499, .F. ) ;
#1999 = LINE ( 'NONE', #6638, #3112 ) ;
#2000 = LINE ( 'NONE', #1249, #4790 ) ;
#2001 = CARTESIAN_POINT ( 'NONE',  ( -7.605000000000000426, 1.094999999999999085, 1.949999999999999289 ) ) ;
#2002 = ORIENTED_EDGE ( 'NONE', *, *, #4391, .T. ) ;
#2003 = EDGE_CURVE ( 'NONE', #2861, #2044, #1773, .T. ) ;
#2004 = EDGE_CURVE ( 'NONE', #2446, #7109, #3026, .T. ) ;
#2005 = ADVANCED_FACE ( 'NONE', ( #5882 ), #1696, .F. ) ;
#2006 = ORIENTED_EDGE ( 'NONE', *, *, #5684, .T. ) ;
#2007 = CARTESIAN_POINT ( 'NONE',  ( -2.950000000000000178, 3.820000000000000728, -2.024999999999999911 ) ) ;
#2008 = LINE ( 'NONE', #4373, #4595 ) ;
#2009 = CARTESIAN_POINT ( 'NONE',  ( 7.875000000000000000, 2.055000000000001048, 2.024999999999999911 ) ) ;
#2010 = CARTESIAN_POINT ( 'NONE',  ( -1.145000000000000240, -1.781481197162711565E-15, 1.875000000000000888 ) ) ;
#2011 = ORIENTED_EDGE ( 'NONE', *, *, #2340, .T. ) ;
#2012 = EDGE_CURVE ( 'NONE', #6918, #7342, #6462, .T. ) ;
#2013 = VERTEX_POINT ( 'NONE', #3536 ) ;
#2014 = EDGE_CURVE ( 'NONE', #2110, #4472, #563, .T. ) ;
#2015 = EDGE_CURVE ( 'NONE', #6628, #4948, #5920, .T. ) ;
#2016 = PLANE ( 'NONE',  #4308 ) ;
#2017 = CARTESIAN_POINT ( 'NONE',  ( -5.724999999999999645, -5.913830031739109626E-16, -2.024999999999999911 ) ) ;
#2018 = LINE ( 'NONE', #765, #3590 ) ;
#2019 = ORIENTED_EDGE ( 'NONE', *, *, #6924, .F. ) ;
#2020 = PLANE ( 'NONE',  #2119 ) ;
#2021 = CARTESIAN_POINT ( 'NONE',  ( -7.875000000000000000, 2.209999999999999520, 0.000000000000000000 ) ) ;
#2022 = CARTESIAN_POINT ( 'NONE',  ( 7.875000000000000000, 2.055000000000001048, 2.024999999999999911 ) ) ;
#2023 = VERTEX_POINT ( 'NONE', #2392 ) ;
#2024 = ORIENTED_EDGE ( 'NONE', *, *, #6648, .T. ) ;
#2025 = VECTOR ( 'NONE', #4846, 1000.000000000000000 ) ;
#2026 = ORIENTED_EDGE ( 'NONE', *, *, #2720, .F. ) ;
#2027 = FACE_OUTER_BOUND ( 'NONE', #6465, .T. ) ;
#2028 = DIRECTION ( 'NONE',  ( 0.000000000000000000, -1.000000000000000000, -0.000000000000000000 ) ) ;
#2029 = DIRECTION ( 'NONE',  ( 0.000000000000000000, 0.000000000000000000, -1.000000000000000000 ) ) ;
#2030 = AXIS2_PLACEMENT_3D ( 'NONE', #986, #3881, #3333 ) ;
#2031 = AXIS2_PLACEMENT_3D ( 'NONE', #7145, #3043, #3751 ) ;
#2032 = VECTOR ( 'NONE', #1391, 1000.000000000000000 ) ;
#2033 = LINE ( 'NONE', #1920, #2219 ) ;
#2034 = ORIENTED_EDGE ( 'NONE', *, *, #429, .T. ) ;
#2035 = LINE ( 'NONE', #4513, #3528 ) ;
#2036 = ORIENTED_EDGE ( 'NONE', *, *, #4671, .T. ) ;
#2037 = COLOUR_RGB ( '',0.7960784313725489669, 0.8235294117647058432, 0.9372549019607843146 ) ;
#2038 = VECTOR ( 'NONE', #4893, 1000.000000000000000 ) ;
#2039 = FACE_BOUND ( 'NONE', #2499, .T. ) ;
#2040 = EDGE_CURVE ( 'NONE', #192, #76, #6570, .T. ) ;
#2041 = LINE ( 'NONE', #6751, #5410 ) ;
#2042 = LINE ( 'NONE', #2545, #6660 ) ;
#2044 = VERTEX_POINT ( 'NONE', #3498 ) ;
#2043 = VECTOR ( 'NONE', #519, 1000.000000000000000 ) ;
#2045 = AXIS2_PLACEMENT_3D ( 'NONE', #7022, #1738, #4119 ) ;
#2046 =( NAMED_UNIT ( * ) PLANE_ANGLE_UNIT ( ) SI_UNIT ( $, .RADIAN. ) );
#2047 = LINE ( 'NONE', #4526, #744 ) ;
#2048 = LINE ( 'NONE', #212, #7171 ) ;
#2049 = VECTOR ( 'NONE', #6224, 1000.000000000000000 ) ;
#2050 = DIRECTION ( 'NONE',  ( -0.000000000000000000, 0.000000000000000000, 1.000000000000000000 ) ) ;
#2051 = DIRECTION ( 'NONE',  ( 1.000000000000000000, 0.000000000000000000, 0.000000000000000000 ) ) ;
#2052 = ORIENTED_EDGE ( 'NONE', *, *, #6346, .F. ) ;
#2053 = CARTESIAN_POINT ( 'NONE',  ( -7.375000000000000888, 1.009999999999999121, 1.949999999999999289 ) ) ;
#2054 = DIRECTION ( 'NONE',  ( 0.000000000000000000, -0.000000000000000000, -1.000000000000000000 ) ) ;
#2055 = ORIENTED_EDGE ( 'NONE', *, *, #4039, .F. ) ;
#2056 = DIRECTION ( 'NONE',  ( 0.000000000000000000, 0.7071067811865475727, 0.7071067811865475727 ) ) ;
#2057 = EDGE_CURVE ( 'NONE', #2866, #1690, #6843, .T. ) ;
#2058 = CARTESIAN_POINT ( 'NONE',  ( -0.9850000000000006528, 3.400000000000000355, 0.000000000000000000 ) ) ;
#2059 = EDGE_CURVE ( 'NONE', #6672, #4166, #7128, .T. ) ;
#2060 = FACE_OUTER_BOUND ( 'NONE', #1777, .T. ) ;
#2061 = ORIENTED_EDGE ( 'NONE', *, *, #4909, .T. ) ;
#2062 = FACE_OUTER_BOUND ( 'NONE', #4769, .T. ) ;
#2063 = EDGE_LOOP ( 'NONE', ( #4636, #5348, #4283, #2878 ) ) ;
#2064 = VERTEX_POINT ( 'NONE', #6496 ) ;
#2065 = ORIENTED_EDGE ( 'NONE', *, *, #3625, .T. ) ;
#2066 = DIRECTION ( 'NONE',  ( -0.000000000000000000, -1.000000000000000000, -0.000000000000000000 ) ) ;
#2067 = PLANE ( 'NONE',  #7556 ) ;
#2068 = EDGE_CURVE ( 'NONE', #4560, #2130, #491, .T. ) ;
#2069 = CARTESIAN_POINT ( 'NONE',  ( -1.024999999999999911, 1.709999999999999520, 1.324999999999999734 ) ) ;
#2070 = EDGE_CURVE ( 'NONE', #711, #2131, #6983, .T. ) ;
#2071 = ADVANCED_FACE ( 'NONE', ( #523 ), #3575, .F. ) ;
#2072 = VERTEX_POINT ( 'NONE', #4114 ) ;
#2073 = DIRECTION ( 'NONE',  ( 0.000000000000000000, -1.000000000000000000, 0.000000000000000000 ) ) ;
#2074 = ORIENTED_EDGE ( 'NONE', *, *, #2329, .T. ) ;
#2075 = DIRECTION ( 'NONE',  ( 0.000000000000000000, -1.000000000000000000, 0.000000000000000000 ) ) ;
#2076 = PLANE ( 'NONE',  #6101 ) ;
#2077 = VECTOR ( 'NONE', #7025, 1000.000000000000000 ) ;
#2078 = CARTESIAN_POINT ( 'NONE',  ( -1.375000000000000444, 1.559999999999999609, 1.949999999999999512 ) ) ;
#2079 = ORIENTED_EDGE ( 'NONE', *, *, #1471, .T. ) ;
#2080 = FACE_OUTER_BOUND ( 'NONE', #2483, .T. ) ;
#2081 = LINE ( 'NONE', #7462, #1733 ) ;
#2082 = VECTOR ( 'NONE', #2572, 1000.000000000000000 ) ;
#2083 = CARTESIAN_POINT ( 'NONE',  ( -6.349999999999999645, 3.965000000000001634, 0.06499999999999994671 ) ) ;
#2084 = CARTESIAN_POINT ( 'NONE',  ( -5.525000000000000355, 1.030000000000000027, -1.464999999999999636 ) ) ;
#2085 = CARTESIAN_POINT ( 'NONE',  ( -1.024999999999999911, 1.759999999999992459, 1.275000000000006573 ) ) ;
#2086 = VECTOR ( 'NONE', #1534, 1000.000000000000000 ) ;
#2087 = VECTOR ( 'NONE', #574, 1000.000000000000000 ) ;
#2088 = ORIENTED_EDGE ( 'NONE', *, *, #6248, .T. ) ;
#2089 = LINE ( 'NONE', #6333, #3061 ) ;
#2090 = DIRECTION ( 'NONE',  ( 1.000000000000000000, 0.000000000000000000, -0.000000000000000000 ) ) ;
#2091 = DIRECTION ( 'NONE',  ( 0.5773502691896241767, 0.5773502691896265082, 0.5773502691896265082 ) ) ;
#2092 = ORIENTED_EDGE ( 'NONE', *, *, #4716, .T. ) ;
#2093 = MECHANICAL_DESIGN_GEOMETRIC_PRESENTATION_REPRESENTATION (  '', ( #1977 ), #4213 ) ;
#2094 = FACE_OUTER_BOUND ( 'NONE', #1463, .T. ) ;
#2095 = CARTESIAN_POINT ( 'NONE',  ( -6.349999999999999645, 3.325000000000000178, 0.06499999999999994671 ) ) ;
#2096 = CARTESIAN_POINT ( 'NONE',  ( -1.375000000000000444, 1.559999999999999609, 1.864999999999999547 ) ) ;
#2097 = EDGE_LOOP ( 'NONE', ( #3121, #1230, #4095 ) ) ;
#2098 = VERTEX_POINT ( 'NONE', #601 ) ;
#2099 = VECTOR ( 'NONE', #639, 1000.000000000000000 ) ;
#2100 = DIRECTION ( 'NONE',  ( -1.000000000000000000, 0.000000000000000000, -0.000000000000000000 ) ) ;
#2101 = VERTEX_POINT ( 'NONE', #4768 ) ;
#2102 = EDGE_CURVE ( 'NONE', #3227, #1846, #2552, .T. ) ;
#2103 = ORIENTED_EDGE ( 'NONE', *, *, #48, .T. ) ;
#2104 = CARTESIAN_POINT ( 'NONE',  ( -5.724999999999999645, 0.000000000000000000, -1.584999999999999964 ) ) ;
#2105 = LINE ( 'NONE', #5686, #7314 ) ;
#2106 = CARTESIAN_POINT ( 'NONE',  ( -5.525000000000000355, 1.479999999999999982, 0.9136038969321059744 ) ) ;
#2107 = ORIENTED_EDGE ( 'NONE', *, *, #2204, .F. ) ;
#2108 = ADVANCED_FACE ( 'NONE', ( #3064 ), #5495, .F. ) ;
#2109 = EDGE_CURVE ( 'NONE', #6391, #4654, #7204, .T. ) ;
#2110 = VERTEX_POINT ( 'NONE', #4312 ) ;
#2111 = VERTEX_POINT ( 'NONE', #2010 ) ;
#2112 = CARTESIAN_POINT ( 'NONE',  ( -7.375000000000000888, 0.8499999999999992006, 1.949999999999999289 ) ) ;
#2113 = VECTOR ( 'NONE', #7464, 1000.000000000000114 ) ;
#2114 = CARTESIAN_POINT ( 'NONE',  ( -1.825000000000001066, 3.965000000000001634, 0.06499999999999994671 ) ) ;
#2115 = DIRECTION ( 'NONE',  ( 0.000000000000000000, -1.000000000000000000, 9.239047059953170954E-17 ) ) ;
#2116 = ORIENTED_EDGE ( 'NONE', *, *, #7608, .F. ) ;
#2117 = PLANE ( 'NONE',  #5747 ) ;
#2118 = PLANE ( 'NONE',  #7458 ) ;
#2119 = AXIS2_PLACEMENT_3D ( 'NONE', #5613, #4460, #221 ) ;
#2120 = LINE ( 'NONE', #2085, #1924 ) ;
#2121 = ORIENTED_EDGE ( 'NONE', *, *, #2386, .T. ) ;
#2122 = LINE ( 'NONE', #5067, #6016 ) ;
#2123 = PLANE ( 'NONE',  #2452 ) ;
#2124 = ORIENTED_EDGE ( 'NONE', *, *, #7224, .T. ) ;
#2125 = CARTESIAN_POINT ( 'NONE',  ( -2.386250000000001315, 2.255000000000000338, 1.824999999999999289 ) ) ;
#2126 = CARTESIAN_POINT ( 'NONE',  ( -1.475000000000000533, 2.209999999999999520, 0.000000000000000000 ) ) ;
#2127 = SURFACE_STYLE_FILL_AREA ( #3852 ) ;
#2128 = CARTESIAN_POINT ( 'NONE',  ( 0.000000000000000000, 1.855000000000000204, 1.824999999999999289 ) ) ;
#2129 = EDGE_CURVE ( 'NONE', #3162, #1560, #5421, .T. ) ;
#2130 = VERTEX_POINT ( 'NONE', #99 ) ;
#2131 = VERTEX_POINT ( 'NONE', #2469 ) ;
#2132 = SURFACE_SIDE_STYLE ('',( #3963 ) ) ;
#2133 = ORIENTED_EDGE ( 'NONE', *, *, #2565, .T. ) ;
#2134 = DIRECTION ( 'NONE',  ( 2.168404344971008079E-15, 1.000000000000000000, 0.000000000000000000 ) ) ;
#2135 = DIRECTION ( 'NONE',  ( 0.000000000000000000, 1.000000000000000000, 0.000000000000000000 ) ) ;
#2136 = DIRECTION ( 'NONE',  ( -0.000000000000000000, 0.000000000000000000, 1.000000000000000000 ) ) ;
#2137 = EDGE_CURVE ( 'NONE', #4472, #5704, #4843, .T. ) ;
#2138 = VERTEX_POINT ( 'NONE', #1258 ) ;
#2139 = CARTESIAN_POINT ( 'NONE',  ( -6.800000000000000711, 3.240000000000000657, -2.024999999999999911 ) ) ;
#2140 = VECTOR ( 'NONE', #5441, 1000.000000000000000 ) ;
#2141 = LINE ( 'NONE', #6715, #5416 ) ;
#2142 = ORIENTED_EDGE ( 'NONE', *, *, #6915, .F. ) ;
#2143 = CARTESIAN_POINT ( 'NONE',  ( -1.760000000000001119, 0.5799999999999995159, 2.024999999999999911 ) ) ;
#2144 = ORIENTED_EDGE ( 'NONE', *, *, #2070, .T. ) ;
#2145 = DIRECTION ( 'NONE',  ( 1.000000000000000000, -0.000000000000000000, -0.000000000000000000 ) ) ;
#2146 = VECTOR ( 'NONE', #914, 999.9999999999998863 ) ;
#2147 = VECTOR ( 'NONE', #7530, 1000.000000000000000 ) ;
#2148 = EDGE_CURVE ( 'NONE', #3422, #449, #4882, .T. ) ;
#2149 = CARTESIAN_POINT ( 'NONE',  ( 0.000000000000000000, 1.855000000000000204, 0.06499999999999994671 ) ) ;
#2150 = ADVANCED_FACE ( 'NONE', ( #4993 ), #3766, .F. ) ;
#2151 = PLANE ( 'NONE',  #790 ) ;
#2152 = DIRECTION ( 'NONE',  ( 0.000000000000000000, 0.000000000000000000, 1.000000000000000000 ) ) ;
#2153 = DIRECTION ( 'NONE',  ( 0.000000000000000000, 0.000000000000000000, 1.000000000000000000 ) ) ;
#2154 = ORIENTED_EDGE ( 'NONE', *, *, #5894, .F. ) ;
#2155 = FACE_OUTER_BOUND ( 'NONE', #6783, .T. ) ;
#2156 = DIRECTION ( 'NONE',  ( -0.000000000000000000, -0.000000000000000000, -1.000000000000000000 ) ) ;
#2157 = EDGE_CURVE ( 'NONE', #554, #1941, #719, .T. ) ;
#2158 = VECTOR ( 'NONE', #15, 1000.000000000000000 ) ;
#2159 = VECTOR ( 'NONE', #2950, 1000.000000000000000 ) ;
#2160 = EDGE_CURVE ( 'NONE', #1240, #7545, #3102, .T. ) ;
#2161 = DIRECTION ( 'NONE',  ( -1.000000000000000000, 0.000000000000000000, -0.000000000000000000 ) ) ;
#2162 = ORIENTED_EDGE ( 'NONE', *, *, #5963, .T. ) ;
#2163 = LINE ( 'NONE', #4533, #1058 ) ;
#2164 = DIRECTION ( 'NONE',  ( -0.000000000000000000, -0.000000000000000000, -1.000000000000000000 ) ) ;
#2165 = CARTESIAN_POINT ( 'NONE',  ( -2.310000000000003162, 3.820000000000000728, -2.024999999999999911 ) ) ;
#2166 = VECTOR ( 'NONE', #3610, 1000.000000000000000 ) ;
#2167 = DIRECTION ( 'NONE',  ( 1.000000000000000000, -0.000000000000000000, -0.000000000000000000 ) ) ;
#2168 = CARTESIAN_POINT ( 'NONE',  ( -1.250000000000001110, 3.965000000000001634, 0.06499999999999994671 ) ) ;
#2169 = FACE_OUTER_BOUND ( 'NONE', #4488, .T. ) ;
#2170 = VERTEX_POINT ( 'NONE', #4417 ) ;
#2171 = ORIENTED_EDGE ( 'NONE', *, *, #6730, .T. ) ;
#2172 = PRODUCT_DEFINITION_SHAPE ( 'NONE', 'NONE',  #7650 ) ;
#2173 = CARTESIAN_POINT ( 'NONE',  ( -1.375000000000000444, 0.000000000000000000, 1.975000000000001865 ) ) ;
#2174 = ORIENTED_EDGE ( 'NONE', *, *, #6874, .F. ) ;
#2175 = VERTEX_POINT ( 'NONE', #3226 ) ;
#2176 = CARTESIAN_POINT ( 'NONE',  ( -4.275000000000000355, 1.630000000000000782, 0.06499999999999994671 ) ) ;
#2177 = DIRECTION ( 'NONE',  ( -1.000000000000000000, 0.000000000000000000, 0.000000000000000000 ) ) ;
#2178 = CARTESIAN_POINT ( 'NONE',  ( -7.875000000000000000, 0.3399999999999997469, -1.315000000000000169 ) ) ;
#2179 = LINE ( 'NONE', #6809, #1843 ) ;
#2180 = VERTEX_POINT ( 'NONE', #6109 ) ;
#2181 = VERTEX_POINT ( 'NONE', #137 ) ;
#2182 = VECTOR ( 'NONE', #5451, 1000.000000000000000 ) ;
#2183 = CARTESIAN_POINT ( 'NONE',  ( -5.724999999999999645, 0.000000000000000000, 2.024999999999999911 ) ) ;
#2184 = DIRECTION ( 'NONE',  ( 0.5000000000000003331, 0.000000000000000000, 0.8660254037844383745 ) ) ;
#2185 = EDGE_LOOP ( 'NONE', ( #6421, #7619, #6805, #6677 ) ) ;
#2186 = ADVANCED_FACE ( 'NONE', ( #4923 ), #7242, .T. ) ;
#2187 = EDGE_CURVE ( 'NONE', #3771, #2866, #1897, .T. ) ;
#2188 = VECTOR ( 'NONE', #2868, 1000.000000000000000 ) ;
#2189 = ORIENTED_EDGE ( 'NONE', *, *, #3785, .F. ) ;
#2190 = DIRECTION ( 'NONE',  ( 0.000000000000000000, 0.000000000000000000, -1.000000000000000000 ) ) ;
#2191 = CARTESIAN_POINT ( 'NONE',  ( -4.474999999999999645, 2.085000000000000409, 2.024999999999999911 ) ) ;
#2192 = ORIENTED_EDGE ( 'NONE', *, *, #4985, .T. ) ;
#2193 = EDGE_CURVE ( 'NONE', #6930, #2170, #2506, .T. ) ;
#2194 = VERTEX_POINT ( 'NONE', #3142 ) ;
#2195 = CARTESIAN_POINT ( 'NONE',  ( 0.000000000000000000, 3.325000000000000178, 0.06499999999999994671 ) ) ;
#2196 = PLANE ( 'NONE',  #3802 ) ;
#2197 = DIRECTION ( 'NONE',  ( -0.000000000000000000, 0.000000000000000000, -1.000000000000000000 ) ) ;
#2198 = ORIENTED_EDGE ( 'NONE', *, *, #4810, .F. ) ;
#2199 = AXIS2_PLACEMENT_3D ( 'NONE', #6766, #6201, #5075 ) ;
#2200 = CARTESIAN_POINT ( 'NONE',  ( -1.735000000000000320, 0.000000000000000000, 0.000000000000000000 ) ) ;
#2201 = LINE ( 'NONE', #4491, #6949 ) ;
#2202 = EDGE_CURVE ( 'NONE', #3001, #4709, #6971, .T. ) ;
#2203 = FACE_OUTER_BOUND ( 'NONE', #6522, .T. ) ;
#2204 = EDGE_CURVE ( 'NONE', #6812, #2446, #6721, .T. ) ;
#2205 = EDGE_CURVE ( 'NONE', #5797, #2749, #6148, .T. ) ;
#2206 = PLANE ( 'NONE',  #3865 ) ;
#2207 = LINE ( 'NONE', #367, #6489 ) ;
#2208 = VECTOR ( 'NONE', #546, 1000.000000000000000 ) ;
#2209 = CARTESIAN_POINT ( 'NONE',  ( -5.724999999999999645, 1.586066017177985010, 1.019669914110090003 ) ) ;
#2210 = ORIENTED_EDGE ( 'NONE', *, *, #1870, .T. ) ;
#2211 = VERTEX_POINT ( 'NONE', #2629 ) ;
#2212 = DIRECTION ( 'NONE',  ( -0.000000000000000000, 0.7071067811865475727, -0.7071067811865475727 ) ) ;
#2213 = AXIS2_PLACEMENT_3D ( 'NONE', #842, #3656, #2707 ) ;
#2214 = ORIENTED_EDGE ( 'NONE', *, *, #5914, .F. ) ;
#2215 = VERTEX_POINT ( 'NONE', #252 ) ;
#2216 = DIRECTION ( 'NONE',  ( 0.000000000000000000, 0.000000000000000000, 1.000000000000000000 ) ) ;
#2217 = DIRECTION ( 'NONE',  ( 0.000000000000000000, 0.000000000000000000, -1.000000000000000000 ) ) ;
#2218 = CARTESIAN_POINT ( 'NONE',  ( -5.724999999999999645, 0.000000000000000000, -1.464999999999999858 ) ) ;
#2219 = VECTOR ( 'NONE', #4908, 1000.000000000000000 ) ;
#2220 = VERTEX_POINT ( 'NONE', #7315 ) ;
#2221 = CARTESIAN_POINT ( 'NONE',  ( -1.950000000000000400, 3.240000000000000657, -1.224999999999999867 ) ) ;
#2222 = EDGE_LOOP ( 'NONE', ( #5582, #151, #2996, #1825, #628 ) ) ;
#2223 = DIRECTION ( 'NONE',  ( 0.000000000000000000, -1.000000000000000000, -2.555260885332105185E-16 ) ) ;
#2224 = ORIENTED_EDGE ( 'NONE', *, *, #3715, .T. ) ;
#2225 = LINE ( 'NONE', #1122, #3894 ) ;
#2226 = ORIENTED_EDGE ( 'NONE', *, *, #5685, .F. ) ;
#2227 = CARTESIAN_POINT ( 'NONE',  ( -7.015000000000000568, 2.727340868674716046E-16, -2.024999999999999911 ) ) ;
#2228 = EDGE_CURVE ( 'NONE', #686, #4796, #6297, .T. ) ;
#2229 = CARTESIAN_POINT ( 'NONE',  ( -0.8750000000000007772, 1.030000000000000027, -2.024999999999999911 ) ) ;
#2230 = ORIENTED_EDGE ( 'NONE', *, *, #6606, .F. ) ;
#2231 = FACE_OUTER_BOUND ( 'NONE', #4125, .T. ) ;
#2232 = CARTESIAN_POINT ( 'NONE',  ( -0.8750000000000007772, 2.400000000000000355, 0.06499999999999994671 ) ) ;
#2233 = ORIENTED_EDGE ( 'NONE', *, *, #6314, .F. ) ;
#2234 = CARTESIAN_POINT ( 'NONE',  ( -1.375000000000000444, 1.719999999999999529, 2.024999999999999911 ) ) ;
#2235 = DIRECTION ( 'NONE',  ( 1.000000000000000000, 0.000000000000000000, 0.000000000000000000 ) ) ;
#2236 = LINE ( 'NONE', #5065, #4154 ) ;
#2237 = ADVANCED_FACE ( 'NONE', ( #441 ), #3329, .F. ) ;
#2238 = VECTOR ( 'NONE', #387, 1000.000000000000000 ) ;
#2239 = EDGE_LOOP ( 'NONE', ( #5308, #1028, #7197, #7021 ) ) ;
#2240 = LINE ( 'NONE', #4144, #3190 ) ;
#2241 = CARTESIAN_POINT ( 'NONE',  ( -5.525000000000000355, 1.302867965644034065, 1.302867965644036063 ) ) ;
#2242 = PLANE ( 'NONE',  #4721 ) ;
#2243 = DIRECTION ( 'NONE',  ( 1.000000000000000000, 0.000000000000000000, 0.000000000000000000 ) ) ;
#2244 = CARTESIAN_POINT ( 'NONE',  ( 5.625000000000000888, -1.376287680150671200E-15, 0.02292814286300589796 ) ) ;
#2245 = LINE ( 'NONE', #3373, #5500 ) ;
#2246 = EDGE_CURVE ( 'NONE', #7411, #4844, #2120, .T. ) ;
#2247 = ORIENTED_EDGE ( 'NONE', *, *, #1749, .T. ) ;
#2248 = ORIENTED_EDGE ( 'NONE', *, *, #1194, .F. ) ;
#2249 = CARTESIAN_POINT ( 'NONE',  ( -7.015000000000000568, 4.120000000000000107, 0.000000000000000000 ) ) ;
#2250 = ORIENTED_EDGE ( 'NONE', *, *, #3013, .F. ) ;
#2251 = ORIENTED_EDGE ( 'NONE', *, *, #658, .F. ) ;
#2252 = CARTESIAN_POINT ( 'NONE',  ( 7.875000000000000000, 0.1800000000000000488, 2.024999999999999911 ) ) ;
#2253 = LINE ( 'NONE', #1704, #278 ) ;
#2254 = CARTESIAN_POINT ( 'NONE',  ( -5.724999999999999645, 0.5500000000000010436, 2.024999999999999911 ) ) ;
#2255 = ORIENTED_EDGE ( 'NONE', *, *, #4746, .T. ) ;
#2256 = ORIENTED_EDGE ( 'NONE', *, *, #917, .F. ) ;
#2257 = CARTESIAN_POINT ( 'NONE',  ( -5.977863700796166135, 4.190000000000000391, 3.451321216833561856 ) ) ;
#2258 = VECTOR ( 'NONE', #2591, 1000.000000000000000 ) ;
#2259 = ORIENTED_EDGE ( 'NONE', *, *, #1584, .T. ) ;
#2260 = DIRECTION ( 'NONE',  ( 0.000000000000000000, 0.000000000000000000, -1.000000000000000000 ) ) ;
#2261 = ORIENTED_EDGE ( 'NONE', *, *, #5367, .T. ) ;
#2262 = CARTESIAN_POINT ( 'NONE',  ( -7.375000000000000000, 8.777094706955511913E-18, 0.09499999999999998723 ) ) ;
#2263 = VERTEX_POINT ( 'NONE', #3257 ) ;
#2264 = CARTESIAN_POINT ( 'NONE',  ( -4.062499999999998224, 2.255000000000000338, 0.06499999999999994671 ) ) ;
#2265 = ORIENTED_EDGE ( 'NONE', *, *, #7186, .F. ) ;
#2266 = EDGE_CURVE ( 'NONE', #449, #1158, #3915, .T. ) ;
#2267 = CARTESIAN_POINT ( 'NONE',  ( -1.949999999999999512, 3.820000000000000728, -1.224999999999999867 ) ) ;
#2268 = CARTESIAN_POINT ( 'NONE',  ( -1.375000000000001332, 0.000000000000000000, -1.724999999999999867 ) ) ;
#2269 = ORIENTED_EDGE ( 'NONE', *, *, #3682, .T. ) ;
#2270 = DIRECTION ( 'NONE',  ( 0.000000000000000000, 1.000000000000000000, -0.000000000000000000 ) ) ;
#2271 = LINE ( 'NONE', #7014, #1156 ) ;
#2272 = EDGE_CURVE ( 'NONE', #3219, #2595, #982, .T. ) ;
#2273 = ADVANCED_FACE ( 'NONE', ( #3364 ), #4487, .T. ) ;
#2274 = VECTOR ( 'NONE', #4218, 1000.000000000000000 ) ;
#2275 = VECTOR ( 'NONE', #4076, 1000.000000000000000 ) ;
#2276 = LINE ( 'NONE', #4149, #4162 ) ;
#2277 = CARTESIAN_POINT ( 'NONE',  ( -7.605000000000000426, 0.7800000000000000266, -0.3250000000000000666 ) ) ;
#2278 = EDGE_LOOP ( 'NONE', ( #6250, #5158, #6375, #1632 ) ) ;
#2279 = AXIS2_PLACEMENT_3D ( 'NONE', #6302, #6764, #5106 ) ;
#2280 = LINE ( 'NONE', #5266, #1092 ) ;
#2281 = ORIENTED_EDGE ( 'NONE', *, *, #4482, .T. ) ;
#2282 = LINE ( 'NONE', #5848, #5380 ) ;
#2283 = EDGE_CURVE ( 'NONE', #5437, #6387, #6331, .T. ) ;
#2284 = DIRECTION ( 'NONE',  ( 1.000000000000000000, 0.000000000000000000, 0.000000000000000000 ) ) ;
#2285 = EDGE_CURVE ( 'NONE', #614, #3723, #6866, .T. ) ;
#2286 =( NAMED_UNIT ( * ) PLANE_ANGLE_UNIT ( ) SI_UNIT ( $, .RADIAN. ) );
#2287 = CARTESIAN_POINT ( 'NONE',  ( -1.825000000000001066, 3.325000000000000178, 0.06499999999999994671 ) ) ;
#2288 = PRESENTATION_STYLE_ASSIGNMENT (( #6399 ) ) ;
#2289 = ORIENTED_EDGE ( 'NONE', *, *, #2478, .T. ) ;
#2290 = VERTEX_POINT ( 'NONE', #3411 ) ;
#2291 = AXIS2_PLACEMENT_3D ( 'NONE', #5295, #7506, #4025 ) ;
#2292 = ORIENTED_EDGE ( 'NONE', *, *, #5211, .F. ) ;
#2293 = LINE ( 'NONE', #7497, #3651 ) ;
#2294 = EDGE_CURVE ( 'NONE', #808, #5110, #5707, .T. ) ;
#2295 = ORIENTED_EDGE ( 'NONE', *, *, #6545, .F. ) ;
#2296 = LINE ( 'NONE', #1124, #51 ) ;
#2297 = EDGE_CURVE ( 'NONE', #1821, #972, #2783, .T. ) ;
#2298 = LINE ( 'NONE', #1714, #4071 ) ;
#2299 = ORIENTED_EDGE ( 'NONE', *, *, #6248, .F. ) ;
#2300 = AXIS2_PLACEMENT_3D ( 'NONE', #2900, #4181, #4715 ) ;
#2301 = DIRECTION ( 'NONE',  ( 0.000000000000000000, -1.000000000000000000, 0.000000000000000000 ) ) ;
#2302 = VERTEX_POINT ( 'NONE', #1490 ) ;
#2303 = DIRECTION ( 'NONE',  ( 0.000000000000000000, 0.000000000000000000, -1.000000000000000000 ) ) ;
#2304 = ORIENTED_EDGE ( 'NONE', *, *, #102, .T. ) ;
#2305 = LINE ( 'NONE', #1640, #3435 ) ;
#2306 = AXIS2_PLACEMENT_3D ( 'NONE', #7085, #130, #1212 ) ;
#2307 = ORIENTED_EDGE ( 'NONE', *, *, #6040, .T. ) ;
#2308 = DIRECTION ( 'NONE',  ( 0.000000000000000000, 1.000000000000000000, 0.000000000000000000 ) ) ;
#2309 = ORIENTED_EDGE ( 'NONE', *, *, #3527, .T. ) ;
#2310 = CARTESIAN_POINT ( 'NONE',  ( -1.375000000000000444, 2.209999999999998188, -2.496936092690336118 ) ) ;
#2311 = PLANE ( 'NONE',  #4848 ) ;
#2312 = DIRECTION ( 'NONE',  ( 0.000000000000000000, 0.000000000000000000, -1.000000000000000000 ) ) ;
#2313 = SURFACE_STYLE_USAGE ( .BOTH. , #5760 ) ;
#2314 = DIRECTION ( 'NONE',  ( 1.000000000000000000, 0.000000000000000000, 0.000000000000000000 ) ) ;
#2315 = AXIS2_PLACEMENT_3D ( 'NONE', #6159, #847, #2642 ) ;
#2316 = EDGE_CURVE ( 'NONE', #1992, #5164, #6827, .T. ) ;
#2317 = EDGE_CURVE ( 'NONE', #4812, #2987, #1607, .T. ) ;
#2318 = ORIENTED_EDGE ( 'NONE', *, *, #4651, .T. ) ;
#2319 = ORIENTED_EDGE ( 'NONE', *, *, #3186, .T. ) ;
#2320 = EDGE_LOOP ( 'NONE', ( #7350, #6491, #6427, #1262 ) ) ;
#2321 = DIRECTION ( 'NONE',  ( 1.000000000000000000, 0.000000000000000000, 0.000000000000000000 ) ) ;
#2322 = CARTESIAN_POINT ( 'NONE',  ( -5.724999999999999645, 2.055000000000001048, 2.024999999999999911 ) ) ;
#2323 = VECTOR ( 'NONE', #3273, 1000.000000000000000 ) ;
#2324 = DIRECTION ( 'NONE',  ( 0.000000000000000000, 0.000000000000000000, -1.000000000000000000 ) ) ;
#2325 = DIRECTION ( 'NONE',  ( 1.734723475976806306E-15, -1.000000000000000000, 0.000000000000000000 ) ) ;
#2326 = DIRECTION ( 'NONE',  ( 0.000000000000000000, 1.000000000000000000, 0.000000000000000000 ) ) ;
#2327 = ORIENTED_EDGE ( 'NONE', *, *, #1432, .F. ) ;
#2328 = EDGE_CURVE ( 'NONE', #2987, #2098, #1797, .T. ) ;
#2329 = EDGE_CURVE ( 'NONE', #7109, #970, #2236, .T. ) ;
#2330 = ORIENTED_EDGE ( 'NONE', *, *, #573, .T. ) ;
#2331 = VECTOR ( 'NONE', #2599, 1000.000000000000000 ) ;
#2332 = ORIENTED_EDGE ( 'NONE', *, *, #2564, .T. ) ;
#2333 = ORIENTED_EDGE ( 'NONE', *, *, #7093, .F. ) ;
#2334 = LINE ( 'NONE', #5320, #4504 ) ;
#2335 = VERTEX_POINT ( 'NONE', #2668 ) ;
#2336 = LINE ( 'NONE', #7532, #1165 ) ;
#2337 = CARTESIAN_POINT ( 'NONE',  ( -9.290000000000045333, -7.334999999999998188, 2.024999999999999911 ) ) ;
#2338 = ORIENTED_EDGE ( 'NONE', *, *, #1410, .T. ) ;
#2339 = LINE ( 'NONE', #1716, #4199 ) ;
#2340 = EDGE_CURVE ( 'NONE', #6694, #3717, #1451, .T. ) ;
#2341 = EDGE_CURVE ( 'NONE', #192, #5340, #1530, .T. ) ;
#2342 = EDGE_LOOP ( 'NONE', ( #795, #4013, #5964, #4680 ) ) ;
#2343 = DIRECTION ( 'NONE',  ( 1.000000000000000000, 0.000000000000000000, 0.000000000000000000 ) ) ;
#2344 = EDGE_LOOP ( 'NONE', ( #746, #5215, #3462, #2074 ) ) ;
#2345 = LINE ( 'NONE', #4066, #4224 ) ;
#2346 = DIRECTION ( 'NONE',  ( 0.000000000000000000, -1.000000000000000000, 0.000000000000000000 ) ) ;
#2347 = EDGE_CURVE ( 'NONE', #6758, #5213, #6260, .T. ) ;
#2348 = ORIENTED_EDGE ( 'NONE', *, *, #6071, .F. ) ;
#2349 = PLANE ( 'NONE',  #6265 ) ;
#2350 = ORIENTED_EDGE ( 'NONE', *, *, #6372, .T. ) ;
#2351 = CARTESIAN_POINT ( 'NONE',  ( -5.312499999999999112, 1.855000000000000204, 0.06499999999999994671 ) ) ;
#2352 = CARTESIAN_POINT ( 'NONE',  ( -5.724999999999999645, 0.000000000000000000, 1.824999999999999956 ) ) ;
#2353 = DIRECTION ( 'NONE',  ( -0.000000000000000000, -0.000000000000000000, 1.000000000000000000 ) ) ;
#2354 = AXIS2_PLACEMENT_3D ( 'NONE', #3281, #5662, #3356 ) ;
#2355 = CARTESIAN_POINT ( 'NONE',  ( -1.024999999999999911, 0.7799999999999999156, -0.3250000000000000666 ) ) ;
#2356 = VERTEX_POINT ( 'NONE', #3291 ) ;
#2357 = CARTESIAN_POINT ( 'NONE',  ( -7.375000000000000888, 1.559999999999999609, 1.949999999999999512 ) ) ;
#2358 = ORIENTED_EDGE ( 'NONE', *, *, #5471, .T. ) ;
#2359 = ORIENTED_EDGE ( 'NONE', *, *, #5541, .T. ) ;
#2360 = CARTESIAN_POINT ( 'NONE',  ( -1.145000000000000240, 2.209999999999999520, 1.274999999999999911 ) ) ;
#2361 = LINE ( 'NONE', #1074, #6108 ) ;
#2362 = EDGE_CURVE ( 'NONE', #2023, #4337, #5636, .T. ) ;
#2363 = CARTESIAN_POINT ( 'NONE',  ( -0.8750000000000007772, 3.500000000000000444, 0.09499999999999966804 ) ) ;
#2364 = DIRECTION ( 'NONE',  ( 1.000000000000000000, -0.000000000000000000, -0.000000000000000000 ) ) ;
#2365 = LINE ( 'NONE', #2846, #6726 ) ;
#2367 = EDGE_LOOP ( 'NONE', ( #3425, #4234, #1162, #426, #843 ) ) ;
#2366 = AXIS2_PLACEMENT_3D ( 'NONE', #520, #4684, #7588 ) ;
#2368 = ORIENTED_EDGE ( 'NONE', *, *, #1431, .T. ) ;
#2369 = ORIENTED_EDGE ( 'NONE', *, *, #6441, .F. ) ;
#2370 = ORIENTED_EDGE ( 'NONE', *, *, #1509, .T. ) ;
#2371 = DIRECTION ( 'NONE',  ( -0.000000000000000000, -0.000000000000000000, 1.000000000000000000 ) ) ;
#2372 = CARTESIAN_POINT ( 'NONE',  ( -8.750000000000000000, 1.630000000000001226, 0.06499999999999994671 ) ) ;
#2373 = FACE_OUTER_BOUND ( 'NONE', #7040, .T. ) ;
#2374 = ORIENTED_EDGE ( 'NONE', *, *, #6117, .T. ) ;
#2375 = ORIENTED_EDGE ( 'NONE', *, *, #3378, .F. ) ;
#2376 = FACE_OUTER_BOUND ( 'NONE', #2278, .T. ) ;
#2377 = ORIENTED_EDGE ( 'NONE', *, *, #4662, .F. ) ;
#2378 = EDGE_CURVE ( 'NONE', #6237, #6272, #7422, .T. ) ;
#2379 = DIRECTION ( 'NONE',  ( 1.000000000000000000, 3.003353243472115058E-16, -0.000000000000000000 ) ) ;
#2380 = EDGE_CURVE ( 'NONE', #5508, #3511, #1641, .T. ) ;
#2381 = VECTOR ( 'NONE', #4374, 1000.000000000000000 ) ;
#2382 = CARTESIAN_POINT ( 'NONE',  ( -5.800000000000000711, 2.490000000000001101, -1.224999999999999867 ) ) ;
#2383 = ORIENTED_EDGE ( 'NONE', *, *, #2435, .F. ) ;
#2384 = DIRECTION ( 'NONE',  ( 0.000000000000000000, 0.000000000000000000, -1.000000000000000000 ) ) ;
#2385 = FACE_BOUND ( 'NONE', #3199, .T. ) ;
#2386 = EDGE_CURVE ( 'NONE', #1026, #3938, #4602, .T. ) ;
#2387 = ADVANCED_FACE ( 'NONE', ( #3451 ), #481, .F. ) ;
#2388 = CARTESIAN_POINT ( 'NONE',  ( -7.375000000000000888, 1.559999999999999609, 1.949999999999999512 ) ) ;
#2389 = DIRECTION ( 'NONE',  ( 0.000000000000000000, 1.000000000000000000, 0.000000000000000000 ) ) ;
#2390 = VECTOR ( 'NONE', #4372, 1000.000000000000000 ) ;
#2391 = VECTOR ( 'NONE', #2810, 1000.000000000000000 ) ;
#2392 = CARTESIAN_POINT ( 'NONE',  ( -1.735000000000000320, 1.903000000000000025, -1.724999999999999867 ) ) ;
#2393 = EDGE_LOOP ( 'NONE', ( #543, #2256, #6177, #1102 ) ) ;
#2394 = CARTESIAN_POINT ( 'NONE',  ( -5.937500000000000000, 2.255000000000000338, 0.06499999999999994671 ) ) ;
#2395 = PLANE ( 'NONE',  #7060 ) ;
#2396 = VERTEX_POINT ( 'NONE', #3662 ) ;
#2397 = VERTEX_POINT ( 'NONE', #5469 ) ;
#2398 = CARTESIAN_POINT ( 'NONE',  ( -7.605000000000000426, 1.759999999999999121, 1.274999999999999911 ) ) ;
#2399 = CIRCLE ( 'NONE', #910, 0.2000000000000000944 ) ;
#2400 = LINE ( 'NONE', #2440, #4395 ) ;
#2401 = DIRECTION ( 'NONE',  ( 0.000000000000000000, 0.000000000000000000, 1.000000000000000000 ) ) ;
#2402 = LINE ( 'NONE', #4086, #2403 ) ;
#2403 = VECTOR ( 'NONE', #4696, 1000.000000000000000 ) ;
#2404 = VERTEX_POINT ( 'NONE', #3232 ) ;
#2405 = VERTEX_POINT ( 'NONE', #7286 ) ;
#2406 = EDGE_LOOP ( 'NONE', ( #2614, #6127, #6840, #5763 ) ) ;
#2407 = DIRECTION ( 'NONE',  ( -0.000000000000000000, 1.000000000000000000, 0.000000000000000000 ) ) ;
#2408 = ORIENTED_EDGE ( 'NONE', *, *, #4441, .T. ) ;
#2409 = DIRECTION ( 'NONE',  ( 0.000000000000000000, 0.000000000000000000, 1.000000000000000000 ) ) ;
#2410 = VECTOR ( 'NONE', #5580, 1000.000000000000000 ) ;
#2411 = CARTESIAN_POINT ( 'NONE',  ( -3.025000000000000799, 0.7799999999999999156, 0.06499999999999994671 ) ) ;
#2412 = PLANE ( 'NONE',  #3584 ) ;
#2413 = ORIENTED_EDGE ( 'NONE', *, *, #3942, .T. ) ;
#2414 = FACE_OUTER_BOUND ( 'NONE', #3973, .T. ) ;
#2415 = VECTOR ( 'NONE', #4765, 1000.000000000000000 ) ;
#2416 = VERTEX_POINT ( 'NONE', #846 ) ;
#2417 = CARTESIAN_POINT ( 'NONE',  ( -1.375000000000000444, 2.209999999999998188, 2.024999999999999911 ) ) ;
#2418 = ORIENTED_EDGE ( 'NONE', *, *, #4011, .F. ) ;
#2419 = VECTOR ( 'NONE', #5635, 1000.000000000000114 ) ;
#2420 = CARTESIAN_POINT ( 'NONE',  ( -1.145000000000000240, 0.1499999999999974964, 2.024999999999999911 ) ) ;
#2421 = ORIENTED_EDGE ( 'NONE', *, *, #2535, .F. ) ;
#2422 = ADVANCED_FACE ( 'NONE', ( #2561 ), #1382, .F. ) ;
#2423 = ORIENTED_EDGE ( 'NONE', *, *, #5824, .F. ) ;
#2424 = EDGE_CURVE ( 'NONE', #1120, #3192, #3701, .T. ) ;
#2425 = LINE ( 'NONE', #756, #7228 ) ;
#2426 = DIRECTION ( 'NONE',  ( -1.000000000000000000, -0.000000000000000000, -0.000000000000000000 ) ) ;
#2427 = VECTOR ( 'NONE', #5488, 1000.000000000000000 ) ;
#2428 = DIRECTION ( 'NONE',  ( -1.000000000000000000, -1.495451272393798852E-15, 0.000000000000000000 ) ) ;
#2429 = CARTESIAN_POINT ( 'NONE',  ( -6.439999999999997726, 3.240000000000001101, -2.024999999999999467 ) ) ;
#2430 = PRODUCT_CONTEXT ( 'NONE', #5012, 'mechanical' ) ;
#2431 = DIRECTION ( 'NONE',  ( 0.000000000000000000, -1.000000000000000000, 0.000000000000000000 ) ) ;
#2432 = ADVANCED_FACE ( 'NONE', ( #1949 ), #108, .T. ) ;
#2433 = ORIENTED_EDGE ( 'NONE', *, *, #4738, .F. ) ;
#2434 = EDGE_CURVE ( 'NONE', #3817, #4603, #689, .T. ) ;
#2435 = EDGE_CURVE ( 'NONE', #825, #2175, #4853, .T. ) ;
#2436 = CARTESIAN_POINT ( 'NONE',  ( -6.790000000000000036, 0.000000000000000000, 1.824999999999999289 ) ) ;
#2437 = DIRECTION ( 'NONE',  ( 1.000000000000000000, 0.000000000000000000, 0.000000000000000000 ) ) ;
#2438 = ORIENTED_EDGE ( 'NONE', *, *, #1508, .F. ) ;
#2439 = LINE ( 'NONE', #5431, #3416 ) ;
#2440 = CARTESIAN_POINT ( 'NONE',  ( -5.525000000000000355, 0.000000000000000000, -1.464999999999999858 ) ) ;
#2441 = AXIS2_PLACEMENT_3D ( 'NONE', #6734, #7252, #1461 ) ;
#2442 = DIRECTION ( 'NONE',  ( 0.000000000000000000, 0.000000000000000000, -1.000000000000000000 ) ) ;
#2443 = CARTESIAN_POINT ( 'NONE',  ( 0.000000000000000000, 0.5300000000000049116, -0.3250000000000000666 ) ) ;
#2444 = VERTEX_POINT ( 'NONE', #3194 ) ;
#2445 = AXIS2_PLACEMENT_3D ( 'NONE', #2635, #4961, #5576 ) ;
#2446 = VERTEX_POINT ( 'NONE', #4319 ) ;
#2447 = CARTESIAN_POINT ( 'NONE',  ( -5.724999999999999645, -1.084202172485503941E-16, -1.810000000000000053 ) ) ;
#2448 = ORIENTED_EDGE ( 'NONE', *, *, #4179, .F. ) ;
#2449 = CARTESIAN_POINT ( 'NONE',  ( -4.474999999999999645, 1.030000000000000027, -2.024999999999999911 ) ) ;
#2450 = FACE_OUTER_BOUND ( 'NONE', #6893, .T. ) ;
#2451 = FACE_OUTER_BOUND ( 'NONE', #2393, .T. ) ;
#2452 = AXIS2_PLACEMENT_3D ( 'NONE', #1612, #4492, #7427 ) ;
#2453 = ORIENTED_EDGE ( 'NONE', *, *, #2573, .F. ) ;
#2454 = AXIS2_PLACEMENT_3D ( 'NONE', #4659, #6470, #534 ) ;
#2455 = DIRECTION ( 'NONE',  ( -1.000000000000000000, 1.197572355469997778E-16, 0.000000000000000000 ) ) ;
#2456 = ORIENTED_EDGE ( 'NONE', *, *, #3218, .T. ) ;
#2457 = VECTOR ( 'NONE', #1070, 1000.000000000000000 ) ;
#2458 = ORIENTED_EDGE ( 'NONE', *, *, #1386, .T. ) ;
#2459 = CARTESIAN_POINT ( 'NONE',  ( -3.225000000000000533, 1.855000000000000204, 1.824999999999999289 ) ) ;
#2460 = EDGE_CURVE ( 'NONE', #5482, #1123, #5502, .T. ) ;
#2461 = CARTESIAN_POINT ( 'NONE',  ( -5.724999999999999645, 0.6805981797501089448, 1.625000000000000000 ) ) ;
#2462 = VECTOR ( 'NONE', #1111, 1000.000000000000000 ) ;
#2463 = EDGE_LOOP ( 'NONE', ( #3888, #3486, #3591, #5852 ) ) ;
#2464 = DIRECTION ( 'NONE',  ( -0.8660254037844384856, 0.000000000000000000, 0.5000000000000004441 ) ) ;
#2465 = DIRECTION ( 'NONE',  ( 0.000000000000000000, -0.000000000000000000, -1.000000000000000000 ) ) ;
#2466 = CARTESIAN_POINT ( 'NONE',  ( -5.724999999999999645, 1.498933982822020061, 1.468933982822018036 ) ) ;
#2467 = DIRECTION ( 'NONE',  ( -1.000000000000000000, 0.000000000000000000, 0.000000000000000000 ) ) ;
#2468 = FACE_OUTER_BOUND ( 'NONE', #7576, .T. ) ;
#2469 = CARTESIAN_POINT ( 'NONE',  ( -7.725000000000000533, 1.759999999999999121, 1.274999999999999911 ) ) ;
#2470 = ORIENTED_EDGE ( 'NONE', *, *, #4619, .F. ) ;
#2471 = DIRECTION ( 'NONE',  ( 1.000000000000000000, 0.000000000000000000, 0.000000000000000000 ) ) ;
#2472 = CARTESIAN_POINT ( 'NONE',  ( -3.225000000000000533, 0.5500000000000010436, 0.06499999999999994671 ) ) ;
#2473 = PLANE ( 'NONE',  #6652 ) ;
#2474 = ORIENTED_EDGE ( 'NONE', *, *, #1626, .F. ) ;
#2475 = DIRECTION ( 'NONE',  ( 1.000000000000000000, 0.000000000000000000, 0.000000000000000000 ) ) ;
#2476 = EDGE_CURVE ( 'NONE', #254, #1123, #6619, .T. ) ;
#2477 = CARTESIAN_POINT ( 'NONE',  ( -1.852139257101876488E-16, 1.630000000000001226, -1.464999999999999636 ) ) ;
#2478 = EDGE_CURVE ( 'NONE', #1353, #5448, #185, .T. ) ;
#2479 = EDGE_CURVE ( 'NONE', #3830, #1491, #3742, .T. ) ;
#2480 = DIRECTION ( 'NONE',  ( 0.000000000000000000, 0.000000000000000000, -1.000000000000000000 ) ) ;
#2481 = CARTESIAN_POINT ( 'NONE',  ( -1.145000000000000240, 0.7800000000000000266, 0.000000000000000000 ) ) ;
#2482 = ORIENTED_EDGE ( 'NONE', *, *, #3094, .T. ) ;
#2483 = EDGE_LOOP ( 'NONE', ( #2247, #5856, #6293, #227 ) ) ;
#2484 = ORIENTED_EDGE ( 'NONE', *, *, #625, .T. ) ;
#2485 = PLANE ( 'NONE',  #4875 ) ;
#2486 = ORIENTED_EDGE ( 'NONE', *, *, #1966, .T. ) ;
#2487 = DIRECTION ( 'NONE',  ( 0.000000000000000000, 0.000000000000000000, 1.000000000000000000 ) ) ;
#2488 = CARTESIAN_POINT ( 'NONE',  ( -7.875000000000000000, 0.000000000000000000, 2.024999999999999911 ) ) ;
#2489 = CARTESIAN_POINT ( 'NONE',  ( -5.724999999999999645, 1.604999999999999982, 1.212867965644033985 ) ) ;
#2490 = ADVANCED_FACE ( 'NONE', ( #732 ), #6079, .T. ) ;
#2491 = ADVANCED_FACE ( 'NONE', ( #4238 ), #4930, .T. ) ;
#2492 = VERTEX_POINT ( 'NONE', #1984 ) ;
#2493 = CARTESIAN_POINT ( 'NONE',  ( -1.735000000000000320, 4.120000000000000107, 0.000000000000000000 ) ) ;
#2494 = ORIENTED_EDGE ( 'NONE', *, *, #1554, .T. ) ;
#2495 = EDGE_LOOP ( 'NONE', ( #2484, #2453, #3705, #2734 ) ) ;
#2496 = DIRECTION ( 'NONE',  ( 0.000000000000000000, -1.000000000000000000, -1.346834996876403062E-16 ) ) ;
#2497 = DIRECTION ( 'NONE',  ( 1.000000000000000000, 0.000000000000000000, 0.000000000000000000 ) ) ;
#2498 = CARTESIAN_POINT ( 'NONE',  ( -7.875000000000000000, 2.727340868674716046E-16, -2.024999999999999911 ) ) ;
#2499 = EDGE_LOOP ( 'NONE', ( #4701, #6879, #1747, #386 ) ) ;
#2500 = CARTESIAN_POINT ( 'NONE',  ( -1.145000000000000240, 1.009999999999999121, 1.949999999999999289 ) ) ;
#2501 = LINE ( 'NONE', #6026, #1140 ) ;
#2502 = VECTOR ( 'NONE', #1238, 1000.000000000000000 ) ;
#2503 = PLANE ( 'NONE',  #4469 ) ;
#2504 = CARTESIAN_POINT ( 'NONE',  ( -5.724999999999999645, 1.498933982822020061, 1.106801948466051844 ) ) ;
#2505 = LINE ( 'NONE', #6718, #7091 ) ;
#2506 = LINE ( 'NONE', #1940, #5257 ) ;
#2507 = ORIENTED_EDGE ( 'NONE', *, *, #5174, .F. ) ;
#2508 = FACE_OUTER_BOUND ( 'NONE', #6844, .T. ) ;
#2509 = CARTESIAN_POINT ( 'NONE',  ( -7.605000000000000426, 0.000000000000000000, 0.06499999999999994671 ) ) ;
#2510 = EDGE_CURVE ( 'NONE', #254, #4132, #4357, .T. ) ;
#2511 = CARTESIAN_POINT ( 'NONE',  ( -3.024999999999999911, 1.855000000000000204, 1.824999999999999289 ) ) ;
#2512 = ORIENTED_EDGE ( 'NONE', *, *, #6745, .T. ) ;
#2513 = CARTESIAN_POINT ( 'NONE',  ( -7.605000000000000426, 2.209999999999999520, 0.06499999999999994671 ) ) ;
#2514 = CARTESIAN_POINT ( 'NONE',  ( -0.000000000000000000, 2.085000000000000409, 2.024999999999999911 ) ) ;
#2515 = VECTOR ( 'NONE', #1371, 1000.000000000000000 ) ;
#2516 = VECTOR ( 'NONE', #2969, 1000.000000000000000 ) ;
#2517 = DIRECTION ( 'NONE',  ( 0.000000000000000000, -1.000000000000000000, 0.000000000000000000 ) ) ;
#2518 = DIRECTION ( 'NONE',  ( 0.000000000000000000, 0.000000000000000000, 1.000000000000000000 ) ) ;
#2519 = CARTESIAN_POINT ( 'NONE',  ( -7.275000000000000355, 0.7800000000000000266, 1.324999999999999734 ) ) ;
#2520 = EDGE_LOOP ( 'NONE', ( #5154, #1619, #1511, #5555 ) ) ;
#2521 = VECTOR ( 'NONE', #2073, 1000.000000000000000 ) ;
#2522 = VECTOR ( 'NONE', #5010, 1000.000000000000000 ) ;
#2523 = ORIENTED_EDGE ( 'NONE', *, *, #7417, .F. ) ;
#2524 = ADVANCED_FACE ( 'NONE', ( #222 ), #4387, .T. ) ;
#2525 = ORIENTED_EDGE ( 'NONE', *, *, #7004, .T. ) ;
#2526 = LINE ( 'NONE', #3708, #3150 ) ;
#2527 = ORIENTED_EDGE ( 'NONE', *, *, #4292, .F. ) ;
#2528 = DIRECTION ( 'NONE',  ( -1.000000000000000000, 0.000000000000000000, 0.000000000000000000 ) ) ;
#2529 = PLANE ( 'NONE',  #1763 ) ;
#2530 = CARTESIAN_POINT ( 'NONE',  ( -1.375000000000000444, 2.209999999999999520, 0.06499999999999994671 ) ) ;
#2531 = VECTOR ( 'NONE', #5260, 1000.000000000000000 ) ;
#2532 = VECTOR ( 'NONE', #4150, 1000.000000000000000 ) ;
#2533 = VECTOR ( 'NONE', #6042, 1000.000000000000114 ) ;
#2534 = FACE_OUTER_BOUND ( 'NONE', #4208, .T. ) ;
#2535 = EDGE_CURVE ( 'NONE', #7368, #766, #5759, .T. ) ;
#2536 = ADVANCED_FACE ( 'NONE', ( #7365 ), #3302, .T. ) ;
#2537 = VECTOR ( 'NONE', #5917, 1000.000000000000000 ) ;
#2538 = ADVANCED_FACE ( 'NONE', ( #332 ), #2676, .F. ) ;
#2539 = ORIENTED_EDGE ( 'NONE', *, *, #7562, .T. ) ;
#2540 = VECTOR ( 'NONE', #6054, 1000.000000000000000 ) ;
#2541 = ORIENTED_EDGE ( 'NONE', *, *, #6531, .T. ) ;
#2542 = FACE_BOUND ( 'NONE', #3937, .T. ) ;
#2543 = FACE_OUTER_BOUND ( 'NONE', #6900, .T. ) ;
#2544 = VECTOR ( 'NONE', #561, 1000.000000000000000 ) ;
#2545 = CARTESIAN_POINT ( 'NONE',  ( -3.225000000000000533, 0.000000000000000000, 2.024999999999999911 ) ) ;
#2546 = ORIENTED_EDGE ( 'NONE', *, *, #3117, .T. ) ;
#2547 = CARTESIAN_POINT ( 'NONE',  ( -5.525000000000000355, 0.2999999999999999889, 0.000000000000000000 ) ) ;
#2548 = VECTOR ( 'NONE', #6981, 1000.000000000000000 ) ;
#2549 = DIRECTION ( 'NONE',  ( 1.000000000000000000, 0.000000000000000000, 0.000000000000000000 ) ) ;
#2550 = DIRECTION ( 'NONE',  ( 0.000000000000000000, 0.000000000000000000, 1.000000000000000000 ) ) ;
#2551 = CARTESIAN_POINT ( 'NONE',  ( -5.525000000000000355, 1.937842712474619811, 1.824999999999999956 ) ) ;
#2552 = LINE ( 'NONE', #682, #7436 ) ;
#2553 = VERTEX_POINT ( 'NONE', #1024 ) ;
#2554 = ORIENTED_EDGE ( 'NONE', *, *, #5282, .F. ) ;
#2555 = LINE ( 'NONE', #6692, #4793 ) ;
#2556 = FACE_OUTER_BOUND ( 'NONE', #1199, .T. ) ;
#2557 = PLANE ( 'NONE',  #454 ) ;
#2558 = ORIENTED_EDGE ( 'NONE', *, *, #6184, .F. ) ;
#2559 = CARTESIAN_POINT ( 'NONE',  ( -6.163749999999999396, 0.000000000000000000, 2.024999999999999911 ) ) ;
#2560 = VECTOR ( 'NONE', #792, 1000.000000000000000 ) ;
#2561 = FACE_OUTER_BOUND ( 'NONE', #1328, .T. ) ;
#2562 = DIRECTION ( 'NONE',  ( 0.000000000000000000, 0.000000000000000000, 1.000000000000000000 ) ) ;
#2563 = PLANE ( 'NONE',  #3533 ) ;
#2564 = EDGE_CURVE ( 'NONE', #972, #3887, #4495, .T. ) ;
#2565 = EDGE_CURVE ( 'NONE', #7502, #2752, #6199, .T. ) ;
#2566 = CIRCLE ( 'NONE', #5764, 0.08500000000000000611 ) ;
#2567 = ORIENTED_EDGE ( 'NONE', *, *, #5425, .F. ) ;
#2568 = ORIENTED_EDGE ( 'NONE', *, *, #1332, .F. ) ;
#2569 = ORIENTED_EDGE ( 'NONE', *, *, #5220, .T. ) ;
#2570 = CARTESIAN_POINT ( 'NONE',  ( -1.145000000000000240, 0.000000000000000000, -0.2750000000000000777 ) ) ;
#2571 = CARTESIAN_POINT ( 'NONE',  ( -1.852139257101876488E-16, 1.630000000000001226, 0.06499999999999994671 ) ) ;
#2572 = DIRECTION ( 'NONE',  ( 0.000000000000000000, -1.000000000000000000, 5.706327223607912624E-16 ) ) ;
#2573 = EDGE_CURVE ( 'NONE', #5577, #2215, #6913, .T. ) ;
#2574 = CARTESIAN_POINT ( 'NONE',  ( -1.852139257101876488E-16, 1.630000000000001226, -2.024999999999999911 ) ) ;
#2575 = VECTOR ( 'NONE', #4358, 1000.000000000000000 ) ;
#2576 = ORIENTED_EDGE ( 'NONE', *, *, #7274, .T. ) ;
#2577 = ORIENTED_EDGE ( 'NONE', *, *, #947, .T. ) ;
#2578 = CLOSED_SHELL ( 'NONE', ( #3285, #3550, #32, #4392, #6222, #5934, #4253, #1921, #5229 ) ) ;
#2579 = FACE_OUTER_BOUND ( 'NONE', #4825, .T. ) ;
#2580 = VECTOR ( 'NONE', #2890, 1000.000000000000000 ) ;
#2581 = EDGE_CURVE ( 'NONE', #3695, #7409, #5074, .T. ) ;
#2582 = PLANE ( 'NONE',  #6385 ) ;
#2583 = ADVANCED_FACE ( 'NONE', ( #5615 ), #297, .F. ) ;
#2584 = EDGE_CURVE ( 'NONE', #1364, #6672, #3265, .T. ) ;
#2585 = CARTESIAN_POINT ( 'NONE',  ( -7.605000000000000426, 0.7800000000000000266, -0.2750000000000000777 ) ) ;
#2586 = ORIENTED_EDGE ( 'NONE', *, *, #4179, .T. ) ;
#2587 = CIRCLE ( 'NONE', #4207, 0.08500000000000000611 ) ;
#2588 = DIRECTION ( 'NONE',  ( 0.000000000000000000, -1.000000000000000000, 0.000000000000000000 ) ) ;
#2589 = PLANE ( 'NONE',  #6828 ) ;
#2590 = DIRECTION ( 'NONE',  ( 0.000000000000000000, -1.000000000000000000, -0.000000000000000000 ) ) ;
#2591 = DIRECTION ( 'NONE',  ( 0.000000000000000000, 0.000000000000000000, -1.000000000000000000 ) ) ;
#2592 = CARTESIAN_POINT ( 'NONE',  ( -2.812500000000000888, 1.855000000000000204, 0.06499999999999994671 ) ) ;
#2593 = EDGE_CURVE ( 'NONE', #3056, #7032, #5676, .T. ) ;
#2594 = DIRECTION ( 'NONE',  ( 0.000000000000000000, 0.000000000000000000, -1.000000000000000000 ) ) ;
#2595 = VERTEX_POINT ( 'NONE', #1615 ) ;
#2596 = EDGE_LOOP ( 'NONE', ( #2011, #6155, #6964, #1061 ) ) ;
#2597 = DIRECTION ( 'NONE',  ( 0.000000000000000000, 0.000000000000000000, -1.000000000000000000 ) ) ;
#2598 = DIRECTION ( 'NONE',  ( 0.000000000000000000, -1.000000000000000000, 0.000000000000000000 ) ) ;
#2599 = DIRECTION ( 'NONE',  ( -1.000000000000000000, 0.000000000000000000, 0.000000000000000000 ) ) ;
#2600 = ORIENTED_EDGE ( 'NONE', *, *, #1973, .T. ) ;
#2601 = LINE ( 'NONE', #7285, #129 ) ;
#2602 = DIRECTION ( 'NONE',  ( 1.000000000000000000, 0.000000000000000000, -0.000000000000000000 ) ) ;
#2603 = FACE_OUTER_BOUND ( 'NONE', #7298, .T. ) ;
#2604 = ORIENTED_EDGE ( 'NONE', *, *, #4436, .T. ) ;
#2605 = ORIENTED_EDGE ( 'NONE', *, *, #6674, .F. ) ;
#2606 = ORIENTED_EDGE ( 'NONE', *, *, #6104, .F. ) ;
#2607 = CARTESIAN_POINT ( 'NONE',  ( -7.725000000000000533, 0.4800000000000017031, -0.2750000000000000777 ) ) ;
#2608 = EDGE_CURVE ( 'NONE', #7215, #3675, #2207, .T. ) ;
#2609 = ORIENTED_EDGE ( 'NONE', *, *, #2187, .T. ) ;
#2610 = DIRECTION ( 'NONE',  ( 0.000000000000000000, 0.6038260274202660316, -0.7971161324486288891 ) ) ;
#2611 = LINE ( 'NONE', #5085, #838 ) ;
#2612 = VECTOR ( 'NONE', #1248, 1000.000000000000114 ) ;
#2613 = CARTESIAN_POINT ( 'NONE',  ( -0.9850000000000006528, 2.400000000000000355, 0.06499999999999994671 ) ) ;
#2614 = ORIENTED_EDGE ( 'NONE', *, *, #4919, .T. ) ;
#2615 = DIRECTION ( 'NONE',  ( 0.000000000000000000, 1.000000000000000000, 0.000000000000000000 ) ) ;
#2616 = ORIENTED_EDGE ( 'NONE', *, *, #2771, .F. ) ;
#2617 = CARTESIAN_POINT ( 'NONE',  ( 2.204364238465228735E-17, 3.820000000000000728, -1.224999999999999867 ) ) ;
#2618 = CARTESIAN_POINT ( 'NONE',  ( -1.024999999999999911, 0.5300000000000049116, -0.3250000000000000666 ) ) ;
#2619 = CARTESIAN_POINT ( 'NONE',  ( 0.000000000000000000, 0.5500000000000010436, 2.024999999999999911 ) ) ;
#2620 = ORIENTED_EDGE ( 'NONE', *, *, #2945, .F. ) ;
#2621 = LINE ( 'NONE', #4553, #1068 ) ;
#2622 = CARTESIAN_POINT ( 'NONE',  ( -5.525000000000000355, 2.055000000000001048, 2.024999999999999911 ) ) ;
#2623 = EDGE_CURVE ( 'NONE', #1754, #7392, #4576, .T. ) ;
#2624 = EDGE_CURVE ( 'NONE', #7065, #3001, #299, .T. ) ;
#2625 = ADVANCED_FACE ( 'NONE', ( #6798 ), #7432, .F. ) ;
#2626 = DIRECTION ( 'NONE',  ( 0.000000000000000000, -1.000000000000000000, 0.000000000000000000 ) ) ;
#2627 = LINE ( 'NONE', #3224, #4867 ) ;
#2628 = LINE ( 'NONE', #357, #3429 ) ;
#2629 = CARTESIAN_POINT ( 'NONE',  ( -7.605000000000000426, 1.474999999999999423, 1.949999999999999067 ) ) ;
#2630 = ORIENTED_EDGE ( 'NONE', *, *, #6346, .T. ) ;
#2631 =( REPRESENTATION_RELATIONSHIP ('NONE','NONE', #3205, #1046 ) REPRESENTATION_RELATIONSHIP_WITH_TRANSFORMATION ( #600 )SHAPE_REPRESENTATION_RELATIONSHIP( ) );
#2632 = FACE_OUTER_BOUND ( 'NONE', #335, .T. ) ;
#2633 = CARTESIAN_POINT ( 'NONE',  ( -4.687500000000000000, 1.855000000000000204, 1.824999999999999289 ) ) ;
#2634 = EDGE_CURVE ( 'NONE', #6020, #5670, #3851, .T. ) ;
#2635 = CARTESIAN_POINT ( 'NONE',  ( -5.724999999999999645, 1.374015448775230075, 1.040834900053271950 ) ) ;
#2636 = EDGE_CURVE ( 'NONE', #5127, #6049, #922, .T. ) ;
#2637 = ADVANCED_FACE ( 'NONE', ( #5713 ), #3991, .F. ) ;
#2638 = ORIENTED_EDGE ( 'NONE', *, *, #3380, .F. ) ;
#2639 = FACE_OUTER_BOUND ( 'NONE', #6803, .T. ) ;
#2640 = DIRECTION ( 'NONE',  ( -0.5773502691896241767, 0.5773502691896265082, 0.5773502691896265082 ) ) ;
#2641 = VECTOR ( 'NONE', #1013, 1000.000000000000000 ) ;
#2642 = DIRECTION ( 'NONE',  ( 0.000000000000000000, -1.000000000000000000, 2.920409892216845161E-16 ) ) ;
#2643 = ORIENTED_EDGE ( 'NONE', *, *, #2317, .T. ) ;
#2644 = ORIENTED_EDGE ( 'NONE', *, *, #5973, .T. ) ;
#2645 = CARTESIAN_POINT ( 'NONE',  ( -1.960000000000000853, 2.760000000000000231, 1.824999999999999289 ) ) ;
#2646 = LINE ( 'NONE', #852, #5998 ) ;
#2647 = LINE ( 'NONE', #932, #6282 ) ;
#2648 = COLOUR_RGB ( '',0.7960784313725489669, 0.8235294117647058432, 0.9372549019607843146 ) ;
#2649 = AXIS2_PLACEMENT_3D ( 'NONE', #7338, #3860, #2177 ) ;
#2650 = VECTOR ( 'NONE', #3512, 1000.000000000000000 ) ;
#2651 = CARTESIAN_POINT ( 'NONE',  ( -5.525000000000000355, 0.6250000000000000000, -1.464999999999999858 ) ) ;
#2652 = ORIENTED_EDGE ( 'NONE', *, *, #7004, .F. ) ;
#2653 = LINE ( 'NONE', #7412, #2521 ) ;
#2654 = ORIENTED_EDGE ( 'NONE', *, *, #5560, .F. ) ;
#2655 = CIRCLE ( 'NONE', #5006, 0.08500000000000000611 ) ;
#2656 = FACE_OUTER_BOUND ( 'NONE', #3524, .T. ) ;
#2657 = CARTESIAN_POINT ( 'NONE',  ( -6.439999999999997726, 3.820000000000000728, -1.224999999999999867 ) ) ;
#2658 = CARTESIAN_POINT ( 'NONE',  ( -2.386250000000001315, 2.760000000000000231, 0.06499999999999994671 ) ) ;
#2659 = VECTOR ( 'NONE', #2475, 1000.000000000000000 ) ;
#2660 = ORIENTED_EDGE ( 'NONE', *, *, #4061, .T. ) ;
#2661 = FACE_OUTER_BOUND ( 'NONE', #3097, .T. ) ;
#2662 = CARTESIAN_POINT ( 'NONE',  ( -4.474999999999999645, 2.085000000000000409, -2.024999999999999911 ) ) ;
#2663 = CARTESIAN_POINT ( 'NONE',  ( -1.024999999999999911, 0.4800000000000017031, -0.2750000000000000777 ) ) ;
#2664 = PLANE ( 'NONE',  #4127 ) ;
#2665 = AXIS2_PLACEMENT_3D ( 'NONE', #768, #2602, #3775 ) ;
#2666 = AXIS2_PLACEMENT_3D ( 'NONE', #7461, #4562, #6902 ) ;
#2667 = CARTESIAN_POINT ( 'NONE',  ( -5.525000000000000355, 1.454999999999999849, 1.212867965644033985 ) ) ;
#2668 = CARTESIAN_POINT ( 'NONE',  ( -3.225000000000000533, 0.7799999999999999156, 1.824999999999999289 ) ) ;
#2669 = EDGE_CURVE ( 'NONE', #3695, #3707, #5646, .T. ) ;
#2670 = ORIENTED_EDGE ( 'NONE', *, *, #3922, .F. ) ;
#2671 = LINE ( 'NONE', #913, #1689 ) ;
#2672 = CARTESIAN_POINT ( 'NONE',  ( -7.605000000000000426, 0.7800000000000000266, -0.3250000000000000666 ) ) ;
#2673 = DIRECTION ( 'NONE',  ( 0.000000000000000000, -1.000000000000000000, 0.000000000000000000 ) ) ;
#2674 = EDGE_LOOP ( 'NONE', ( #5644, #6398, #3475, #6688 ) ) ;
#2675 = LINE ( 'NONE', #7364, #755 ) ;
#2676 = PLANE ( 'NONE',  #1035 ) ;
#2677 = AXIS2_PLACEMENT_3D ( 'NONE', #2911, #2389, #4189 ) ;
#2678 = CARTESIAN_POINT ( 'NONE',  ( -0.8750000000000007772, 2.209999999999999520, 1.975000000000001865 ) ) ;
#2679 = EDGE_CURVE ( 'NONE', #2766, #7496, #5300, .T. ) ;
#2680 = EDGE_CURVE ( 'NONE', #5009, #5294, #6534, .T. ) ;
#2681 = EDGE_CURVE ( 'NONE', #6212, #6628, #2871, .T. ) ;
#2682 = ORIENTED_EDGE ( 'NONE', *, *, #513, .T. ) ;
#2683 = VERTEX_POINT ( 'NONE', #1731 ) ;
#2684 = FACE_OUTER_BOUND ( 'NONE', #3445, .T. ) ;
#2685 = EDGE_LOOP ( 'NONE', ( #5826, #3854, #1039, #6882 ) ) ;
#2686 = ORIENTED_EDGE ( 'NONE', *, *, #1127, .F. ) ;
#2687 = DIRECTION ( 'NONE',  ( 0.000000000000000000, -1.000000000000000000, 0.000000000000000000 ) ) ;
#2688 = CARTESIAN_POINT ( 'NONE',  ( 0.000000000000000000, 0.000000000000000000, 1.824999999999999956 ) ) ;
#2689 = CARTESIAN_POINT ( 'NONE',  ( -2.812500000000000888, 2.255000000000000338, 0.06499999999999994671 ) ) ;
#2690 = VECTOR ( 'NONE', #3988, 1000.000000000000114 ) ;
#2691 = ORIENTED_EDGE ( 'NONE', *, *, #782, .F. ) ;
#2692 = DIRECTION ( 'NONE',  ( 0.000000000000000000, 0.000000000000000000, 1.000000000000000000 ) ) ;
#2693 = ORIENTED_EDGE ( 'NONE', *, *, #2700, .F. ) ;
#2694 = CARTESIAN_POINT ( 'NONE',  ( -1.145000000000000240, 1.709999999999999520, 1.324999999999999734 ) ) ;
#2695 = CARTESIAN_POINT ( 'NONE',  ( -7.500000000000000000, 3.965000000000001634, 0.06499999999999994671 ) ) ;
#2696 = AXIS2_PLACEMENT_3D ( 'NONE', #971, #2223, #6360 ) ;
#2697 = VERTEX_POINT ( 'NONE', #599 ) ;
#2698 = CARTESIAN_POINT ( 'NONE',  ( -5.724999999999999645, 0.000000000000000000, -1.584999999999999964 ) ) ;
#2699 = DIRECTION ( 'NONE',  ( 0.000000000000000000, 0.000000000000000000, -1.000000000000000000 ) ) ;
#2700 = EDGE_CURVE ( 'NONE', #2943, #6238, #7015, .T. ) ;
#2701 = DIRECTION ( 'NONE',  ( 1.000000000000000000, 0.000000000000000000, 0.000000000000000000 ) ) ;
#2702 = DIRECTION ( 'NONE',  ( 0.000000000000000000, 0.000000000000000000, -1.000000000000000000 ) ) ;
#2703 = CARTESIAN_POINT ( 'NONE',  ( 0.000000000000000000, 1.855000000000000204, 1.824999999999999289 ) ) ;
#2704 = ORIENTED_EDGE ( 'NONE', *, *, #1244, .F. ) ;
#2705 = CARTESIAN_POINT ( 'NONE',  ( -5.724999999999999645, 2.085000000000000409, -2.024999999999999911 ) ) ;
#2706 = CARTESIAN_POINT ( 'NONE',  ( -7.605000000000000426, -0.06250000000000049960, -0.06250000000000077716 ) ) ;
#2707 = DIRECTION ( 'NONE',  ( 0.000000000000000000, 0.000000000000000000, -1.000000000000000000 ) ) ;
#2708 = EDGE_LOOP ( 'NONE', ( #5558, #855, #3961, #4021 ) ) ;
#2709 = EDGE_CURVE ( 'NONE', #5204, #3422, #1770, .T. ) ;
#2710 = DIRECTION ( 'NONE',  ( -1.000000000000000000, 0.000000000000000000, 0.000000000000000000 ) ) ;
#2711 = DIRECTION ( 'NONE',  ( 0.000000000000000000, -0.7071067811865491270, -0.7071067811865459074 ) ) ;
#2712 = CARTESIAN_POINT ( 'NONE',  ( -0.8750000000000007772, 0.000000000000000000, -1.464999999999999636 ) ) ;
#2713 = ORIENTED_EDGE ( 'NONE', *, *, #2003, .F. ) ;
#2714 = EDGE_LOOP ( 'NONE', ( #2224, #5656, #5847, #182 ) ) ;
#2715 = LINE ( 'NONE', #2796, #3838 ) ;
#2716 = ORIENTED_EDGE ( 'NONE', *, *, #2608, .F. ) ;
#2717 = EDGE_LOOP ( 'NONE', ( #307, #4901, #7068, #1188, #1685, #2142, #116, #4978 ) ) ;
#2718 = CARTESIAN_POINT ( 'NONE',  ( -4.275000000000000355, 0.7799999999999999156, 0.06499999999999994671 ) ) ;
#2719 = ADVANCED_FACE ( 'NONE', ( #1139 ), #5837, .T. ) ;
#2720 = EDGE_CURVE ( 'NONE', #3237, #152, #2276, .T. ) ;
#2721 = DIRECTION ( 'NONE',  ( 0.000000000000000000, 1.000000000000000000, -0.000000000000000000 ) ) ;
#2722 = EDGE_CURVE ( 'NONE', #6821, #6672, #7635, .T. ) ;
#2723 = CARTESIAN_POINT ( 'NONE',  ( -5.724999999999999645, 1.855000000000000204, 0.06499999999999994671 ) ) ;
#2724 = ORIENTED_EDGE ( 'NONE', *, *, #7274, .F. ) ;
#2725 = DIRECTION ( 'NONE',  ( 0.000000000000000000, 0.000000000000000000, -1.000000000000000000 ) ) ;
#2726 = ORIENTED_EDGE ( 'NONE', *, *, #2965, .T. ) ;
#2727 = LINE ( 'NONE', #6320, #530 ) ;
#2728 = EDGE_CURVE ( 'NONE', #6143, #6463, #4035, .T. ) ;
#2729 = ORIENTED_EDGE ( 'NONE', *, *, #1090, .F. ) ;
#2730 = EDGE_CURVE ( 'NONE', #6664, #2976, #675, .T. ) ;
#2731 = FACE_OUTER_BOUND ( 'NONE', #655, .T. ) ;
#2732 = AXIS2_PLACEMENT_3D ( 'NONE', #4713, #3523, #5788 ) ;
#2733 = DIRECTION ( 'NONE',  ( -0.000000000000000000, 0.7071067811865597852, -0.7071067811865352493 ) ) ;
#2734 = ORIENTED_EDGE ( 'NONE', *, *, #2205, .T. ) ;
#2735 = APPLICATION_CONTEXT ( 'automotive_design' ) ;
#2736 = ORIENTED_EDGE ( 'NONE', *, *, #5050, .T. ) ;
#2737 = DIRECTION ( 'NONE',  ( 0.000000000000000000, 0.000000000000000000, -1.000000000000000000 ) ) ;
#2738 = DIRECTION ( 'NONE',  ( 0.000000000000000000, 0.000000000000000000, 1.000000000000000000 ) ) ;
#2739 = FACE_OUTER_BOUND ( 'NONE', #6502, .T. ) ;
#2740 = AXIS2_PLACEMENT_3D ( 'NONE', #7634, #1730, #1138 ) ;
#2741 = CARTESIAN_POINT ( 'NONE',  ( -6.800000000000001599, 3.820000000000000728, -2.024999999999999911 ) ) ;
#2742 = VERTEX_POINT ( 'NONE', #1652 ) ;
#2743 = CARTESIAN_POINT ( 'NONE',  ( -2.950000000000000178, 3.820000000000000728, -1.224999999999999867 ) ) ;
#2744 = LINE ( 'NONE', #2706, #5364 ) ;
#2745 = DIRECTION ( 'NONE',  ( 1.000000000000000000, 0.000000000000000000, -0.000000000000000000 ) ) ;
#2746 = PLANE ( 'NONE',  #1507 ) ;
#2747 = DIRECTION ( 'NONE',  ( 0.000000000000000000, 0.000000000000000000, 1.000000000000000000 ) ) ;
#2748 = CARTESIAN_POINT ( 'NONE',  ( -5.312499999999999112, 0.04750000000000037526, 0.01749999999999957839 ) ) ;
#2749 = VERTEX_POINT ( 'NONE', #3457 ) ;
#2750 = VERTEX_POINT ( 'NONE', #3497 ) ;
#2751 = CARTESIAN_POINT ( 'NONE',  ( -8.750000000000000000, 2.209999999999998188, -2.496936092690336118 ) ) ;
#2752 = VERTEX_POINT ( 'NONE', #5881 ) ;
#2753 = ORIENTED_EDGE ( 'NONE', *, *, #46, .T. ) ;
#2754 = DIRECTION ( 'NONE',  ( -0.000000000000000000, -0.000000000000000000, 1.000000000000000000 ) ) ;
#2755 = CARTESIAN_POINT ( 'NONE',  ( -2.386250000000001315, 2.255000000000000338, 0.06499999999999994671 ) ) ;
#2756 = VECTOR ( 'NONE', #1769, 1000.000000000000000 ) ;
#2757 = DIRECTION ( 'NONE',  ( 0.000000000000000000, -0.000000000000000000, 1.000000000000000000 ) ) ;
#2758 = VERTEX_POINT ( 'NONE', #1695 ) ;
#2759 = LINE ( 'NONE', #5122, #6777 ) ;
#2760 = EDGE_CURVE ( 'NONE', #2013, #7269, #6494, .T. ) ;
#2761 = ORIENTED_EDGE ( 'NONE', *, *, #6458, .F. ) ;
#2762 = ADVANCED_FACE ( 'NONE', ( #5804 ), #2984, .F. ) ;
#2763 = AXIS2_PLACEMENT_3D ( 'NONE', #7131, #1186, #1864 ) ;
#2764 = DIRECTION ( 'NONE',  ( 0.000000000000000000, -1.000000000000000000, 0.000000000000000000 ) ) ;
#2765 = ORIENTED_EDGE ( 'NONE', *, *, #5344, .T. ) ;
#2766 = VERTEX_POINT ( 'NONE', #5225 ) ;
#2767 = LINE ( 'NONE', #1558, #1232 ) ;
#2768 = STYLED_ITEM ( 'NONE', ( #243 ), #5741 ) ;
#2769 = VECTOR ( 'NONE', #1520, 1000.000000000000114 ) ;
#2770 = CARTESIAN_POINT ( 'NONE',  ( 0.000000000000000000, 0.000000000000000000, -0.3250000000000000666 ) ) ;
#2771 = EDGE_CURVE ( 'NONE', #3679, #1363, #6384, .T. ) ;
#2772 = ADVANCED_FACE ( 'NONE', ( #4074 ), #521, .T. ) ;
#2773 = EDGE_CURVE ( 'NONE', #5508, #5584, #7589, .T. ) ;
#2774 =( GEOMETRIC_REPRESENTATION_CONTEXT ( 3 ) GLOBAL_UNCERTAINTY_ASSIGNED_CONTEXT ( ( #3663 ) ) GLOBAL_UNIT_ASSIGNED_CONTEXT ( ( #6186, #1524, #3406 ) ) REPRESENTATION_CONTEXT ( 'NONE', 'WORKASPACE' ) );
#2775 = VECTOR ( 'NONE', #2217, 1000.000000000000000 ) ;
#2776 = ORIENTED_EDGE ( 'NONE', *, *, #959, .T. ) ;
#2777 = CARTESIAN_POINT ( 'NONE',  ( 7.875000000000000000, 0.1800000000000000488, -1.315000000000000169 ) ) ;
#2778 = PRODUCT_DEFINITION_SHAPE ( 'NONE', 'NONE',  #7226 ) ;
#2779 = LINE ( 'NONE', #5178, #1506 ) ;
#2780 = LINE ( 'NONE', #4566, #313 ) ;
#2781 = VECTOR ( 'NONE', #499, 1000.000000000000114 ) ;
#2782 = VECTOR ( 'NONE', #1826, 1000.000000000000000 ) ;
#2783 = LINE ( 'NONE', #4531, #6370 ) ;
#2784 = ORIENTED_EDGE ( 'NONE', *, *, #5563, .F. ) ;
#2785 = FACE_OUTER_BOUND ( 'NONE', #4942, .T. ) ;
#2786 = CARTESIAN_POINT ( 'NONE',  ( -7.015000000000000568, 4.120000000000000107, -1.724999999999999867 ) ) ;
#2787 = CARTESIAN_POINT ( 'NONE',  ( -3.225000000000000533, 0.5799999999999995159, 2.024999999999999911 ) ) ;
#2788 = VECTOR ( 'NONE', #5100, 1000.000000000000000 ) ;
#2789 = DIRECTION ( 'NONE',  ( 0.000000000000000000, -0.7071067811865460184, -0.7071067811865490160 ) ) ;
#2790 = CARTESIAN_POINT ( 'NONE',  ( -7.325000000000001954, 0.000000000000000000, 2.024999999999999911 ) ) ;
#2791 = DIRECTION ( 'NONE',  ( 0.000000000000000000, 0.000000000000000000, 1.000000000000000000 ) ) ;
#2792 = UNCERTAINTY_MEASURE_WITH_UNIT (LENGTH_MEASURE( 1.000000000000000082E-05 ), #4876, 'distance_accuracy_value', 'NONE');
#2793 = CARTESIAN_POINT ( 'NONE',  ( -4.474999999999999645, 1.855000000000000204, 1.824999999999999289 ) ) ;
#2794 = VERTEX_POINT ( 'NONE', #7089 ) ;
#2795 = ORIENTED_EDGE ( 'NONE', *, *, #3736, .F. ) ;
#2796 = CARTESIAN_POINT ( 'NONE',  ( -7.015000000000000568, 4.250000000000000000, 0.000000000000000000 ) ) ;
#2797 = ORIENTED_EDGE ( 'NONE', *, *, #1233, .F. ) ;
#2798 = ORIENTED_EDGE ( 'NONE', *, *, #6873, .F. ) ;
#2799 = PRESENTATION_LAYER_ASSIGNMENT (  '', '', ( #5632 ) ) ;
#2800 = CARTESIAN_POINT ( 'NONE',  ( 0.000000000000000000, 2.085000000000000409, -2.024999999999999911 ) ) ;
#2801 = LINE ( 'NONE', #6954, #4268 ) ;
#2802 = AXIS2_PLACEMENT_3D ( 'NONE', #1938, #174, #98 ) ;
#2803 = ADVANCED_FACE ( 'NONE', ( #3574 ), #1816, .F. ) ;
#2804 = EDGE_CURVE ( 'NONE', #684, #1655, #2505, .T. ) ;
#2805 = DIRECTION ( 'NONE',  ( 0.000000000000000000, 0.000000000000000000, -1.000000000000000000 ) ) ;
#2806 = EDGE_LOOP ( 'NONE', ( #3452, #7112, #5958, #2638 ) ) ;
#2807 = ORIENTED_EDGE ( 'NONE', *, *, #4475, .T. ) ;
#2808 = DIRECTION ( 'NONE',  ( 0.000000000000000000, -1.000000000000000000, 0.000000000000000000 ) ) ;
#2809 = ORIENTED_EDGE ( 'NONE', *, *, #7514, .T. ) ;
#2810 = DIRECTION ( 'NONE',  ( 0.000000000000000000, -1.000000000000000000, -0.000000000000000000 ) ) ;
#2811 = VECTOR ( 'NONE', #5532, 1000.000000000000000 ) ;
#2812 = VERTEX_POINT ( 'NONE', #2429 ) ;
#2813 = EDGE_CURVE ( 'NONE', #2396, #1473, #4266, .T. ) ;
#2814 = EDGE_CURVE ( 'NONE', #2110, #28, #3805, .T. ) ;
#2815 = DIRECTION ( 'NONE',  ( -1.000000000000000000, 0.000000000000000000, 0.000000000000000000 ) ) ;
#2816 = ADVANCED_FACE ( 'NONE', ( #801 ), #3183, .F. ) ;
#2817 = EDGE_LOOP ( 'NONE', ( #1093, #1201, #1959, #4773, #4975, #6781 ) ) ;
#2818 = DIRECTION ( 'NONE',  ( -0.000000000000000000, -0.7071067811865492381, -0.7071067811865457964 ) ) ;
#2819 = VERTEX_POINT ( 'NONE', #1296 ) ;
#2820 = EDGE_CURVE ( 'NONE', #7183, #5525, #5381, .T. ) ;
#2821 = EDGE_CURVE ( 'NONE', #5200, #7542, #1860, .T. ) ;
#2822 = DIRECTION ( 'NONE',  ( -1.495451272393798852E-15, -1.000000000000000000, 0.000000000000000000 ) ) ;
#2823 = ADVANCED_FACE ( 'NONE', ( #6569 ), #4922, .F. ) ;
#2824 = LINE ( 'NONE', #5179, #1048 ) ;
#2825 = CARTESIAN_POINT ( 'NONE',  ( -1.735000000000000320, 1.903000000000000025, -2.024999999999999467 ) ) ;
#2826 = ORIENTED_EDGE ( 'NONE', *, *, #2565, .F. ) ;
#2827 = CLOSED_SHELL ( 'NONE', ( #1614, #1830, #4952, #1038, #4109, #526, #1098, #4944, #1480, #2071, #4354, #1515, #6810, #11, #7282, #113, #6897, #7139, #4474, #4953, #1440 ) ) ;
#2828 = LINE ( 'NONE', #5183, #4174 ) ;
#2829 = AXIS2_PLACEMENT_3D ( 'NONE', #6313, #999, #3933 ) ;
#2830 = DIRECTION ( 'NONE',  ( 0.000000000000000000, 0.000000000000000000, 1.000000000000000000 ) ) ;
#2831 = CARTESIAN_POINT ( 'NONE',  ( -7.875000000000000000, 3.500000000000000444, -1.334999999999999742 ) ) ;
#2832 = DIRECTION ( 'NONE',  ( -0.000000000000000000, 0.7071067811865474617, 0.7071067811865474617 ) ) ;
#2833 = SURFACE_STYLE_FILL_AREA ( #5714 ) ;
#2834 = AXIS2_PLACEMENT_3D ( 'NONE', #7195, #4370, #866 ) ;
#2835 = VECTOR ( 'NONE', #3469, 1000.000000000000000 ) ;
#2836 = CARTESIAN_POINT ( 'NONE',  ( -1.735000000000000320, 8.777094706955511913E-18, 0.09499999999999998723 ) ) ;
#2837 = EDGE_LOOP ( 'NONE', ( #106, #2006, #1300, #1760 ) ) ;
#2838 = ORIENTED_EDGE ( 'NONE', *, *, #5220, .F. ) ;
#2839 = FACE_OUTER_BOUND ( 'NONE', #7081, .T. ) ;
#2840 = AXIS2_PLACEMENT_3D ( 'NONE', #7370, #2212, #3308 ) ;
#2841 = VERTEX_POINT ( 'NONE', #6147 ) ;
#2842 = ORIENTED_EDGE ( 'NONE', *, *, #2867, .F. ) ;
#2843 = CARTESIAN_POINT ( 'NONE',  ( -0.8750000000000007772, 2.259999999999999343, 2.024999999999999911 ) ) ;
#2844 = DIRECTION ( 'NONE',  ( -3.003353243472115058E-16, 1.000000000000000000, 3.003353243472115058E-16 ) ) ;
#2845 = DIRECTION ( 'NONE',  ( 1.136281752823236226E-16, 1.000000000000000000, 0.000000000000000000 ) ) ;
#2846 = CARTESIAN_POINT ( 'NONE',  ( -1.250000000000001110, 3.965000000000001634, 0.06499999999999994671 ) ) ;
#2847 = AXIS2_PLACEMENT_3D ( 'NONE', #2249, #1822, #6538 ) ;
#2848 = ORIENTED_EDGE ( 'NONE', *, *, #5598, .F. ) ;
#2849 = VERTEX_POINT ( 'NONE', #761 ) ;
#2850 = LINE ( 'NONE', #4590, #4184 ) ;
#2851 = VERTEX_POINT ( 'NONE', #1256 ) ;
#2852 = LINE ( 'NONE', #5778, #4269 ) ;
#2853 = ORIENTED_EDGE ( 'NONE', *, *, #3393, .F. ) ;
#2854 = DIRECTION ( 'NONE',  ( 1.000000000000000000, 0.000000000000000000, 0.000000000000000000 ) ) ;
#2855 = DIRECTION ( 'NONE',  ( 1.000000000000000000, 0.000000000000000000, 0.000000000000000000 ) ) ;
#2856 = EDGE_CURVE ( 'NONE', #3105, #5127, #7241, .T. ) ;
#2857 = ORIENTED_EDGE ( 'NONE', *, *, #206, .F. ) ;
#2858 = DIRECTION ( 'NONE',  ( 0.000000000000000000, 0.000000000000000000, 1.000000000000000000 ) ) ;
#2859 = ORIENTED_EDGE ( 'NONE', *, *, #2945, .T. ) ;
#2860 = AXIS2_PLACEMENT_3D ( 'NONE', #3468, #5238, #7561 ) ;
#2861 = VERTEX_POINT ( 'NONE', #2592 ) ;
#2862 = LINE ( 'NONE', #7538, #1893 ) ;
#2863 = DIRECTION ( 'NONE',  ( 0.000000000000000000, -1.000000000000000000, 0.000000000000000000 ) ) ;
#2864 = CARTESIAN_POINT ( 'NONE',  ( -1.960000000000000853, 0.000000000000000000, 0.06499999999999994671 ) ) ;
#2865 = EDGE_CURVE ( 'NONE', #1240, #4042, #58, .T. ) ;
#2866 = VERTEX_POINT ( 'NONE', #3140 ) ;
#2867 = EDGE_CURVE ( 'NONE', #2101, #641, #3649, .T. ) ;
#2868 = DIRECTION ( 'NONE',  ( -1.000000000000000000, -0.000000000000000000, -0.000000000000000000 ) ) ;
#2869 = CARTESIAN_POINT ( 'NONE',  ( -3.225000000000000533, 1.630000000000000560, -1.464999999999999636 ) ) ;
#2870 = VECTOR ( 'NONE', #3532, 1000.000000000000000 ) ;
#2871 = LINE ( 'NONE', #7511, #2537 ) ;
#2872 = DIRECTION ( 'NONE',  ( 0.000000000000000000, 0.000000000000000000, 1.000000000000000000 ) ) ;
#2873 = CARTESIAN_POINT ( 'NONE',  ( -7.375000000000000888, -0.9375000000000012212, 0.9375000000000056621 ) ) ;
#2874 = EDGE_LOOP ( 'NONE', ( #7529, #1368, #1000, #2897 ) ) ;
#2875 = ADVANCED_FACE ( 'NONE', ( #5992 ), #680, .T. ) ;
#2876 = ADVANCED_FACE ( 'NONE', ( #2468 ), #4842, .F. ) ;
#2877 = DIRECTION ( 'NONE',  ( 0.000000000000000000, 0.000000000000000000, -1.000000000000000000 ) ) ;
#2878 = ORIENTED_EDGE ( 'NONE', *, *, #1244, .T. ) ;
#2879 = EDGE_LOOP ( 'NONE', ( #5948, #3780, #3667, #1744, #2567, #4172 ) ) ;
#2880 = CARTESIAN_POINT ( 'NONE',  ( -7.875000000000000000, 1.903000000000000025, -2.024999999999999467 ) ) ;
#2881 = CARTESIAN_POINT ( 'NONE',  ( -5.525000000000000355, 0.000000000000000000, 1.824999999999999956 ) ) ;
#2882 = DIRECTION ( 'NONE',  ( -1.000000000000000000, 1.136281752823236226E-16, 0.000000000000000000 ) ) ;
#2883 = CARTESIAN_POINT ( 'NONE',  ( -5.724999999999999645, 1.080000000000000071, 0.06499999999999998834 ) ) ;
#2884 = ORIENTED_EDGE ( 'NONE', *, *, #46, .F. ) ;
#2885 = ORIENTED_EDGE ( 'NONE', *, *, #238, .F. ) ;
#2886 = LINE ( 'NONE', #3222, #1571 ) ;
#2887 = VERTEX_POINT ( 'NONE', #2551 ) ;
#2888 = DIRECTION ( 'NONE',  ( 0.000000000000000000, 0.000000000000000000, -1.000000000000000000 ) ) ;
#2889 = DIRECTION ( 'NONE',  ( 0.000000000000000000, -0.000000000000000000, 1.000000000000000000 ) ) ;
#2890 = DIRECTION ( 'NONE',  ( 0.000000000000000000, 0.000000000000000000, -1.000000000000000000 ) ) ;
#2891 = ORIENTED_EDGE ( 'NONE', *, *, #6397, .F. ) ;
#2892 = CARTESIAN_POINT ( 'NONE',  ( -5.724999999999999645, 0.5050000000000000044, -1.584999999999999964 ) ) ;
#2893 = VERTEX_POINT ( 'NONE', #1976 ) ;
#2894 = FACE_OUTER_BOUND ( 'NONE', #6202, .T. ) ;
#2895 = ORIENTED_EDGE ( 'NONE', *, *, #4799, .T. ) ;
#2896 = AXIS2_PLACEMENT_3D ( 'NONE', #2657, #4447, #1478 ) ;
#2897 = ORIENTED_EDGE ( 'NONE', *, *, #1605, .T. ) ;
#2898 = EDGE_CURVE ( 'NONE', #4040, #2749, #4348, .T. ) ;
#2899 = ADVANCED_FACE ( 'NONE', ( #6106 ), #6031, .F. ) ;
#2900 = CARTESIAN_POINT ( 'NONE',  ( -7.605000000000000426, 1.559999999999999609, 1.949999999999999512 ) ) ;
#2901 = AXIS2_PLACEMENT_3D ( 'NONE', #6449, #5827, #5254 ) ;
#2902 = VECTOR ( 'NONE', #5889, 1000.000000000000000 ) ;
#2903 = VECTOR ( 'NONE', #4546, 1000.000000000000000 ) ;
#2904 = ORIENTED_EDGE ( 'NONE', *, *, #5187, .F. ) ;
#2905 = DIRECTION ( 'NONE',  ( 0.000000000000000000, 1.000000000000000000, 0.000000000000000000 ) ) ;
#2906 = ORIENTED_EDGE ( 'NONE', *, *, #1182, .T. ) ;
#2907 = DIRECTION ( 'NONE',  ( 1.000000000000000000, 0.000000000000000000, 0.000000000000000000 ) ) ;
#2908 = AXIS2_PLACEMENT_3D ( 'NONE', #4145, #5799, #7123 ) ;
#2909 = VECTOR ( 'NONE', #6839, 1000.000000000000000 ) ;
#2910 = VECTOR ( 'NONE', #6989, 1000.000000000000000 ) ;
#2911 = CARTESIAN_POINT ( 'NONE',  ( -1.375000000000001332, 3.500000000000000444, 0.000000000000000000 ) ) ;
#2912 = ADVANCED_FACE ( 'NONE', ( #872 ), #6190, .T. ) ;
#2913 = DIRECTION ( 'NONE',  ( 0.7071067811865495711, 0.7071067811865454633, 0.000000000000000000 ) ) ;
#2914 = ORIENTED_EDGE ( 'NONE', *, *, #1933, .T. ) ;
#2915 = AXIS2_PLACEMENT_3D ( 'NONE', #1349, #1905, #6003 ) ;
#2916 = CARTESIAN_POINT ( 'NONE',  ( -5.312499999999999112, 1.855000000000000204, 1.824999999999999289 ) ) ;
#2917 = VERTEX_POINT ( 'NONE', #2667 ) ;
#2918 = DIRECTION ( 'NONE',  ( 1.000000000000000000, 0.000000000000000000, 0.000000000000000000 ) ) ;
#2919 = CARTESIAN_POINT ( 'NONE',  ( -3.225000000000000533, 1.855000000000000204, 0.06499999999999994671 ) ) ;
#2920 = EDGE_CURVE ( 'NONE', #6891, #1224, #250, .T. ) ;
#2921 = CARTESIAN_POINT ( 'NONE',  ( -5.724999999999999645, 1.630000000000000560, 0.06499999999999994671 ) ) ;
#2922 = ADVANCED_FACE ( 'NONE', ( #3225 ), #2118, .F. ) ;
#2923 = EDGE_CURVE ( 'NONE', #1536, #6205, #7421, .T. ) ;
#2924 = CARTESIAN_POINT ( 'NONE',  ( -3.225000000000000533, 1.630000000000000560, 0.06499999999999994671 ) ) ;
#2925 = PLANE ( 'NONE',  #7321 ) ;
#2926 = ORIENTED_EDGE ( 'NONE', *, *, #1269, .T. ) ;
#2927 = VERTEX_POINT ( 'NONE', #4486 ) ;
#2928 = ORIENTED_EDGE ( 'NONE', *, *, #7213, .F. ) ;
#2929 = VECTOR ( 'NONE', #4310, 1000.000000000000000 ) ;
#2930 = ORIENTED_EDGE ( 'NONE', *, *, #4705, .F. ) ;
#2931 = DIRECTION ( 'NONE',  ( 1.000000000000000000, 0.000000000000000000, 0.000000000000000000 ) ) ;
#2932 = DIRECTION ( 'NONE',  ( 1.000000000000000000, 0.000000000000000000, 0.000000000000000000 ) ) ;
#2933 = CARTESIAN_POINT ( 'NONE',  ( -2.400000000000001243, 3.325000000000000178, 0.06499999999999994671 ) ) ;
#2934 = ORIENTED_EDGE ( 'NONE', *, *, #7002, .T. ) ;
#2935 = DIRECTION ( 'NONE',  ( -0.000000000000000000, 0.000000000000000000, -1.000000000000000000 ) ) ;
#2936 = ORIENTED_EDGE ( 'NONE', *, *, #625, .F. ) ;
#2937 = CARTESIAN_POINT ( 'NONE',  ( 7.875000000000000000, 1.030000000000000027, -2.024999999999999911 ) ) ;
#2938 = VERTEX_POINT ( 'NONE', #6296 ) ;
#2939 = LINE ( 'NONE', #5292, #6736 ) ;
#2940 = DIRECTION ( 'NONE',  ( 1.000000000000000000, 0.000000000000000000, -0.000000000000000000 ) ) ;
#2941 = LINE ( 'NONE', #437, #186 ) ;
#2942 = VECTOR ( 'NONE', #7156, 1000.000000000000000 ) ;
#2943 = VERTEX_POINT ( 'NONE', #4453 ) ;
#2944 = CARTESIAN_POINT ( 'NONE',  ( -5.525000000000000355, 0.5500000000000000444, 1.824999999999999956 ) ) ;
#2945 = EDGE_CURVE ( 'NONE', #4194, #5887, #981, .T. ) ;
#2946 = CARTESIAN_POINT ( 'NONE',  ( -1.145000000000000240, 1.112733808603542986E-15, 1.949999999999999956 ) ) ;
#2947 = DIRECTION ( 'NONE',  ( 0.000000000000000000, 0.000000000000000000, -1.000000000000000000 ) ) ;
#2948 = CARTESIAN_POINT ( 'NONE',  ( -4.687500000000000000, 1.855000000000000204, 0.06499999999999994671 ) ) ;
#2949 = DIRECTION ( 'NONE',  ( 0.000000000000000000, 0.000000000000000000, 1.000000000000000000 ) ) ;
#2950 = DIRECTION ( 'NONE',  ( 0.000000000000000000, 1.000000000000000000, 0.000000000000000000 ) ) ;
#2951 = AXIS2_PLACEMENT_3D ( 'NONE', #5540, #149, #2480 ) ;
#2952 = ORIENTED_EDGE ( 'NONE', *, *, #1172, .T. ) ;
#2953 = LINE ( 'NONE', #6390, #1852 ) ;
#2954 = CARTESIAN_POINT ( 'NONE',  ( -5.724999999999999645, 0.2250000000000000056, -1.584999999999999964 ) ) ;
#2955 = ADVANCED_FACE ( 'NONE', ( #2739 ), #2196, .F. ) ;
#2956 = ORIENTED_EDGE ( 'NONE', *, *, #3016, .F. ) ;
#2957 = DIRECTION ( 'NONE',  ( 0.000000000000000000, 0.000000000000000000, -1.000000000000000000 ) ) ;
#2958 = LINE ( 'NONE', #3111, #4753 ) ;
#2959 = VECTOR ( 'NONE', #623, 1000.000000000000000 ) ;
#2960 = CARTESIAN_POINT ( 'NONE',  ( -7.605000000000000426, 2.209999999999999520, 1.274999999999999911 ) ) ;
#2961 = CARTESIAN_POINT ( 'NONE',  ( -7.375000000000000888, 1.094999999999999085, 1.949999999999999289 ) ) ;
#2962 = CARTESIAN_POINT ( 'NONE',  ( -1.599583333333334689, 1.973333333333333828, 1.038333333333332886 ) ) ;
#2963 = ORIENTED_EDGE ( 'NONE', *, *, #6780, .T. ) ;
#2964 = AXIS2_PLACEMENT_3D ( 'NONE', #2574, #701, #7149 ) ;
#2965 = EDGE_CURVE ( 'NONE', #5319, #2697, #2628, .T. ) ;
#2966 = ORIENTED_EDGE ( 'NONE', *, *, #1387, .F. ) ;
#2967 = EDGE_CURVE ( 'NONE', #5340, #22, #3874, .T. ) ;
#2968 = VERTEX_POINT ( 'NONE', #2084 ) ;
#2969 = DIRECTION ( 'NONE',  ( 0.000000000000000000, 0.000000000000000000, -1.000000000000000000 ) ) ;
#2970 = DIRECTION ( 'NONE',  ( 0.000000000000000000, -1.000000000000000000, 0.000000000000000000 ) ) ;
#2971 = AXIS2_PLACEMENT_3D ( 'NONE', #3995, #2100, #5112 ) ;
#2972 = CARTESIAN_POINT ( 'NONE',  ( -1.375000000000000444, 2.279999999999999805, -0.2750000000000000777 ) ) ;
#2973 = DIRECTION ( 'NONE',  ( 0.000000000000000000, 0.000000000000000000, -1.000000000000000000 ) ) ;
#2974 = EDGE_CURVE ( 'NONE', #6272, #6514, #6824, .T. ) ;
#2975 = EDGE_CURVE ( 'NONE', #4559, #2220, #3914, .T. ) ;
#2976 = VERTEX_POINT ( 'NONE', #5063 ) ;
#2977 = DIRECTION ( 'NONE',  ( 1.000000000000000000, -0.000000000000000000, -0.000000000000000000 ) ) ;
#2978 = ORIENTED_EDGE ( 'NONE', *, *, #4665, .T. ) ;
#2979 = DIRECTION ( 'NONE',  ( 0.000000000000000000, 0.000000000000000000, 1.000000000000000000 ) ) ;
#2980 = ORIENTED_EDGE ( 'NONE', *, *, #4244, .T. ) ;
#2981 = CARTESIAN_POINT ( 'NONE',  ( -1.949999999999999512, 3.820000000000000728, -1.224999999999999867 ) ) ;
#2982 = VERTEX_POINT ( 'NONE', #7389 ) ;
#2983 = LINE ( 'NONE', #2310, #6842 ) ;
#2984 = PLANE ( 'NONE',  #1935 ) ;
#2985 = VECTOR ( 'NONE', #593, 1000.000000000000000 ) ;
#2986 = DIRECTION ( 'NONE',  ( -1.000000000000000000, 0.000000000000000000, 0.000000000000000000 ) ) ;
#2987 = VERTEX_POINT ( 'NONE', #6865 ) ;
#2988 = LINE ( 'NONE', #4772, #6338 ) ;
#2989 = ORIENTED_EDGE ( 'NONE', *, *, #6700, .F. ) ;
#2990 = EDGE_LOOP ( 'NONE', ( #1745, #6746, #7119, #336 ) ) ;
#2991 = LINE ( 'NONE', #1867, #1789 ) ;
#2992 = CARTESIAN_POINT ( 'NONE',  ( -7.575000000000000178, 4.190000000000000391, 2.024999999999999911 ) ) ;
#2993 = DIRECTION ( 'NONE',  ( 0.000000000000000000, 0.000000000000000000, 1.000000000000000000 ) ) ;
#2994 = DIRECTION ( 'NONE',  ( 0.000000000000000000, 0.000000000000000000, -1.000000000000000000 ) ) ;
#2995 = EDGE_CURVE ( 'NONE', #3930, #6060, #6259, .T. ) ;
#2996 = ORIENTED_EDGE ( 'NONE', *, *, #905, .F. ) ;
#2997 = ORIENTED_EDGE ( 'NONE', *, *, #4102, .F. ) ;
#2998 = ORIENTED_EDGE ( 'NONE', *, *, #4059, .F. ) ;
#2999 = ORIENTED_EDGE ( 'NONE', *, *, #373, .T. ) ;
#3000 = FACE_OUTER_BOUND ( 'NONE', #5843, .T. ) ;
#3001 = VERTEX_POINT ( 'NONE', #3328 ) ;
#3002 = CARTESIAN_POINT ( 'NONE',  ( -5.724999999999999645, 1.629999999999999893, -1.464999999999999858 ) ) ;
#3003 = CARTESIAN_POINT ( 'NONE',  ( -3.025000000000000799, 2.085000000000000409, -2.024999999999999911 ) ) ;
#3004 = DIRECTION ( 'NONE',  ( 0.000000000000000000, -1.000000000000000000, 0.000000000000000000 ) ) ;
#3005 = ADVANCED_FACE ( 'NONE', ( #7312 ), #5668, .T. ) ;
#3006 = EDGE_CURVE ( 'NONE', #7378, #3192, #3842, .T. ) ;
#3007 = ORIENTED_EDGE ( 'NONE', *, *, #6064, .F. ) ;
#3008 = ORIENTED_EDGE ( 'NONE', *, *, #3349, .T. ) ;
#3009 = CARTESIAN_POINT ( 'NONE',  ( -0.9850000000000006528, 0.000000000000000000, 0.000000000000000000 ) ) ;
#3010 = VERTEX_POINT ( 'NONE', #6756 ) ;
#3011 = CARTESIAN_POINT ( 'NONE',  ( -3.437500000000001332, 0.000000000000000000, 2.024999999999999911 ) ) ;
#3012 = AXIS2_PLACEMENT_3D ( 'NONE', #2388, #716, #759 ) ;
#3013 = EDGE_CURVE ( 'NONE', #1962, #6309, #3290, .T. ) ;
#3014 = PLANE ( 'NONE',  #7591 ) ;
#3015 = EDGE_CURVE ( 'NONE', #3817, #7569, #2780, .T. ) ;
#3016 = EDGE_CURVE ( 'NONE', #6925, #3229, #3985, .T. ) ;
#3017 = EDGE_LOOP ( 'NONE', ( #7289, #7649, #5347, #1174, #4216, #7300 ) ) ;
#3018 = CARTESIAN_POINT ( 'NONE',  ( -1.960000000000000853, 2.760000000000000231, 0.06499999999999994671 ) ) ;
#3019 = CARTESIAN_POINT ( 'NONE',  ( -0.000000000000000000, 0.5500000000000010436, 0.06499999999999994671 ) ) ;
#3020 = FACE_OUTER_BOUND ( 'NONE', #4476, .T. ) ;
#3021 = CARTESIAN_POINT ( 'NONE',  ( -7.375000000000000888, 0.9249999999999991562, 1.949999999999999067 ) ) ;
#3022 = DIRECTION ( 'NONE',  ( 0.000000000000000000, 0.000000000000000000, 1.000000000000000000 ) ) ;
#3023 = MECHANICAL_DESIGN_GEOMETRIC_PRESENTATION_REPRESENTATION (  '', ( #2768 ), #277 ) ;
#3024 = VECTOR ( 'NONE', #6001, 1000.000000000000000 ) ;
#3025 = AXIS2_PLACEMENT_3D ( 'NONE', #153, #5510, #5968 ) ;
#3026 = LINE ( 'NONE', #1861, #3038 ) ;
#3027 = EDGE_LOOP ( 'NONE', ( #7340, #6373, #2838, #1347 ) ) ;
#3028 = FACE_OUTER_BOUND ( 'NONE', #7605, .T. ) ;
#3029 = CARTESIAN_POINT ( 'NONE',  ( -7.325000000000001954, 0.000000000000000000, 2.024999999999999911 ) ) ;
#3030 = VERTEX_POINT ( 'NONE', #3488 ) ;
#3031 = VECTOR ( 'NONE', #3149, 1000.000000000000000 ) ;
#3032 = ORIENTED_EDGE ( 'NONE', *, *, #4697, .T. ) ;
#3033 = DIRECTION ( 'NONE',  ( -0.000000000000000000, 1.000000000000000000, -0.000000000000000000 ) ) ;
#3034 = VECTOR ( 'NONE', #1467, 1000.000000000000000 ) ;
#3035 = CARTESIAN_POINT ( 'NONE',  ( -4.474999999999999645, 0.5799999999999996270, 2.024999999999999911 ) ) ;
#3036 = FACE_OUTER_BOUND ( 'NONE', #4834, .T. ) ;
#3037 = AXIS2_PLACEMENT_3D ( 'NONE', #6607, #5491, #4226 ) ;
#3038 = VECTOR ( 'NONE', #7636, 1000.000000000000000 ) ;
#3039 = ORIENTED_EDGE ( 'NONE', *, *, #7381, .T. ) ;
#3040 = ORIENTED_EDGE ( 'NONE', *, *, #4663, .F. ) ;
#3041 = CARTESIAN_POINT ( 'NONE',  ( -2.400000000000001243, 3.325000000000000178, 2.024999999999999911 ) ) ;
#3042 = EDGE_CURVE ( 'NONE', #2181, #5296, #3917, .T. ) ;
#3043 = DIRECTION ( 'NONE',  ( 0.000000000000000000, -1.000000000000000000, 0.000000000000000000 ) ) ;
#3044 = VECTOR ( 'NONE', #358, 1000.000000000000000 ) ;
#3045 = VECTOR ( 'NONE', #5322, 1000.000000000000114 ) ;
#3046 = DIRECTION ( 'NONE',  ( 0.000000000000000000, -1.000000000000000000, 0.000000000000000000 ) ) ;
#3047 = CARTESIAN_POINT ( 'NONE',  ( -4.061874999999999680, 2.255000000000000338, 4.126874999999999183 ) ) ;
#3048 = ORIENTED_EDGE ( 'NONE', *, *, #2148, .F. ) ;
#3049 = CARTESIAN_POINT ( 'NONE',  ( -7.375000000000000888, 1.009999999999999121, 1.949999999999999289 ) ) ;
#3050 = ORIENTED_EDGE ( 'NONE', *, *, #959, .F. ) ;
#3051 = CARTESIAN_POINT ( 'NONE',  ( -4.687500000000000000, 0.000000000000000000, 2.024999999999999911 ) ) ;
#3052 = EDGE_CURVE ( 'NONE', #1301, #29, #1761, .T. ) ;
#3053 = ORIENTED_EDGE ( 'NONE', *, *, #4061, .F. ) ;
#3054 = PLANE ( 'NONE',  #7391 ) ;
#3055 = DIRECTION ( 'NONE',  ( -0.000000000000000000, -0.000000000000000000, 1.000000000000000000 ) ) ;
#3056 = VERTEX_POINT ( 'NONE', #6488 ) ;
#3057 = CARTESIAN_POINT ( 'NONE',  ( -0.8750000000000007772, 0.1800000000000000488, 0.000000000000000000 ) ) ;
#3058 = LINE ( 'NONE', #2007, #6475 ) ;
#3059 = EDGE_CURVE ( 'NONE', #6136, #1260, #4068, .T. ) ;
#3060 = DIRECTION ( 'NONE',  ( 0.000000000000000000, -1.000000000000000000, -0.000000000000000000 ) ) ;
#3061 = VECTOR ( 'NONE', #6759, 1000.000000000000000 ) ;
#3062 = FACE_OUTER_BOUND ( 'NONE', #1315, .T. ) ;
#3063 = DIRECTION ( 'NONE',  ( 0.000000000000000000, 0.000000000000000000, -1.000000000000000000 ) ) ;
#3064 = FACE_OUTER_BOUND ( 'NONE', #1629, .T. ) ;
#3065 = ORIENTED_EDGE ( 'NONE', *, *, #4581, .F. ) ;
#3066 = PLANE ( 'NONE',  #71 ) ;
#3067 = FACE_OUTER_BOUND ( 'NONE', #3381, .T. ) ;
#3068 = ORIENTED_EDGE ( 'NONE', *, *, #4506, .T. ) ;
#3069 = EDGE_CURVE ( 'NONE', #1353, #1026, #6454, .T. ) ;
#3070 = ADVANCED_FACE ( 'NONE', ( #7582 ), #3408, .F. ) ;
#3071 = ORIENTED_EDGE ( 'NONE', *, *, #304, .T. ) ;
#3072 = DIRECTION ( 'NONE',  ( 0.000000000000000000, 0.000000000000000000, -1.000000000000000000 ) ) ;
#3073 = LINE ( 'NONE', #1983, #2038 ) ;
#3074 = DIRECTION ( 'NONE',  ( 1.000000000000000000, 1.136281752823236226E-16, -0.000000000000000000 ) ) ;
#3075 = AXIS2_PLACEMENT_3D ( 'NONE', #6283, #6852, #1406 ) ;
#3076 = CARTESIAN_POINT ( 'NONE',  ( 0.000000000000000000, 2.085000000000000409, -2.024999999999999911 ) ) ;
#3077 = DIRECTION ( 'NONE',  ( 0.000000000000000000, -0.7071067811865489050, -0.7071067811865460184 ) ) ;
#3078 = ORIENTED_EDGE ( 'NONE', *, *, #177, .T. ) ;
#3079 = ORIENTED_EDGE ( 'NONE', *, *, #1801, .T. ) ;
#3080 = VERTEX_POINT ( 'NONE', #9 ) ;
#3081 = LINE ( 'NONE', #6669, #2540 ) ;
#3082 = CARTESIAN_POINT ( 'NONE',  ( -6.439999999999997726, 3.820000000000000728, -1.224999999999999867 ) ) ;
#3083 = DIRECTION ( 'NONE',  ( 0.000000000000000000, 0.000000000000000000, -1.000000000000000000 ) ) ;
#3084 = VECTOR ( 'NONE', #5975, 1000.000000000000000 ) ;
#3085 = ORIENTED_EDGE ( 'NONE', *, *, #5518, .T. ) ;
#3086 = DIRECTION ( 'NONE',  ( 0.000000000000000000, 0.000000000000000000, 1.000000000000000000 ) ) ;
#3087 = ORIENTED_EDGE ( 'NONE', *, *, #5983, .F. ) ;
#3088 = PLANE ( 'NONE',  #5620 ) ;
#3089 = AXIS2_PLACEMENT_3D ( 'NONE', #1362, #5589, #160 ) ;
#3090 = ORIENTED_EDGE ( 'NONE', *, *, #2679, .F. ) ;
#3091 = LINE ( 'NONE', #4368, #861 ) ;
#3092 = DIRECTION ( 'NONE',  ( -0.000000000000000000, -0.000000000000000000, -1.000000000000000000 ) ) ;
#3093 = CARTESIAN_POINT ( 'NONE',  ( -0.9850000000000006528, 3.400000000000000355, 0.06499999999999994671 ) ) ;
#3094 = EDGE_CURVE ( 'NONE', #7248, #7502, #1173, .T. ) ;
#3095 = VECTOR ( 'NONE', #566, 1000.000000000000114 ) ;
#3096 = EDGE_LOOP ( 'NONE', ( #3424, #1380, #6612, #2859 ) ) ;
#3097 = EDGE_LOOP ( 'NONE', ( #5206, #857, #6928, #3617 ) ) ;
#3098 =( NAMED_UNIT ( * ) SI_UNIT ( $, .STERADIAN. ) SOLID_ANGLE_UNIT ( ) );
#3099 = CARTESIAN_POINT ( 'NONE',  ( -5.724999999999999645, 1.604999999999999982, 1.212867965644033985 ) ) ;
#3100 = DIRECTION ( 'NONE',  ( 0.000000000000000000, 0.000000000000000000, 1.000000000000000000 ) ) ;
#3101 = DIRECTION ( 'NONE',  ( -0.000000000000000000, 1.000000000000000000, -0.000000000000000000 ) ) ;
#3102 = LINE ( 'NONE', #7160, #5129 ) ;
#3103 = EDGE_CURVE ( 'NONE', #5797, #5577, #556, .T. ) ;
#3104 = EDGE_CURVE ( 'NONE', #2927, #4699, #5793, .T. ) ;
#3105 = VERTEX_POINT ( 'NONE', #2382 ) ;
#3106 = CARTESIAN_POINT ( 'NONE',  ( -7.500000000000000000, 3.965000000000001634, 0.09499999999999962641 ) ) ;
#3107 = DIRECTION ( 'NONE',  ( 0.000000000000000000, 0.000000000000000000, -1.000000000000000000 ) ) ;
#3108 = DIRECTION ( 'NONE',  ( 0.000000000000000000, -0.7071067811865485719, 0.7071067811865464625 ) ) ;
#3109 = ORIENTED_EDGE ( 'NONE', *, *, #289, .F. ) ;
#3110 = CARTESIAN_POINT ( 'NONE',  ( -4.687500000000000000, 2.055000000000001048, 2.024999999999999911 ) ) ;
#3111 = CARTESIAN_POINT ( 'NONE',  ( -2.499999999999999556, 2.255000000000000338, 0.06499999999999994671 ) ) ;
#3112 = VECTOR ( 'NONE', #6709, 1000.000000000000000 ) ;
#3113 = CARTESIAN_POINT ( 'NONE',  ( -8.750000000000000000, 0.000000000000000000, 0.06499999999999994671 ) ) ;
#3114 = DIRECTION ( 'NONE',  ( -1.000000000000000000, 0.000000000000000000, 0.000000000000000000 ) ) ;
#3115 = LINE ( 'NONE', #1986, #5252 ) ;
#3116 = ADVANCED_FACE ( 'NONE', ( #5873 ), #4601, .T. ) ;
#3117 = EDGE_CURVE ( 'NONE', #5754, #4502, #2941, .T. ) ;
#3118 = EDGE_CURVE ( 'NONE', #3819, #604, #7629, .T. ) ;
#3119 = ORIENTED_EDGE ( 'NONE', *, *, #3551, .F. ) ;
#3120 = ORIENTED_EDGE ( 'NONE', *, *, #7516, .T. ) ;
#3121 = ORIENTED_EDGE ( 'NONE', *, *, #1553, .F. ) ;
#3122 = DIRECTION ( 'NONE',  ( 0.000000000000000000, 0.6038260274202660316, -0.7971161324486288891 ) ) ;
#3123 = LINE ( 'NONE', #697, #5386 ) ;
#3124 = CARTESIAN_POINT ( 'NONE',  ( -7.875000000000000000, 0.7800000000000000266, 1.324999999999999734 ) ) ;
#3125 = VECTOR ( 'NONE', #3772, 1000.000000000000000 ) ;
#3126 = ORIENTED_EDGE ( 'NONE', *, *, #7442, .T. ) ;
#3127 = CARTESIAN_POINT ( 'NONE',  ( -7.375000000000000000, 1.903000000000000025, -1.334999999999999742 ) ) ;
#3128 = ORIENTED_EDGE ( 'NONE', *, *, #5831, .T. ) ;
#3129 = DIRECTION ( 'NONE',  ( 0.000000000000000000, 0.000000000000000000, -1.000000000000000000 ) ) ;
#3130 = ORIENTED_EDGE ( 'NONE', *, *, #5943, .T. ) ;
#3131 = DIRECTION ( 'NONE',  ( 0.7071067811865474617, -0.000000000000000000, -0.7071067811865474617 ) ) ;
#3132 = DIRECTION ( 'NONE',  ( 0.000000000000000000, -1.000000000000000000, 0.000000000000000000 ) ) ;
#3133 = DIRECTION ( 'NONE',  ( 0.000000000000000000, -1.000000000000000000, 0.000000000000000000 ) ) ;
#3134 = CARTESIAN_POINT ( 'NONE',  ( -1.145000000000000240, 2.209999999999999520, -0.2750000000000000777 ) ) ;
#3135 =( NAMED_UNIT ( * ) SI_UNIT ( $, .STERADIAN. ) SOLID_ANGLE_UNIT ( ) );
#3136 = APPLICATION_CONTEXT ( 'automotive_design' ) ;
#3137 = CARTESIAN_POINT ( 'NONE',  ( -6.363749999999999574, 2.760000000000000231, 1.824999999999999289 ) ) ;
#3138 = ADVANCED_FACE ( 'NONE', ( #1057 ), #7044, .F. ) ;
#3139 = CARTESIAN_POINT ( 'NONE',  ( -0.8750000000000007772, 1.030000000000000027, 0.000000000000000000 ) ) ;
#3140 = CARTESIAN_POINT ( 'NONE',  ( -1.145000000000000240, 0.9249999999999991562, 1.949999999999999067 ) ) ;
#3141 = ITEM_DEFINED_TRANSFORMATION ( 'NONE', 'NONE', #4044,  #7217 ) ;
#3142 = CARTESIAN_POINT ( 'NONE',  ( -5.724999999999999645, 0.6250000000000000000, -1.464999999999999858 ) ) ;
#3143 = VERTEX_POINT ( 'NONE', #7540 ) ;
#3144 = FACE_OUTER_BOUND ( 'NONE', #3473, .T. ) ;
#3145 = CARTESIAN_POINT ( 'NONE',  ( -8.750000000000000000, 2.209999999999998188, -0.2750000000000000777 ) ) ;
#3146 = ORIENTED_EDGE ( 'NONE', *, *, #4759, .T. ) ;
#3147 = EDGE_CURVE ( 'NONE', #1301, #7369, #2824, .T. ) ;
#3148 = EDGE_CURVE ( 'NONE', #1587, #4080, #2305, .T. ) ;
#3149 = DIRECTION ( 'NONE',  ( 1.000000000000000000, -0.000000000000000000, -0.000000000000000000 ) ) ;
#3150 = VECTOR ( 'NONE', #3122, 1000.000000000000114 ) ;
#3151 = CARTESIAN_POINT ( 'NONE',  ( -5.870000000000001883, 1.839999999999997193, 0.9049999999999968070 ) ) ;
#3152 = DIRECTION ( 'NONE',  ( 0.000000000000000000, 0.000000000000000000, 1.000000000000000000 ) ) ;
#3153 = FACE_OUTER_BOUND ( 'NONE', #4780, .T. ) ;
#3154 = ORIENTED_EDGE ( 'NONE', *, *, #3594, .T. ) ;
#3155 = VECTOR ( 'NONE', #895, 1000.000000000000000 ) ;
#3156 = VECTOR ( 'NONE', #6168, 1000.000000000000000 ) ;
#3157 = AXIS2_PLACEMENT_3D ( 'NONE', #3466, #2918, #4656 ) ;
#3158 = ORIENTED_EDGE ( 'NONE', *, *, #4252, .F. ) ;
#3159 = ORIENTED_EDGE ( 'NONE', *, *, #1964, .F. ) ;
#3160 = DIRECTION ( 'NONE',  ( 0.000000000000000000, -1.000000000000000000, 5.706327223607912624E-16 ) ) ;
#3161 = ADVANCED_FACE ( 'NONE', ( #1688 ), #1101, .F. ) ;
#3162 = VERTEX_POINT ( 'NONE', #7009 ) ;
#3163 = CARTESIAN_POINT ( 'NONE',  ( -5.525000000000000355, 1.080000000000000071, 0.06499999999999998834 ) ) ;
#3164 = ADVANCED_FACE ( 'NONE', ( #1724 ), #1132, .F. ) ;
#3165 = LINE ( 'NONE', #1239, #2082 ) ;
#3166 = VECTOR ( 'NONE', #7212, 1000.000000000000000 ) ;
#3167 = VECTOR ( 'NONE', #5839, 1000.000000000000000 ) ;
#3168 = ORIENTED_EDGE ( 'NONE', *, *, #4344, .T. ) ;
#3169 = LINE ( 'NONE', #4941, #1088 ) ;
#3170 = VECTOR ( 'NONE', #5571, 1000.000000000000000 ) ;
#3171 = ORIENTED_EDGE ( 'NONE', *, *, #3255, .F. ) ;
#3172 = PRODUCT_DEFINITION_SHAPE ( 'NONE', 'NONE',  #3627 ) ;
#3173 = VERTEX_POINT ( 'NONE', #1326 ) ;
#3174 = ADVANCED_FACE ( 'NONE', ( #4220 ), #2582, .F. ) ;
#3175 = LINE ( 'NONE', #4914, #359 ) ;
#3176 = CARTESIAN_POINT ( 'NONE',  ( -5.312499999999999112, 1.855000000000000204, 0.06499999999999994671 ) ) ;
#3177 = CARTESIAN_POINT ( 'NONE',  ( -2.310000000000003162, 3.240000000000001101, -1.224999999999999867 ) ) ;
#3178 = VERTEX_POINT ( 'NONE', #1288 ) ;
#3179 = CARTESIAN_POINT ( 'NONE',  ( -3.025000000000000799, 0.000000000000000000, 2.024999999999999911 ) ) ;
#3180 = CARTESIAN_POINT ( 'NONE',  ( -3.025000000000000799, 1.630000000000000560, -2.024999999999999911 ) ) ;
#3181 = VECTOR ( 'NONE', #6649, 1000.000000000000000 ) ;
#3182 = DIRECTION ( 'NONE',  ( -1.000000000000000000, -1.136281752823236226E-16, 0.000000000000000000 ) ) ;
#3183 = PLANE ( 'NONE',  #7341 ) ;
#3184 = CARTESIAN_POINT ( 'NONE',  ( -7.375000000000000000, 0.000000000000000000, -1.334999999999999742 ) ) ;
#3185 = AXIS2_PLACEMENT_3D ( 'NONE', #5830, #512, #5256 ) ;
#3186 = EDGE_CURVE ( 'NONE', #2101, #2887, #3683, .T. ) ;
#3187 = EDGE_LOOP ( 'NONE', ( #3592, #1112, #1197, #1634, #984, #2784, #4101, #4833, #5572, #5487, #529, #1010, #2569, #3158, #1832, #2474, #618, #6511, #7489, #3864, #4359, #207, #4868, #2383, #19, #4176, #2421, #2061, #6586, #4361, #4383, #4077, #4217, #595, #4440, #3863, #6000, #354, #1466, #4206, #1475, #3520, #2307, #4182 ) ) ;
#3188 = CARTESIAN_POINT ( 'NONE',  ( -5.525000000000000355, 0.000000000000000000, -2.024999999999999911 ) ) ;
#3189 = LINE ( 'NONE', #256, #893 ) ;
#3190 = VECTOR ( 'NONE', #13, 1000.000000000000000 ) ;
#3191 = CARTESIAN_POINT ( 'NONE',  ( -5.724999999999999645, 1.302867965644034065, 1.302867965644036063 ) ) ;
#3192 = VERTEX_POINT ( 'NONE', #1929 ) ;
#3193 = FACE_OUTER_BOUND ( 'NONE', #1669, .T. ) ;
#3194 = CARTESIAN_POINT ( 'NONE',  ( -1.775000000000003908, 0.1800000000000000488, 2.024999999999999911 ) ) ;
#3195 = CARTESIAN_POINT ( 'NONE',  ( -2.812500000000000888, 0.04750000000000037526, 0.01749999999999957839 ) ) ;
#3196 = EDGE_LOOP ( 'NONE', ( #27, #6413, #7096, #7056 ) ) ;
#3197 = VECTOR ( 'NONE', #7457, 1000.000000000000000 ) ;
#3198 = VERTEX_POINT ( 'NONE', #165 ) ;
#3199 = EDGE_LOOP ( 'NONE', ( #5978, #6450, #763, #4326, #2926, #5783, #1596, #6551, #671, #3626, #6974, #4514, #7026, #5372, #5896, #5258, #3146, #2034, #2546, #2408, #977, #2374, #1670, #4249, #3970, #1305, #577, #442, #2895, #3909, #6058, #3109, #5201, #4583, #777, #976, #1220, #6932, #3871, #6164, #262, #6857, #6699, #7071 ) ) ;
#3200 = CARTESIAN_POINT ( 'NONE',  ( -7.375000000000000888, 2.209999999999999520, 1.975000000000001865 ) ) ;
#3201 = AXIS2_PLACEMENT_3D ( 'NONE', #4371, #1595, #5691 ) ;
#3202 = EDGE_LOOP ( 'NONE', ( #5248, #5413, #1273, #4049 ) ) ;
#3203 = LINE ( 'NONE', #5550, #5875 ) ;
#3204 = DIRECTION ( 'NONE',  ( 1.000000000000000000, 0.000000000000000000, 0.000000000000000000 ) ) ;
#3205 = SHAPE_REPRESENTATION ( 'SM03B-GHS-TB(LF)(SN)', ( #4655, #3426, #4044, #6007, #681 ), #312 ) ;
#3206 = EDGE_LOOP ( 'NONE', ( #2171, #2704, #7483, #5096 ) ) ;
#3207 = LINE ( 'NONE', #1884, #3221 ) ;
#3208 = EDGE_CURVE ( 'NONE', #2397, #316, #4051, .T. ) ;
#3209 = EDGE_CURVE ( 'NONE', #6463, #808, #3758, .T. ) ;
#3210 = VECTOR ( 'NONE', #6405, 1000.000000000000000 ) ;
#3211 = VERTEX_POINT ( 'NONE', #752 ) ;
#3212 = ORIENTED_EDGE ( 'NONE', *, *, #5426, .F. ) ;
#3213 = VECTOR ( 'NONE', #1304, 1000.000000000000000 ) ;
#3214 = DIRECTION ( 'NONE',  ( 0.000000000000000000, 0.000000000000000000, 1.000000000000000000 ) ) ;
#3215 = VECTOR ( 'NONE', #7644, 1000.000000000000000 ) ;
#3216 = DIRECTION ( 'NONE',  ( 0.000000000000000000, -0.000000000000000000, -1.000000000000000000 ) ) ;
#3217 = CARTESIAN_POINT ( 'NONE',  ( -1.949999999999999512, 3.820000000000000728, -2.024999999999999911 ) ) ;
#3218 = EDGE_CURVE ( 'NONE', #3679, #7411, #1366, .T. ) ;
#3219 = VERTEX_POINT ( 'NONE', #4946 ) ;
#3220 = EDGE_CURVE ( 'NONE', #4325, #4166, #3605, .T. ) ;
#3221 = VECTOR ( 'NONE', #856, 1000.000000000000000 ) ;
#3222 = CARTESIAN_POINT ( 'NONE',  ( -7.375000000000000888, 0.1499999999999998002, -0.2750000000000001332 ) ) ;
#3223 = CARTESIAN_POINT ( 'NONE',  ( -5.724999999999999645, 2.084999999999999964, 1.824999999999999956 ) ) ;
#3224 = CARTESIAN_POINT ( 'NONE',  ( -1.852139257101876488E-16, 1.630000000000001226, 0.06499999999999994671 ) ) ;
#3225 = FACE_OUTER_BOUND ( 'NONE', #509, .T. ) ;
#3226 = CARTESIAN_POINT ( 'NONE',  ( -5.937500000000000000, 1.855000000000000204, 0.06499999999999994671 ) ) ;
#3227 = VERTEX_POINT ( 'NONE', #668 ) ;
#3228 = LINE ( 'NONE', #291, #941 ) ;
#3229 = VERTEX_POINT ( 'NONE', #709 ) ;
#3230 = ORIENTED_EDGE ( 'NONE', *, *, #2109, .F. ) ;
#3231 = DIRECTION ( 'NONE',  ( 0.7071067811865454633, -0.7071067811865495711, 0.000000000000000000 ) ) ;
#3232 = CARTESIAN_POINT ( 'NONE',  ( -4.474999999999999645, 0.5500000000000010436, 0.06499999999999994671 ) ) ;
#3233 = PRESENTATION_STYLE_ASSIGNMENT (( #6200 ) ) ;
#3234 = CARTESIAN_POINT ( 'NONE',  ( -8.750000000000000000, 3.325000000000000178, 0.06499999999999994671 ) ) ;
#3235 = ORIENTED_EDGE ( 'NONE', *, *, #7548, .T. ) ;
#3236 = ORIENTED_EDGE ( 'NONE', *, *, #3922, .T. ) ;
#3237 = VERTEX_POINT ( 'NONE', #49 ) ;
#3238 = LINE ( 'NONE', #6846, #7198 ) ;
#3239 = FACE_OUTER_BOUND ( 'NONE', #1376, .T. ) ;
#3240 = ADVANCED_FACE ( 'NONE', ( #2543 ), #3014, .F. ) ;
#3241 = CARTESIAN_POINT ( 'NONE',  ( -1.024999999999999023, 2.209999999999999520, 1.274999999999999911 ) ) ;
#3242 = AXIS2_PLACEMENT_3D ( 'NONE', #6188, #6823, #3325 ) ;
#3243 = CARTESIAN_POINT ( 'NONE',  ( 0.000000000000000000, 1.855000000000000204, 0.06499999999999994671 ) ) ;
#3244 = ORIENTED_EDGE ( 'NONE', *, *, #2160, .F. ) ;
#3245 = ORIENTED_EDGE ( 'NONE', *, *, #5648, .F. ) ;
#3246 = VECTOR ( 'NONE', #4186, 1000.000000000000114 ) ;
#3247 = DIRECTION ( 'NONE',  ( 0.000000000000000000, 0.000000000000000000, 1.000000000000000000 ) ) ;
#3248 = PLANE ( 'NONE',  #1271 ) ;
#3249 = CARTESIAN_POINT ( 'NONE',  ( -7.188175319642949646, 4.190000000000000391, 1.354999999999998206 ) ) ;
#3250 = ORIENTED_EDGE ( 'NONE', *, *, #2424, .T. ) ;
#3251 = CARTESIAN_POINT ( 'NONE',  ( 0.000000000000000000, 2.209999999999998188, 2.024999999999999911 ) ) ;
#3252 = CARTESIAN_POINT ( 'NONE',  ( -7.605000000000000426, 1.709999999999999520, 1.324999999999999734 ) ) ;
#3253 = EDGE_CURVE ( 'NONE', #5933, #5120, #2000, .T. ) ;
#3254 = DIRECTION ( 'NONE',  ( 0.000000000000000000, 0.000000000000000000, -1.000000000000000000 ) ) ;
#3255 = EDGE_CURVE ( 'NONE', #6658, #2812, #1209, .T. ) ;
#3256 = CARTESIAN_POINT ( 'NONE',  ( -16.62500000000000000, 2.055000000000001048, 2.024999999999999911 ) ) ;
#3257 = CARTESIAN_POINT ( 'NONE',  ( -1.375000000000001332, 3.965000000000001634, 0.06499999999999994671 ) ) ;
#3258 = ORIENTED_EDGE ( 'NONE', *, *, #4390, .T. ) ;
#3259 = AXIS2_PLACEMENT_3D ( 'NONE', #7107, #5705, #2738 ) ;
#3260 = DIRECTION ( 'NONE',  ( -1.000000000000000000, 0.000000000000000000, 0.000000000000000000 ) ) ;
#3261 = LINE ( 'NONE', #3297, #651 ) ;
#3262 = PLANE ( 'NONE',  #1586 ) ;
#3263 = ORIENTED_EDGE ( 'NONE', *, *, #111, .F. ) ;
#3264 = CARTESIAN_POINT ( 'NONE',  ( -0.000000000000000000, 2.255000000000000338, 2.024999999999999911 ) ) ;
#3265 = LINE ( 'NONE', #5152, #7573 ) ;
#3266 = CARTESIAN_POINT ( 'NONE',  ( -3.225000000000000533, 1.030000000000000027, -2.024999999999999911 ) ) ;
#3267 = ORIENTED_EDGE ( 'NONE', *, *, #5824, .T. ) ;
#3268 = ORIENTED_EDGE ( 'NONE', *, *, #3537, .T. ) ;
#3269 = ORIENTED_EDGE ( 'NONE', *, *, #238, .T. ) ;
#3270 = EDGE_LOOP ( 'NONE', ( #3794, #4009, #1794, #288, #5750 ) ) ;
#3271 = DIRECTION ( 'NONE',  ( -1.000000000000000000, 0.000000000000000000, 0.000000000000000000 ) ) ;
#3272 = DIRECTION ( 'NONE',  ( 0.000000000000000000, -1.000000000000000000, 0.000000000000000000 ) ) ;
#3273 = DIRECTION ( 'NONE',  ( 0.000000000000000000, 0.7071067811865597852, 0.7071067811865352493 ) ) ;
#3274 = VERTEX_POINT ( 'NONE', #2420 ) ;
#3275 = EDGE_CURVE ( 'NONE', #5246, #7219, #3721, .T. ) ;
#3276 = EDGE_LOOP ( 'NONE', ( #2989, #3508, #6762, #6362 ) ) ;
#3277 = CARTESIAN_POINT ( 'NONE',  ( -1.375000000000000444, 1.009999999999999121, 1.864999999999999325 ) ) ;
#3278 = EDGE_LOOP ( 'NONE', ( #6939, #5402, #2107, #4221 ) ) ;
#3279 = VECTOR ( 'NONE', #1603, 1000.000000000000000 ) ;
#3280 = VECTOR ( 'NONE', #6236, 1000.000000000000000 ) ;
#3281 = CARTESIAN_POINT ( 'NONE',  ( 0.000000000000000000, 1.855000000000000204, 0.06499999999999994671 ) ) ;
#3282 = CARTESIAN_POINT ( 'NONE',  ( -6.924999999999999822, 3.965000000000001634, 0.06499999999999994671 ) ) ;
#3283 = VECTOR ( 'NONE', #3372, 1000.000000000000000 ) ;
#3284 = EDGE_CURVE ( 'NONE', #3080, #4611, #7117, .T. ) ;
#3285 = ADVANCED_FACE ( 'NONE', ( #5485 ), #7234, .T. ) ;
#3286 = VERTEX_POINT ( 'NONE', #4836 ) ;
#3287 = CARTESIAN_POINT ( 'NONE',  ( -5.525000000000000355, 1.629999999999999893, -1.464999999999999858 ) ) ;
#3288 = DIRECTION ( 'NONE',  ( 0.000000000000000000, 0.7071067811865474617, -0.7071067811865475727 ) ) ;
#3289 = LINE ( 'NONE', #4485, #2381 ) ;
#3290 = LINE ( 'NONE', #7468, #2419 ) ;
#3291 = CARTESIAN_POINT ( 'NONE',  ( -7.375000000000000888, 0.8499999999999992006, 2.024999999999999911 ) ) ;
#3292 = ADVANCED_FACE ( 'NONE', ( #7154 ), #1889, .T. ) ;
#3293 = VERTEX_POINT ( 'NONE', #4300 ) ;
#3294 = VECTOR ( 'NONE', #2235, 1000.000000000000000 ) ;
#3295 = EDGE_CURVE ( 'NONE', #1491, #4948, #6098, .T. ) ;
#3296 = DIRECTION ( 'NONE',  ( 0.000000000000000000, 1.000000000000000000, 0.000000000000000000 ) ) ;
#3297 = CARTESIAN_POINT ( 'NONE',  ( -5.525000000000000355, 2.055000000000001048, 2.024999999999999911 ) ) ;
#3298 = LINE ( 'NONE', #953, #591 ) ;
#3299 = ORIENTED_EDGE ( 'NONE', *, *, #2040, .T. ) ;
#3300 = DIRECTION ( 'NONE',  ( 1.000000000000000000, 0.000000000000000000, 0.000000000000000000 ) ) ;
#3301 = PRESENTATION_LAYER_ASSIGNMENT (  '', '', ( #6495 ) ) ;
#3302 = PLANE ( 'NONE',  #1164 ) ;
#3303 = VECTOR ( 'NONE', #6640, 1000.000000000000000 ) ;
#3304 = DIRECTION ( 'NONE',  ( 0.000000000000000000, -1.000000000000000000, 0.000000000000000000 ) ) ;
#3305 = ORIENTED_EDGE ( 'NONE', *, *, #7048, .T. ) ;
#3306 = EDGE_LOOP ( 'NONE', ( #2333, #5708, #2914, #5886 ) ) ;
#3307 = ADVANCED_FACE ( 'NONE', ( #3835 ), #4408, .T. ) ;
#3308 = DIRECTION ( 'NONE',  ( 1.000000000000000000, 0.000000000000000000, -0.000000000000000000 ) ) ;
#3309 = ORIENTED_EDGE ( 'NONE', *, *, #6899, .T. ) ;
#3310 = ORIENTED_EDGE ( 'NONE', *, *, #2813, .T. ) ;
#3311 = FACE_OUTER_BOUND ( 'NONE', #706, .T. ) ;
#3312 = CARTESIAN_POINT ( 'NONE',  ( -6.349999999999999645, 3.965000000000001634, 2.024999999999999911 ) ) ;
#3313 = CARTESIAN_POINT ( 'NONE',  ( -5.525000000000000355, 0.2999999999999999889, -2.824999999999999734 ) ) ;
#3314 = CIRCLE ( 'NONE', #7469, 0.08500000000000000611 ) ;
#3315 = EDGE_LOOP ( 'NONE', ( #649, #7054, #515, #1563 ) ) ;
#3316 = VERTEX_POINT ( 'NONE', #5058 ) ;
#3317 = DIRECTION ( 'NONE',  ( 1.000000000000000000, 0.000000000000000000, 0.000000000000000000 ) ) ;
#3318 = EDGE_LOOP ( 'NONE', ( #1044, #263, #2458, #6473 ) ) ;
#3319 = LINE ( 'NONE', #2227, #5083 ) ;
#3320 = DIRECTION ( 'NONE',  ( -0.000000000000000000, -1.000000000000000000, -0.000000000000000000 ) ) ;
#3321 = VECTOR ( 'NONE', #5040, 1000.000000000000114 ) ;
#3322 = ORIENTED_EDGE ( 'NONE', *, *, #7610, .T. ) ;
#3323 = CARTESIAN_POINT ( 'NONE',  ( -6.349999999999999645, 0.000000000000000000, 0.06499999999999994671 ) ) ;
#3324 = DIRECTION ( 'NONE',  ( 1.000000000000000000, 0.000000000000000000, 0.000000000000000000 ) ) ;
#3325 = DIRECTION ( 'NONE',  ( 0.000000000000000000, 0.000000000000000000, -1.000000000000000000 ) ) ;
#3326 = CARTESIAN_POINT ( 'NONE',  ( -1.145000000000000240, 0.7800000000000000266, -0.3250000000000000666 ) ) ;
#3327 = EDGE_CURVE ( 'NONE', #7509, #2211, #6288, .T. ) ;
#3328 = CARTESIAN_POINT ( 'NONE',  ( -1.145000000000000240, 1.559999999999999609, 1.864999999999999547 ) ) ;
#3329 = PLANE ( 'NONE',  #3541 ) ;
#3330 = VECTOR ( 'NONE', #1091, 1000.000000000000000 ) ;
#3331 = VERTEX_POINT ( 'NONE', #3282 ) ;
#3332 = CARTESIAN_POINT ( 'NONE',  ( -5.724999999999999645, 1.044999999999999929, -1.044999999999999929 ) ) ;
#3333 = DIRECTION ( 'NONE',  ( 0.000000000000000000, 0.000000000000000000, 1.000000000000000000 ) ) ;
#3334 = CARTESIAN_POINT ( 'NONE',  ( -2.310000000000003162, 3.820000000000000728, -1.224999999999999867 ) ) ;
#3335 = LINE ( 'NONE', #5675, #3 ) ;
#3336 = EDGE_CURVE ( 'NONE', #1677, #6136, #2041, .T. ) ;
#3337 = DIRECTION ( 'NONE',  ( 0.000000000000000000, 1.000000000000000000, 0.000000000000000000 ) ) ;
#3338 =( LENGTH_UNIT ( ) NAMED_UNIT ( * ) SI_UNIT ( .MILLI., .METRE. ) );
#3339 = EDGE_CURVE ( 'NONE', #3901, #7084, #5698, .T. ) ;
#3340 = DIRECTION ( 'NONE',  ( -1.000000000000000000, 0.000000000000000000, 0.000000000000000000 ) ) ;
#3341 = ORIENTED_EDGE ( 'NONE', *, *, #4083, .T. ) ;
#3342 = VERTEX_POINT ( 'NONE', #2695 ) ;
#3343 = VERTEX_POINT ( 'NONE', #5095 ) ;
#3344 = VERTEX_POINT ( 'NONE', #6252 ) ;
#3345 = CARTESIAN_POINT ( 'NONE',  ( -5.724999999999999645, 1.630000000000000560, -1.464999999999999636 ) ) ;
#3346 = DIRECTION ( 'NONE',  ( -0.000000000000000000, -0.000000000000000000, 1.000000000000000000 ) ) ;
#3347 = EDGE_CURVE ( 'NONE', #4661, #5042, #938, .T. ) ;
#3348 = LINE ( 'NONE', #4974, #2323 ) ;
#3349 = EDGE_CURVE ( 'NONE', #2170, #6072, #388, .T. ) ;
#3350 = ADVANCED_FACE ( 'NONE', ( #6215 ), #319, .T. ) ;
#3351 = ORIENTED_EDGE ( 'NONE', *, *, #3776, .T. ) ;
#3352 = EDGE_LOOP ( 'NONE', ( #5612, #33, #6834, #339 ) ) ;
#3353 = DIRECTION ( 'NONE',  ( -1.495451272393798655E-15, 1.000000000000000000, -0.000000000000000000 ) ) ;
#3354 = ORIENTED_EDGE ( 'NONE', *, *, #4570, .F. ) ;
#3355 = ORIENTED_EDGE ( 'NONE', *, *, #4529, .T. ) ;
#3356 = DIRECTION ( 'NONE',  ( 0.000000000000000000, -0.000000000000000000, -1.000000000000000000 ) ) ;
#3357 = CIRCLE ( 'NONE', #3242, 0.08500000000000000611 ) ;
#3358 = DIRECTION ( 'NONE',  ( -1.000000000000000000, 0.000000000000000000, 0.000000000000000000 ) ) ;
#3359 = ORIENTED_EDGE ( 'NONE', *, *, #4859, .F. ) ;
#3360 = ORIENTED_EDGE ( 'NONE', *, *, #1583, .F. ) ;
#3361 = CARTESIAN_POINT ( 'NONE',  ( -1.375000000000000444, 1.112733808603542986E-15, 1.949999999999999956 ) ) ;
#3362 = PLANE ( 'NONE',  #3259 ) ;
#3363 = DIRECTION ( 'NONE',  ( 0.000000000000000000, -1.000000000000000000, 0.000000000000000000 ) ) ;
#3364 = FACE_OUTER_BOUND ( 'NONE', #3928, .T. ) ;
#3365 = ORIENTED_EDGE ( 'NONE', *, *, #1517, .F. ) ;
#3366 = CARTESIAN_POINT ( 'NONE',  ( -1.145000000000000240, 0.7800000000000000266, -0.3250000000000000666 ) ) ;
#3367 = DIRECTION ( 'NONE',  ( -0.000000000000000000, -0.7071067811865474617, -0.7071067811865474617 ) ) ;
#3368 = ADVANCED_FACE ( 'NONE', ( #7385 ), #2076, .T. ) ;
#3369 = EDGE_CURVE ( 'NONE', #1416, #4325, #7415, .T. ) ;
#3370 = DIRECTION ( 'NONE',  ( 0.000000000000000000, 0.000000000000000000, -1.000000000000000000 ) ) ;
#3371 = DIRECTION ( 'NONE',  ( 0.000000000000000000, 1.000000000000000000, 0.000000000000000000 ) ) ;
#3372 = DIRECTION ( 'NONE',  ( -0.000000000000000000, -0.000000000000000000, -1.000000000000000000 ) ) ;
#3373 = CARTESIAN_POINT ( 'NONE',  ( -0.000000000000000000, 0.5500000000000010436, 2.024999999999999911 ) ) ;
#3374 = ORIENTED_EDGE ( 'NONE', *, *, #343, .F. ) ;
#3375 = ORIENTED_EDGE ( 'NONE', *, *, #6744, .F. ) ;
#3376 = FACE_OUTER_BOUND ( 'NONE', #3276, .T. ) ;
#3377 = EDGE_CURVE ( 'NONE', #1788, #887, #6818, .T. ) ;
#3378 = EDGE_CURVE ( 'NONE', #3274, #2111, #4369, .T. ) ;
#3379 = EDGE_LOOP ( 'NONE', ( #330, #7290, #4675, #754 ) ) ;
#3380 = EDGE_CURVE ( 'NONE', #6758, #5164, #863, .T. ) ;
#3381 = EDGE_LOOP ( 'NONE', ( #6549, #5596, #1914, #12 ) ) ;
#3382 = DIRECTION ( 'NONE',  ( 0.000000000000000000, 0.000000000000000000, -1.000000000000000000 ) ) ;
#3383 = CARTESIAN_POINT ( 'NONE',  ( -2.386250000000001315, 0.000000000000000000, 0.000000000000000000 ) ) ;
#3384 = AXIS2_PLACEMENT_3D ( 'NONE', #2267, #7420, #2822 ) ;
#3385 = PLANE ( 'NONE',  #5946 ) ;
#3386 = LINE ( 'NONE', #3968, #1835 ) ;
#3387 = ORIENTED_EDGE ( 'NONE', *, *, #1508, .T. ) ;
#3388 = ORIENTED_EDGE ( 'NONE', *, *, #1322, .F. ) ;
#3389 = VECTOR ( 'NONE', #3672, 1000.000000000000000 ) ;
#3390 = ADVANCED_FACE ( 'NONE', ( #1559 ), #3248, .F. ) ;
#3391 = EDGE_CURVE ( 'NONE', #2356, #2766, #353, .T. ) ;
#3392 = PLANE ( 'NONE',  #2696 ) ;
#3393 = EDGE_CURVE ( 'NONE', #2013, #4132, #6141, .T. ) ;
#3394 = ORIENTED_EDGE ( 'NONE', *, *, #5608, .F. ) ;
#3395 = LINE ( 'NONE', #6363, #2650 ) ;
#3396 = ORIENTED_EDGE ( 'NONE', *, *, #485, .T. ) ;
#3397 = CARTESIAN_POINT ( 'NONE',  ( -7.375000000000000000, 3.965000000000001634, 0.06499999999999994671 ) ) ;
#3398 = AXIS2_PLACEMENT_3D ( 'NONE', #6365, #1086, #4627 ) ;
#3399 = AXIS2_PLACEMENT_3D ( 'NONE', #4055, #2931, #2888 ) ;
#3400 = PLANE ( 'NONE',  #6521 ) ;
#3401 = ORIENTED_EDGE ( 'NONE', *, *, #3776, .F. ) ;
#3402 = VECTOR ( 'NONE', #1012, 1000.000000000000000 ) ;
#3403 = VECTOR ( 'NONE', #6350, 1000.000000000000000 ) ;
#3404 = EDGE_LOOP ( 'NONE', ( #1080, #4593, #3812, #1187 ) ) ;
#3405 = AXIS2_PLACEMENT_3D ( 'NONE', #4503, #964, #341 ) ;
#3406 =( NAMED_UNIT ( * ) SI_UNIT ( $, .STERADIAN. ) SOLID_ANGLE_UNIT ( ) );
#3407 = LINE ( 'NONE', #394, #7539 ) ;
#3408 = PLANE ( 'NONE',  #2291 ) ;
#3409 = AXIS2_PLACEMENT_3D ( 'NONE', #1229, #3704, #734 ) ;
#3410 = VECTOR ( 'NONE', #5530, 1000.000000000000000 ) ;
#3411 = CARTESIAN_POINT ( 'NONE',  ( -3.025000000000000799, 0.5500000000000010436, 2.024999999999999911 ) ) ;
#3412 = ORIENTED_EDGE ( 'NONE', *, *, #3829, .F. ) ;
#3413 = DIRECTION ( 'NONE',  ( -1.000000000000000000, -1.197572355469997778E-16, 0.000000000000000000 ) ) ;
#3414 = CARTESIAN_POINT ( 'NONE',  ( -7.725000000000001421, 2.209999999999999520, 1.274999999999999911 ) ) ;
#3415 = VECTOR ( 'NONE', #5003, 1000.000000000000000 ) ;
#3416 = VECTOR ( 'NONE', #7167, 1000.000000000000000 ) ;
#3417 = FACE_OUTER_BOUND ( 'NONE', #7012, .T. ) ;
#3418 = DIRECTION ( 'NONE',  ( 0.000000000000000000, -1.000000000000000000, 0.000000000000000000 ) ) ;
#3419 = DIRECTION ( 'NONE',  ( 0.000000000000000000, 0.000000000000000000, -1.000000000000000000 ) ) ;
#3420 = ADVANCED_FACE ( 'NONE', ( #7303 ), #828, .F. ) ;
#3421 = ORIENTED_EDGE ( 'NONE', *, *, #5649, .T. ) ;
#3422 = VERTEX_POINT ( 'NONE', #3868 ) ;
#3423 =( LENGTH_UNIT ( ) NAMED_UNIT ( * ) SI_UNIT ( .MILLI., .METRE. ) );
#3424 = ORIENTED_EDGE ( 'NONE', *, *, #439, .F. ) ;
#3425 = ORIENTED_EDGE ( 'NONE', *, *, #3960, .F. ) ;
#3426 = AXIS2_PLACEMENT_3D ( 'NONE', #562, #4577, #1578 ) ;
#3427 = LINE ( 'NONE', #5724, #5731 ) ;
#3428 = LINE ( 'NONE', #4120, #1912 ) ;
#3429 = VECTOR ( 'NONE', #3363, 1000.000000000000000 ) ;
#3430 = FACE_OUTER_BOUND ( 'NONE', #1134, .T. ) ;
#3431 = DIRECTION ( 'NONE',  ( 0.000000000000000000, 0.000000000000000000, -1.000000000000000000 ) ) ;
#3432 = CARTESIAN_POINT ( 'NONE',  ( -1.145000000000000240, 1.094999999999999085, 1.949999999999999289 ) ) ;
#3433 = EDGE_CURVE ( 'NONE', #4603, #2968, #3395, .T. ) ;
#3434 = ORIENTED_EDGE ( 'NONE', *, *, #2510, .T. ) ;
#3435 = VECTOR ( 'NONE', #6976, 1000.000000000000000 ) ;
#3436 = LINE ( 'NONE', #2257, #1827 ) ;
#3437 = ORIENTED_EDGE ( 'NONE', *, *, #6406, .T. ) ;
#3438 = DIRECTION ( 'NONE',  ( 1.000000000000000000, -0.000000000000000000, -0.000000000000000000 ) ) ;
#3439 = VECTOR ( 'NONE', #4030, 1000.000000000000000 ) ;
#3440 = ORIENTED_EDGE ( 'NONE', *, *, #3829, .T. ) ;
#3441 = LINE ( 'NONE', #2337, #7487 ) ;
#3442 = EDGE_CURVE ( 'NONE', #6821, #1169, #2293, .T. ) ;
#3443 = EDGE_CURVE ( 'NONE', #7545, #711, #5737, .T. ) ;
#3444 = DIRECTION ( 'NONE',  ( 1.000000000000000000, -0.000000000000000000, 0.000000000000000000 ) ) ;
#3445 = EDGE_LOOP ( 'NONE', ( #1735, #4136, #2999, #3489 ) ) ;
#3446 = DIRECTION ( 'NONE',  ( 1.000000000000000000, 0.000000000000000000, 0.000000000000000000 ) ) ;
#3447 = CARTESIAN_POINT ( 'NONE',  ( -4.275000000000000355, 0.5799999999999996270, 2.024999999999999911 ) ) ;
#3448 = DIRECTION ( 'NONE',  ( 0.000000000000000000, 0.000000000000000000, -1.000000000000000000 ) ) ;
#3449 = EDGE_CURVE ( 'NONE', #3819, #6694, #4702, .T. ) ;
#3450 = EDGE_CURVE ( 'NONE', #4384, #4709, #2852, .T. ) ;
#3451 = FACE_OUTER_BOUND ( 'NONE', #5167, .T. ) ;
#3452 = ORIENTED_EDGE ( 'NONE', *, *, #751, .F. ) ;
#3453 = CARTESIAN_POINT ( 'NONE',  ( -7.375000000000000888, 0.4800000000000000377, 2.024999999999999911 ) ) ;
#3454 = VECTOR ( 'NONE', #3004, 1000.000000000000000 ) ;
#3455 = DIRECTION ( 'NONE',  ( -1.000000000000000000, -0.000000000000000000, -0.000000000000000000 ) ) ;
#3456 = FACE_OUTER_BOUND ( 'NONE', #6503, .T. ) ;
#3457 = CARTESIAN_POINT ( 'NONE',  ( -7.875000000000000000, 3.400000000000000355, 0.06499999999999994671 ) ) ;
#3458 = CARTESIAN_POINT ( 'NONE',  ( 6.875000000000000888, -1.376287680150671200E-15, 0.02292814286300589796 ) ) ;
#3459 = VECTOR ( 'NONE', #6898, 1000.000000000000000 ) ;
#3460 = AXIS2_PLACEMENT_3D ( 'NONE', #6506, #1116, #2805 ) ;
#3461 = PLANE ( 'NONE',  #3534 ) ;
#3462 = ORIENTED_EDGE ( 'NONE', *, *, #5326, .F. ) ;
#3463 = LINE ( 'NONE', #4041, #2462 ) ;
#3464 = ORIENTED_EDGE ( 'NONE', *, *, #3369, .T. ) ;
#3465 = ORIENTED_EDGE ( 'NONE', *, *, #4570, .T. ) ;
#3466 = CARTESIAN_POINT ( 'NONE',  ( -5.312499999999999112, 0.000000000000000000, 0.06499999999999994671 ) ) ;
#3467 = FACE_OUTER_BOUND ( 'NONE', #5937, .T. ) ;
#3468 = CARTESIAN_POINT ( 'NONE',  ( -5.724999999999999645, 1.479999999999999982, 0.9136038969321059744 ) ) ;
#3469 = DIRECTION ( 'NONE',  ( 0.000000000000000000, -1.000000000000000000, 0.000000000000000000 ) ) ;
#3470 = DIRECTION ( 'NONE',  ( -1.000000000000000000, 0.000000000000000000, -0.000000000000000000 ) ) ;
#3471 = AXIS2_PLACEMENT_3D ( 'NONE', #4195, #1146, #7595 ) ;
#3472 = ORIENTED_EDGE ( 'NONE', *, *, #3867, .F. ) ;
#3473 = EDGE_LOOP ( 'NONE', ( #4355, #14, #5519, #1592 ) ) ;
#3474 = CARTESIAN_POINT ( 'NONE',  ( -1.960000000000000853, 0.7799999999999999156, 1.824999999999999289 ) ) ;
#3475 = ORIENTED_EDGE ( 'NONE', *, *, #7174, .T. ) ;
#3476 = LINE ( 'NONE', #4092, #6349 ) ;
#3477 = DIRECTION ( 'NONE',  ( 0.000000000000000000, 0.000000000000000000, -1.000000000000000000 ) ) ;
#3478 = LINE ( 'NONE', #5323, #4193 ) ;
#3479 = CARTESIAN_POINT ( 'NONE',  ( -6.439999999999997726, 3.240000000000001101, -1.224999999999999867 ) ) ;
#3480 = VERTEX_POINT ( 'NONE', #5818 ) ;
#3481 = PLANE ( 'NONE',  #2901 ) ;
#3482 = ORIENTED_EDGE ( 'NONE', *, *, #1526, .F. ) ;
#3483 = EDGE_CURVE ( 'NONE', #1677, #2290, #3476, .T. ) ;
#3484 = VECTOR ( 'NONE', #3214, 1000.000000000000000 ) ;
#3485 = LINE ( 'NONE', #3011, #7028 ) ;
#3486 = ORIENTED_EDGE ( 'NONE', *, *, #7563, .F. ) ;
#3487 = DIRECTION ( 'NONE',  ( 0.000000000000000000, -0.000000000000000000, -1.000000000000000000 ) ) ;
#3488 = CARTESIAN_POINT ( 'NONE',  ( -7.375000000000000888, 0.4800000000000000377, 1.975000000000001865 ) ) ;
#3489 = ORIENTED_EDGE ( 'NONE', *, *, #769, .T. ) ;
#3490 = CARTESIAN_POINT ( 'NONE',  ( -7.375000000000000000, 0.000000000000000000, -1.334999999999999742 ) ) ;
#3491 = EDGE_CURVE ( 'NONE', #4812, #3286, #7184, .T. ) ;
#3492 = EDGE_CURVE ( 'NONE', #1711, #630, #4129, .T. ) ;
#3493 = EDGE_CURVE ( 'NONE', #1942, #83, #1712, .T. ) ;
#3494 = LINE ( 'NONE', #1063, #5864 ) ;
#3495 = CARTESIAN_POINT ( 'NONE',  ( -1.475000000000000533, 2.209999999999999520, 1.975000000000001865 ) ) ;
#3496 = AXIS2_PLACEMENT_3D ( 'NONE', #5578, #3231, #259 ) ;
#3497 = CARTESIAN_POINT ( 'NONE',  ( -7.015000000000000568, 4.250000000000000000, -2.024999999999999467 ) ) ;
#3498 = CARTESIAN_POINT ( 'NONE',  ( -3.025000000000000799, 1.855000000000000204, 0.06499999999999994671 ) ) ;
#3499 = ORIENTED_EDGE ( 'NONE', *, *, #2057, .F. ) ;
#3500 = LINE ( 'NONE', #528, #5442 ) ;
#3501 = EDGE_LOOP ( 'NONE', ( #6908, #3359, #2292, #7057 ) ) ;
#3502 = ORIENTED_EDGE ( 'NONE', *, *, #3941, .F. ) ;
#3503 = DIRECTION ( 'NONE',  ( -1.000000000000000000, 0.000000000000000000, 0.000000000000000000 ) ) ;
#3504 = DIRECTION ( 'NONE',  ( -1.000000000000000000, -0.000000000000000000, -0.000000000000000000 ) ) ;
#3505 = CARTESIAN_POINT ( 'NONE',  ( -2.310000000000003162, 3.820000000000000728, -1.224999999999999867 ) ) ;
#3506 = DIRECTION ( 'NONE',  ( 0.000000000000000000, -1.000000000000000000, 0.000000000000000000 ) ) ;
#3507 =( NAMED_UNIT ( * ) PLANE_ANGLE_UNIT ( ) SI_UNIT ( $, .RADIAN. ) );
#3508 = ORIENTED_EDGE ( 'NONE', *, *, #1145, .F. ) ;
#3509 = ORIENTED_EDGE ( 'NONE', *, *, #6769, .F. ) ;
#3510 = AXIS2_PLACEMENT_3D ( 'NONE', #4024, #4212, #6376 ) ;
#3511 = VERTEX_POINT ( 'NONE', #1043 ) ;
#3512 = DIRECTION ( 'NONE',  ( -0.000000000000000000, -1.000000000000000000, -0.000000000000000000 ) ) ;
#3513 = ORIENTED_EDGE ( 'NONE', *, *, #4443, .F. ) ;
#3514 = CARTESIAN_POINT ( 'NONE',  ( -4.474999999999999645, 0.000000000000000000, 0.06499999999999994671 ) ) ;
#3515 = CARTESIAN_POINT ( 'NONE',  ( -1.375000000000000444, 0.1499999999999998002, -0.2750000000000001332 ) ) ;
#3516 = ADVANCED_FACE ( 'NONE', ( #6929 ), #4737, .F. ) ;
#3517 = PLANE ( 'NONE',  #5432 ) ;
#3518 = ORIENTED_EDGE ( 'NONE', *, *, #1749, .F. ) ;
#3519 = DIRECTION ( 'NONE',  ( 1.000000000000000000, -0.000000000000000000, -0.000000000000000000 ) ) ;
#3520 = ORIENTED_EDGE ( 'NONE', *, *, #5304, .F. ) ;
#3521 = STYLED_ITEM ( 'NONE', ( #3645 ), #5796 ) ;
#3522 = VECTOR ( 'NONE', #1274, 1000.000000000000000 ) ;
#3523 = DIRECTION ( 'NONE',  ( 1.000000000000000000, 0.000000000000000000, 0.000000000000000000 ) ) ;
#3524 = EDGE_LOOP ( 'NONE', ( #1803, #5738, #4335, #5921 ) ) ;
#3525 = CARTESIAN_POINT ( 'NONE',  ( -1.475000000000000533, 0.000000000000000000, 1.324999999999999734 ) ) ;
#3526 = EDGE_CURVE ( 'NONE', #2023, #1301, #7070, .T. ) ;
#3527 = EDGE_CURVE ( 'NONE', #4219, #3198, #2225, .T. ) ;
#3528 = VECTOR ( 'NONE', #5018, 1000.000000000000000 ) ;
#3529 = ORIENTED_EDGE ( 'NONE', *, *, #6639, .F. ) ;
#3530 = CARTESIAN_POINT ( 'NONE',  ( -7.605000000000000426, 1.759999999999999121, 1.274999999999999911 ) ) ;
#3531 = CARTESIAN_POINT ( 'NONE',  ( -3.437500000000001332, 2.255000000000000338, 2.024999999999999911 ) ) ;
#3532 = DIRECTION ( 'NONE',  ( 0.000000000000000000, -1.000000000000000000, 0.000000000000000000 ) ) ;
#3533 = AXIS2_PLACEMENT_3D ( 'NONE', #4108, #5299, #7086 ) ;
#3534 = AXIS2_PLACEMENT_3D ( 'NONE', #4192, #7017, #6536 ) ;
#3535 = DIRECTION ( 'NONE',  ( 0.000000000000000000, 0.000000000000000000, -1.000000000000000000 ) ) ;
#3536 = CARTESIAN_POINT ( 'NONE',  ( -6.790000000000000036, 0.7799999999999999156, 0.06499999999999994671 ) ) ;
#3537 = EDGE_CURVE ( 'NONE', #6605, #1899, #6516, .T. ) ;
#3538 = EDGE_CURVE ( 'NONE', #4689, #1927, #5168, .T. ) ;
#3539 = EDGE_CURVE ( 'NONE', #5009, #7284, #5614, .T. ) ;
#3540 = EDGE_LOOP ( 'NONE', ( #5590, #5652, #1438, #928 ) ) ;
#3541 = AXIS2_PLACEMENT_3D ( 'NONE', #1015, #6790, #2161 ) ;
#3542 = LINE ( 'NONE', #7518, #7380 ) ;
#3543 = AXIS2_PLACEMENT_3D ( 'NONE', #155, #4211, #231 ) ;
#3544 = ORIENTED_EDGE ( 'NONE', *, *, #873, .T. ) ;
#3545 = LINE ( 'NONE', #7642, #4634 ) ;
#3546 = LINE ( 'NONE', #1190, #903 ) ;
#3547 = LINE ( 'NONE', #4121, #6773 ) ;
#3548 = FACE_OUTER_BOUND ( 'NONE', #3604, .T. ) ;
#3549 = LINE ( 'NONE', #2962, #167 ) ;
#3550 = ADVANCED_FACE ( 'NONE', ( #466 ), #6965, .T. ) ;
#3551 = EDGE_CURVE ( 'NONE', #6340, #3675, #5247, .T. ) ;
#3552 = ORIENTED_EDGE ( 'NONE', *, *, #3818, .T. ) ;
#3553 = ORIENTED_EDGE ( 'NONE', *, *, #429, .F. ) ;
#3554 = VECTOR ( 'NONE', #4679, 1000.000000000000000 ) ;
#3555 = ORIENTED_EDGE ( 'NONE', *, *, #3583, .F. ) ;
#3556 = LINE ( 'NONE', #582, #2516 ) ;
#3557 = CARTESIAN_POINT ( 'NONE',  ( -4.474999999999999645, 1.030000000000000027, -2.024999999999999911 ) ) ;
#3558 = LINE ( 'NONE', #4094, #6408 ) ;
#3559 = VECTOR ( 'NONE', #4872, 1000.000000000000000 ) ;
#3560 = ORIENTED_EDGE ( 'NONE', *, *, #7563, .T. ) ;
#3561 = LINE ( 'NONE', #4058, #962 ) ;
#3562 = VECTOR ( 'NONE', #5332, 1000.000000000000000 ) ;
#3563 = ORIENTED_EDGE ( 'NONE', *, *, #6184, .T. ) ;
#3564 = CARTESIAN_POINT ( 'NONE',  ( -2.950000000000000178, 3.820000000000000728, -1.224999999999999867 ) ) ;
#3565 = ORIENTED_EDGE ( 'NONE', *, *, #6303, .F. ) ;
#3566 = DIRECTION ( 'NONE',  ( 0.000000000000000000, 0.000000000000000000, 1.000000000000000000 ) ) ;
#3567 = CARTESIAN_POINT ( 'NONE',  ( -7.765000000000000568, 0.000000000000000000, 0.06499999999999994671 ) ) ;
#3568 = VECTOR ( 'NONE', #5877, 1000.000000000000000 ) ;
#3569 = ORIENTED_EDGE ( 'NONE', *, *, #667, .T. ) ;
#3570 = CARTESIAN_POINT ( 'NONE',  ( -1.375000000000001332, 1.903000000000000025, -1.724999999999999867 ) ) ;
#3571 = ORIENTED_EDGE ( 'NONE', *, *, #7456, .F. ) ;
#3572 = LINE ( 'NONE', #1857, #2531 ) ;
#3573 = DIRECTION ( 'NONE',  ( 1.197572355469997778E-16, -1.000000000000000000, 0.000000000000000000 ) ) ;
#3574 = FACE_OUTER_BOUND ( 'NONE', #3980, .T. ) ;
#3575 = CYLINDRICAL_SURFACE ( 'NONE', #4148, 0.2999999999999999334 ) ;
#3576 = VECTOR ( 'NONE', #2401, 1000.000000000000000 ) ;
#3577 = ORIENTED_EDGE ( 'NONE', *, *, #2730, .F. ) ;
#3578 = PLANE ( 'NONE',  #2847 ) ;
#3579 = ORIENTED_EDGE ( 'NONE', *, *, #6274, .F. ) ;
#3580 = ORIENTED_EDGE ( 'NONE', *, *, #2898, .T. ) ;
#3581 = LINE ( 'NONE', #2513, #4517 ) ;
#3582 = DIRECTION ( 'NONE',  ( -1.000000000000000000, -1.204669080539440518E-15, 0.000000000000000000 ) ) ;
#3583 = EDGE_CURVE ( 'NONE', #7284, #2397, #2334, .T. ) ;
#3584 = AXIS2_PLACEMENT_3D ( 'NONE', #7108, #1991, #5972 ) ;
#3585 = CARTESIAN_POINT ( 'NONE',  ( -7.875000000000000000, 0.000000000000000000, 0.000000000000000000 ) ) ;
#3586 = CARTESIAN_POINT ( 'NONE',  ( -4.474999999999999645, 1.855000000000000204, 0.06499999999999994671 ) ) ;
#3587 = VERTEX_POINT ( 'NONE', #1163 ) ;
#3588 = FILL_AREA_STYLE_COLOUR ( '', #844 ) ;
#3589 = ORIENTED_EDGE ( 'NONE', *, *, #485, .F. ) ;
#3590 = VECTOR ( 'NONE', #1419, 1000.000000000000000 ) ;
#3591 = ORIENTED_EDGE ( 'NONE', *, *, #5553, .F. ) ;
#3592 = ORIENTED_EDGE ( 'NONE', *, *, #7363, .T. ) ;
#3593 = CARTESIAN_POINT ( 'NONE',  ( -5.724999999999999645, 0.000000000000000000, -2.824999999999999734 ) ) ;
#3594 = EDGE_CURVE ( 'NONE', #3030, #4699, #3556, .T. ) ;
#3595 = ORIENTED_EDGE ( 'NONE', *, *, #7138, .T. ) ;
#3596 = DIRECTION ( 'NONE',  ( 1.000000000000000000, 0.000000000000000000, 0.000000000000000000 ) ) ;
#3597 = ADVANCED_FACE ( 'NONE', ( #6587 ), #4328, .F. ) ;
#3598 = COLOUR_RGB ( '',0.7960784313725489669, 0.8235294117647058432, 0.9372549019607843146 ) ;
#3599 = CARTESIAN_POINT ( 'NONE',  ( -1.145000000000000240, 0.5300000000000049116, -0.3250000000000000666 ) ) ;
#3600 = ORIENTED_EDGE ( 'NONE', *, *, #4619, .T. ) ;
#3601 = CARTESIAN_POINT ( 'NONE',  ( -7.765000000000000568, 3.400000000000000355, 0.000000000000000000 ) ) ;
#3602 = ORIENTED_EDGE ( 'NONE', *, *, #2362, .F. ) ;
#3603 = CARTESIAN_POINT ( 'NONE',  ( -7.605000000000000426, 1.009999999999999121, 1.949999999999999289 ) ) ;
#3604 = EDGE_LOOP ( 'NONE', ( #6515, #1404, #2121, #6126, #2936, #5353, #2807, #2980, #3600, #6345, #3892, #564, #1130, #5822, #2660, #6500, #6881, #735, #1557, #5965, #424 ) ) ;
#3605 = LINE ( 'NONE', #6022, #7098 ) ;
#3606 = EDGE_LOOP ( 'NONE', ( #788, #2644, #2482, #5806 ) ) ;
#3607 = DIRECTION ( 'NONE',  ( 1.000000000000000000, -0.000000000000000000, -0.000000000000000000 ) ) ;
#3608 = CARTESIAN_POINT ( 'NONE',  ( 0.000000000000000000, 2.084999999999999964, 1.824999999999999956 ) ) ;
#3609 = CARTESIAN_POINT ( 'NONE',  ( -7.605000000000000426, 0.7800000000000000266, 0.000000000000000000 ) ) ;
#3610 = DIRECTION ( 'NONE',  ( -1.000000000000000000, 0.000000000000000000, 0.000000000000000000 ) ) ;
#3611 = VECTOR ( 'NONE', #5171, 1000.000000000000000 ) ;
#3612 = CARTESIAN_POINT ( 'NONE',  ( -8.750000000000000000, 1.855000000000000204, 0.06499999999999994671 ) ) ;
#3613 = EDGE_CURVE ( 'NONE', #4406, #933, #3749, .T. ) ;
#3614 = ADVANCED_FACE ( 'NONE', ( #3000 ), #2485, .T. ) ;
#3615 = ORIENTED_EDGE ( 'NONE', *, *, #5516, .F. ) ;
#3616 = LINE ( 'NONE', #6987, #2099 ) ;
#3617 = ORIENTED_EDGE ( 'NONE', *, *, #4745, .T. ) ;
#3618 = VECTOR ( 'NONE', #881, 1000.000000000000000 ) ;
#3619 = VERTEX_POINT ( 'NONE', #1836 ) ;
#3620 = CARTESIAN_POINT ( 'NONE',  ( -2.310000000000003162, 3.820000000000000728, -1.224999999999999867 ) ) ;
#3621 = CARTESIAN_POINT ( 'NONE',  ( -5.800000000000000711, 2.490000000000001101, -2.024999999999999911 ) ) ;
#3622 = LINE ( 'NONE', #5928, #3576 ) ;
#3623 = CARTESIAN_POINT ( 'NONE',  ( -1.145000000000000240, 1.719999999999999529, 2.024999999999999911 ) ) ;
#3624 = VERTEX_POINT ( 'NONE', #1236 ) ;
#3625 = EDGE_CURVE ( 'NONE', #482, #927, #3629, .T. ) ;
#3626 = ORIENTED_EDGE ( 'NONE', *, *, #2460, .T. ) ;
#3627 = PRODUCT_DEFINITION ( 'UNKNOWN', '', #7583, #4427 ) ;
#3628 = ORIENTED_EDGE ( 'NONE', *, *, #1235, .F. ) ;
#3629 = LINE ( 'NONE', #3593, #653 ) ;
#3630 = ORIENTED_EDGE ( 'NONE', *, *, #4580, .T. ) ;
#3631 = CARTESIAN_POINT ( 'NONE',  ( -1.735000000000000320, 4.120000000000000107, -1.724999999999999867 ) ) ;
#3632 = LINE ( 'NONE', #6936, #1009 ) ;
#3633 = CARTESIAN_POINT ( 'NONE',  ( -5.724999999999999645, 2.084999999999999964, -2.024999999999999911 ) ) ;
#3634 = CARTESIAN_POINT ( 'NONE',  ( -16.62500000000000000, 1.030000000000000027, -1.464999999999999636 ) ) ;
#3635 = EDGE_CURVE ( 'NONE', #2976, #4442, #4858, .T. ) ;
#3636 = EDGE_CURVE ( 'NONE', #6110, #7150, #6010, .T. ) ;
#3637 = ORIENTED_EDGE ( 'NONE', *, *, #3492, .F. ) ;
#3638 = DIRECTION ( 'NONE',  ( 0.000000000000000000, 0.000000000000000000, -1.000000000000000000 ) ) ;
#3639 = ORIENTED_EDGE ( 'NONE', *, *, #3433, .F. ) ;
#3640 = DIRECTION ( 'NONE',  ( 0.000000000000000000, 0.000000000000000000, -1.000000000000000000 ) ) ;
#3641 = VECTOR ( 'NONE', #4788, 1000.000000000000000 ) ;
#3642 = CARTESIAN_POINT ( 'NONE',  ( -7.500000000000000000, 0.000000000000000000, 2.024999999999999911 ) ) ;
#3643 = EDGE_LOOP ( 'NONE', ( #5268, #1594, #3789, #5817 ) ) ;
#3644 = DIRECTION ( 'NONE',  ( -0.000000000000000000, 1.000000000000000000, 0.000000000000000000 ) ) ;
#3645 = PRESENTATION_STYLE_ASSIGNMENT (( #3801 ) ) ;
#3646 = FACE_OUTER_BOUND ( 'NONE', #6851, .T. ) ;
#3647 = PLANE ( 'NONE',  #869 ) ;
#3648 = FACE_OUTER_BOUND ( 'NONE', #4043, .T. ) ;
#3649 = LINE ( 'NONE', #5419, #6498 ) ;
#3650 = SHAPE_DEFINITION_REPRESENTATION ( #2778, #1046 ) ;
#3651 = VECTOR ( 'NONE', #1085, 1000.000000000000000 ) ;
#3652 = DIRECTION ( 'NONE',  ( -0.000000000000000000, -1.000000000000000000, -1.346834996876403062E-16 ) ) ;
#3653 = ORIENTED_EDGE ( 'NONE', *, *, #1434, .T. ) ;
#3654 = CARTESIAN_POINT ( 'NONE',  ( -7.605000000000000426, 2.209999999999998188, -2.496936092690336118 ) ) ;
#3655 = CARTESIAN_POINT ( 'NONE',  ( -0.8750000000000007772, 0.7800000000000000266, 1.324999999999999734 ) ) ;
#3656 = DIRECTION ( 'NONE',  ( 0.000000000000000000, -1.000000000000000000, 0.000000000000000000 ) ) ;
#3657 = AXIS2_PLACEMENT_3D ( 'NONE', #1446, #434, #2737 ) ;
#3658 = VECTOR ( 'NONE', #2594, 1000.000000000000000 ) ;
#3659 = VERTEX_POINT ( 'NONE', #2447 ) ;
#3660 = DIRECTION ( 'NONE',  ( 0.000000000000000000, 1.000000000000000000, -0.000000000000000000 ) ) ;
#3661 = EDGE_CURVE ( 'NONE', #2211, #316, #1915, .T. ) ;
#3662 = CARTESIAN_POINT ( 'NONE',  ( -1.960000000000000853, 0.7799999999999999156, 0.06499999999999994671 ) ) ;
#3663 = UNCERTAINTY_MEASURE_WITH_UNIT (LENGTH_MEASURE( 1.000000000000000082E-05 ), #6186, 'distance_accuracy_value', 'NONE');
#3664 = CARTESIAN_POINT ( 'NONE',  ( -0.8750000000000007772, 0.000000000000000000, 2.024999999999999911 ) ) ;
#3665 = ORIENTED_EDGE ( 'NONE', *, *, #156, .T. ) ;
#3666 = ORIENTED_EDGE ( 'NONE', *, *, #4706, .F. ) ;
#3667 = ORIENTED_EDGE ( 'NONE', *, *, #7353, .T. ) ;
#3668 = LINE ( 'NONE', #4902, #1141 ) ;
#3669 = FACE_OUTER_BOUND ( 'NONE', #3017, .T. ) ;
#3670 = VECTOR ( 'NONE', #2711, 1000.000000000000114 ) ;
#3671 = VECTOR ( 'NONE', #2889, 1000.000000000000000 ) ;
#3672 = DIRECTION ( 'NONE',  ( -0.000000000000000000, 0.000000000000000000, 1.000000000000000000 ) ) ;
#3673 = ADVANCED_FACE ( 'NONE', ( #619 ), #30, .T. ) ;
#3674 = DIRECTION ( 'NONE',  ( -0.000000000000000000, 0.000000000000000000, 1.000000000000000000 ) ) ;
#3675 = VERTEX_POINT ( 'NONE', #3041 ) ;
#3676 = PLANE ( 'NONE',  #469 ) ;
#3677 = ORIENTED_EDGE ( 'NONE', *, *, #3746, .F. ) ;
#3678 = LINE ( 'NONE', #5447, #7191 ) ;
#3679 = VERTEX_POINT ( 'NONE', #5397 ) ;
#3680 = EDGE_CURVE ( 'NONE', #6946, #3343, #3668, .T. ) ;
#3681 = DIRECTION ( 'NONE',  ( -1.000000000000000000, -0.000000000000000000, -0.000000000000000000 ) ) ;
#3682 = EDGE_CURVE ( 'NONE', #6930, #963, #6052, .T. ) ;
#3683 = LINE ( 'NONE', #126, #815 ) ;
#3684 = ORIENTED_EDGE ( 'NONE', *, *, #6906, .T. ) ;
#3685 = CARTESIAN_POINT ( 'NONE',  ( 0.000000000000000000, 2.255000000000000338, 0.06499999999999994671 ) ) ;
#3686 =( NAMED_UNIT ( * ) PLANE_ANGLE_UNIT ( ) SI_UNIT ( $, .RADIAN. ) );
#3687 = CARTESIAN_POINT ( 'NONE',  ( -1.250000000000001110, 0.000000000000000000, 2.024999999999999911 ) ) ;
#3688 = VECTOR ( 'NONE', #2905, 1000.000000000000000 ) ;
#3689 = ADVANCED_FACE ( 'NONE', ( #1877 ), #4286, .T. ) ;
#3690 = DIRECTION ( 'NONE',  ( 1.000000000000000000, 1.197572355469997778E-16, 0.000000000000000000 ) ) ;
#3691 = EDGE_CURVE ( 'NONE', #3831, #3781, #2526, .T. ) ;
#3692 = CARTESIAN_POINT ( 'NONE',  ( -7.605000000000000426, 1.484999999999999432, 1.549999999999999378 ) ) ;
#3693 = DIRECTION ( 'NONE',  ( 1.000000000000000000, 0.000000000000000000, 0.000000000000000000 ) ) ;
#3694 = DIRECTION ( 'NONE',  ( 0.000000000000000000, 0.000000000000000000, 1.000000000000000000 ) ) ;
#3695 = VERTEX_POINT ( 'NONE', #1504 ) ;
#3696 = PLANE ( 'NONE',  #4087 ) ;
#3697 = LINE ( 'NONE', #5533, #5715 ) ;
#3698 = LINE ( 'NONE', #5534, #7618 ) ;
#3699 = ORIENTED_EDGE ( 'NONE', *, *, #2581, .T. ) ;
#3700 = DIRECTION ( 'NONE',  ( -0.5773502691896240657, -0.5773502691896266192, 0.5773502691896266192 ) ) ;
#3701 = LINE ( 'NONE', #6045, #2410 ) ;
#3702 = AXIS2_PLACEMENT_3D ( 'NONE', #3585, #1228, #2442 ) ;
#3703 = DIRECTION ( 'NONE',  ( -0.000000000000000000, 0.7071067811865475727, -0.7071067811865475727 ) ) ;
#3704 = DIRECTION ( 'NONE',  ( -0.000000000000000000, 1.000000000000000000, 0.000000000000000000 ) ) ;
#3705 = ORIENTED_EDGE ( 'NONE', *, *, #3103, .F. ) ;
#3706 = ORIENTED_EDGE ( 'NONE', *, *, #2669, .F. ) ;
#3707 = VERTEX_POINT ( 'NONE', #3200 ) ;
#3708 = CARTESIAN_POINT ( 'NONE',  ( -5.724999999999999645, 1.374015448775230075, 1.040834900053271950 ) ) ;
#3709 = LINE ( 'NONE', #1237, #5722 ) ;
#3710 = LINE ( 'NONE', #6055, #5600 ) ;
#3711 = CYLINDRICAL_SURFACE ( 'NONE', #88, 0.1499999999999999667 ) ;
#3712 = VECTOR ( 'NONE', #205, 1000.000000000000000 ) ;
#3713 = ORIENTED_EDGE ( 'NONE', *, *, #1481, .T. ) ;
#3714 = DIRECTION ( 'NONE',  ( 1.000000000000000000, 0.000000000000000000, -0.000000000000000000 ) ) ;
#3715 = EDGE_CURVE ( 'NONE', #4754, #6049, #5653, .T. ) ;
#3716 = EDGE_CURVE ( 'NONE', #4284, #6020, #6129, .T. ) ;
#3717 = VERTEX_POINT ( 'NONE', #2607 ) ;
#3718 = DIRECTION ( 'NONE',  ( -0.000000000000000000, 0.000000000000000000, -1.000000000000000000 ) ) ;
#3719 = ORIENTED_EDGE ( 'NONE', *, *, #5517, .T. ) ;
#3720 = DIRECTION ( 'NONE',  ( -1.000000000000000000, 0.000000000000000000, 0.000000000000000000 ) ) ;
#3721 = LINE ( 'NONE', #4798, #5890 ) ;
#3722 = LINE ( 'NONE', #3759, #338 ) ;
#3723 = VERTEX_POINT ( 'NONE', #2176 ) ;
#3724 = EDGE_CURVE ( 'NONE', #450, #5446, #4468, .T. ) ;
#3725 = ADVANCED_FACE ( 'NONE', ( #2027 ), #5548, .T. ) ;
#3726 = LINE ( 'NONE', #3134, #2427 ) ;
#3727 = SURFACE_SIDE_STYLE ('',( #832 ) ) ;
#3728 = CARTESIAN_POINT ( 'NONE',  ( -0.9850000000000006528, 3.400000000000000355, 0.06499999999999994671 ) ) ;
#3729 = CARTESIAN_POINT ( 'NONE',  ( -3.025000000000000799, 0.7800000000000004707, 1.824999999999998845 ) ) ;
#3730 = DIRECTION ( 'NONE',  ( 1.000000000000000000, 0.000000000000000000, -0.000000000000000000 ) ) ;
#3731 = SHAPE_DEFINITION_REPRESENTATION ( #3172, #550 ) ;
#3732 = CARTESIAN_POINT ( 'NONE',  ( -8.750000000000000000, 0.000000000000000000, -1.224999999999999867 ) ) ;
#3733 = EDGE_CURVE ( 'NONE', #711, #612, #3858, .T. ) ;
#3734 = ORIENTED_EDGE ( 'NONE', *, *, #2004, .T. ) ;
#3735 = EDGE_CURVE ( 'NONE', #568, #1941, #929, .T. ) ;
#3736 = EDGE_CURVE ( 'NONE', #3930, #5622, #6206, .T. ) ;
#3737 = DIRECTION ( 'NONE',  ( 0.000000000000000000, 0.000000000000000000, 1.000000000000000000 ) ) ;
#3738 = DIRECTION ( 'NONE',  ( 0.000000000000000000, -0.7071067811865460184, -0.7071067811865489050 ) ) ;
#3739 = ORIENTED_EDGE ( 'NONE', *, *, #5516, .T. ) ;
#3740 = LINE ( 'NONE', #7210, #4020 ) ;
#3741 = VECTOR ( 'NONE', #798, 1000.000000000000000 ) ;
#3742 = LINE ( 'NONE', #1308, #3415 ) ;
#3743 = CARTESIAN_POINT ( 'NONE',  ( -1.375000000000000444, 0.1499999999999974964, 2.024999999999999911 ) ) ;
#3744 = DIRECTION ( 'NONE',  ( 0.000000000000000000, 0.000000000000000000, 1.000000000000000000 ) ) ;
#3745 = ORIENTED_EDGE ( 'NONE', *, *, #1995, .T. ) ;
#3746 = EDGE_CURVE ( 'NONE', #3342, #2849, #1430, .T. ) ;
#3747 = ORIENTED_EDGE ( 'NONE', *, *, #2283, .T. ) ;
#3748 = VERTEX_POINT ( 'NONE', #5046 ) ;
#3749 = LINE ( 'NONE', #6552, #6829 ) ;
#3750 = ORIENTED_EDGE ( 'NONE', *, *, #2634, .T. ) ;
#3751 = DIRECTION ( 'NONE',  ( 0.000000000000000000, 0.000000000000000000, -1.000000000000000000 ) ) ;
#3752 = LINE ( 'NONE', #3633, #4937 ) ;
#3753 = CARTESIAN_POINT ( 'NONE',  ( -4.475000000000000533, 0.7800000000000003597, 1.824999999999999289 ) ) ;
#3754 = VERTEX_POINT ( 'NONE', #2645 ) ;
#3755 = CARTESIAN_POINT ( 'NONE',  ( -8.750000000000000000, 3.965000000000001634, 0.06499999999999994671 ) ) ;
#3756 = ORIENTED_EDGE ( 'NONE', *, *, #6315, .F. ) ;
#3757 = CARTESIAN_POINT ( 'NONE',  ( -3.225000000000000533, 0.000000000000000000, 2.024999999999999911 ) ) ;
#3758 = LINE ( 'NONE', #3176, #318 ) ;
#3759 = CARTESIAN_POINT ( 'NONE',  ( -4.474999999999999645, 0.000000000000000000, -2.024999999999999911 ) ) ;
#3760 = EDGE_LOOP ( 'NONE', ( #5565, #973, #850, #1196 ) ) ;
#3761 = CYLINDRICAL_SURFACE ( 'NONE', #4542, 0.08500000000000000611 ) ;
#3762 = SURFACE_STYLE_USAGE ( .BOTH. , #3727 ) ;
#3763 = VECTOR ( 'NONE', #3804, 1000.000000000000000 ) ;
#3764 = CARTESIAN_POINT ( 'NONE',  ( -7.875000000000000000, 3.500000000000000444, 0.09499999999999966804 ) ) ;
#3765 = DIRECTION ( 'NONE',  ( 0.000000000000000000, 0.000000000000000000, -1.000000000000000000 ) ) ;
#3766 = PLANE ( 'NONE',  #6960 ) ;
#3767 = AXIS2_PLACEMENT_3D ( 'NONE', #6074, #3107, #4420 ) ;
#3768 = CARTESIAN_POINT ( 'NONE',  ( -7.875000000000000000, 2.259999999999999343, 2.024999999999999911 ) ) ;
#3769 = CARTESIAN_POINT ( 'NONE',  ( -7.875000000000000000, 2.209999999999999520, 1.975000000000001865 ) ) ;
#3770 = LINE ( 'NONE', #4847, #6765 ) ;
#3771 = VERTEX_POINT ( 'NONE', #229 ) ;
#3772 = DIRECTION ( 'NONE',  ( -1.000000000000000000, -0.000000000000000000, -0.000000000000000000 ) ) ;
#3773 = VECTOR ( 'NONE', #7373, 1000.000000000000000 ) ;
#3774 = ADVANCED_FACE ( 'NONE', ( #6167 ), #818, .T. ) ;
#3775 = DIRECTION ( 'NONE',  ( 0.000000000000000000, 0.000000000000000000, 1.000000000000000000 ) ) ;
#3776 = EDGE_CURVE ( 'NONE', #604, #3930, #4433, .T. ) ;
#3777 = CYLINDRICAL_SURFACE ( 'NONE', #2951, 0.08500000000000000611 ) ;
#3778 = VERTEX_POINT ( 'NONE', #2718 ) ;
#3779 = VECTOR ( 'NONE', #7023, 1000.000000000000000 ) ;
#3780 = ORIENTED_EDGE ( 'NONE', *, *, #2821, .T. ) ;
#3781 = VERTEX_POINT ( 'NONE', #6243 ) ;
#3782 = CARTESIAN_POINT ( 'NONE',  ( -5.525000000000000355, 2.085000000000000409, 0.06499999999999994671 ) ) ;
#3783 = LINE ( 'NONE', #1838, #1394 ) ;
#3784 = ADVANCED_FACE ( 'NONE', ( #3311 ), #5115, .F. ) ;
#3785 = EDGE_CURVE ( 'NONE', #1701, #2416, #5082, .T. ) ;
#3786 = CIRCLE ( 'NONE', #2908, 0.07500000000000084377 ) ;
#3787 = VECTOR ( 'NONE', #3340, 1000.000000000000000 ) ;
#3788 = EDGE_CURVE ( 'NONE', #4152, #1587, #3238, .T. ) ;
#3789 = ORIENTED_EDGE ( 'NONE', *, *, #1144, .F. ) ;
#3790 = PLANE ( 'NONE',  #3089 ) ;
#3791 = VECTOR ( 'NONE', #3949, 1000.000000000000000 ) ;
#3792 = VERTEX_POINT ( 'NONE', #3821 ) ;
#3793 = VECTOR ( 'NONE', #2135, 1000.000000000000000 ) ;
#3794 = ORIENTED_EDGE ( 'NONE', *, *, #7050, .T. ) ;
#3795 = CARTESIAN_POINT ( 'NONE',  ( -2.499999999999999556, 2.255000000000000338, 2.024999999999999911 ) ) ;
#3796 = DIRECTION ( 'NONE',  ( -0.7071067811865474617, 0.000000000000000000, -0.7071067811865474617 ) ) ;
#3797 = LINE ( 'NONE', #1402, #3832 ) ;
#3798 = VERTEX_POINT ( 'NONE', #6774 ) ;
#3799 = PLANE ( 'NONE',  #3075 ) ;
#3800 = MECHANICAL_DESIGN_GEOMETRIC_PRESENTATION_REPRESENTATION (  '', ( #6495 ), #4781 ) ;
#3801 = SURFACE_STYLE_USAGE ( .BOTH. , #1407 ) ;
#3802 = AXIS2_PLACEMENT_3D ( 'NONE', #7355, #4416, #4530 ) ;
#3803 = DIRECTION ( 'NONE',  ( 0.000000000000000000, 1.000000000000000000, -9.239047059953170954E-17 ) ) ;
#3804 = DIRECTION ( 'NONE',  ( 0.000000000000000000, 1.000000000000000000, 0.000000000000000000 ) ) ;
#3805 = LINE ( 'NONE', #6610, #6380 ) ;
#3806 = DIRECTION ( 'NONE',  ( 0.000000000000000000, 0.000000000000000000, 1.000000000000000000 ) ) ;
#3807 = ORIENTED_EDGE ( 'NONE', *, *, #5833, .T. ) ;
#3808 = CARTESIAN_POINT ( 'NONE',  ( -7.605000000000000426, 1.719999999999999529, 2.024999999999999911 ) ) ;
#3809 = PLANE ( 'NONE',  #4994 ) ;
#3810 = AXIS2_PLACEMENT_3D ( 'NONE', #3918, #6263, #1492 ) ;
#3811 = FACE_OUTER_BOUND ( 'NONE', #6324, .T. ) ;
#3812 = ORIENTED_EDGE ( 'NONE', *, *, #198, .T. ) ;
#3813 = PLANE ( 'NONE',  #5093 ) ;
#3814 = DIRECTION ( 'NONE',  ( -1.000000000000000000, 0.000000000000000000, -0.000000000000000000 ) ) ;
#3815 = LINE ( 'NONE', #6080, #4676 ) ;
#3816 =( NAMED_UNIT ( * ) SI_UNIT ( $, .STERADIAN. ) SOLID_ANGLE_UNIT ( ) );
#3817 = VERTEX_POINT ( 'NONE', #3345 ) ;
#3818 = EDGE_CURVE ( 'NONE', #2263, #1536, #5585, .T. ) ;
#3819 = VERTEX_POINT ( 'NONE', #5682 ) ;
#3820 = EDGE_CURVE ( 'NONE', #3717, #6060, #7337, .T. ) ;
#3821 = CARTESIAN_POINT ( 'NONE',  ( -0.8750000000000007772, 1.030000000000000027, -1.464999999999999636 ) ) ;
#3822 = AXIS2_PLACEMENT_3D ( 'NONE', #5391, #5312, #1195 ) ;
#3823 = PLANE ( 'NONE',  #670 ) ;
#3824 = LINE ( 'NONE', #344, #3834 ) ;
#3825 = DIRECTION ( 'NONE',  ( 0.000000000000000000, -0.000000000000000000, -1.000000000000000000 ) ) ;
#3826 = AXIS2_PLACEMENT_3D ( 'NONE', #6970, #1047, #2855 ) ;
#3827 = EDGE_CURVE ( 'NONE', #3831, #1483, #3545, .T. ) ;
#3828 = ADVANCED_FACE ( 'NONE', ( #1073 ), #4585, .T. ) ;
#3829 = EDGE_CURVE ( 'NONE', #7509, #5658, #1663, .T. ) ;
#3830 = VERTEX_POINT ( 'NONE', #2880 ) ;
#3831 = VERTEX_POINT ( 'NONE', #5270 ) ;
#3832 = VECTOR ( 'NONE', #6712, 1000.000000000000000 ) ;
#3833 = DIRECTION ( 'NONE',  ( -0.000000000000000000, 0.000000000000000000, -1.000000000000000000 ) ) ;
#3834 = VECTOR ( 'NONE', #4439, 1000.000000000000000 ) ;
#3835 = FACE_OUTER_BOUND ( 'NONE', #6886, .T. ) ;
#3836 = CARTESIAN_POINT ( 'NONE',  ( -7.375000000000000888, -0.9375000000000012212, 0.9375000000000056621 ) ) ;
#3837 = ORIENTED_EDGE ( 'NONE', *, *, #6344, .T. ) ;
#3838 = VECTOR ( 'NONE', #4582, 1000.000000000000000 ) ;
#3839 = ORIENTED_EDGE ( 'NONE', *, *, #2340, .F. ) ;
#3840 = PRESENTATION_STYLE_ASSIGNMENT (( #7460 ) ) ;
#3841 = CARTESIAN_POINT ( 'NONE',  ( -7.500000000000000000, 3.965000000000001634, 0.06499999999999994671 ) ) ;
#3842 = LINE ( 'NONE', #908, #931 ) ;
#3843 = VECTOR ( 'NONE', #2597, 1000.000000000000000 ) ;
#3844 = CARTESIAN_POINT ( 'NONE',  ( -0.6716666666666537555, 1.506666666666640175, 1.271666666666666501 ) ) ;
#3845 = ORIENTED_EDGE ( 'NONE', *, *, #102, .F. ) ;
#3846 = CARTESIAN_POINT ( 'NONE',  ( -1.960000000000000853, 0.000000000000000000, 1.824999999999999289 ) ) ;
#3847 = CARTESIAN_POINT ( 'NONE',  ( -5.312499999999999112, 2.255000000000000338, 0.06499999999999994671 ) ) ;
#3848 = LINE ( 'NONE', #6266, #5175 ) ;
#3849 = ORIENTED_EDGE ( 'NONE', *, *, #3208, .T. ) ;
#3850 = CARTESIAN_POINT ( 'NONE',  ( 0.000000000000000000, 1.759999999999999121, 1.274999999999999911 ) ) ;
#3851 = LINE ( 'NONE', #5038, #545 ) ;
#3852 = FILL_AREA_STYLE ('',( #1383 ) ) ;
#3853 = LINE ( 'NONE', #812, #7609 ) ;
#3854 = ORIENTED_EDGE ( 'NONE', *, *, #2297, .T. ) ;
#3855 = CARTESIAN_POINT ( 'NONE',  ( -1.424999999999999156, 0.000000000000000000, 2.024999999999999911 ) ) ;
#3856 = VERTEX_POINT ( 'NONE', #4045 ) ;
#3857 = VERTEX_POINT ( 'NONE', #4081 ) ;
#3858 = LINE ( 'NONE', #376, #1017 ) ;
#3859 = AXIS2_PLACEMENT_3D ( 'NONE', #1372, #1294, #6029 ) ;
#3860 = DIRECTION ( 'NONE',  ( 0.000000000000000000, 0.000000000000000000, 1.000000000000000000 ) ) ;
#3861 = CARTESIAN_POINT ( 'NONE',  ( -7.375000000000000888, 1.474999999999999423, 1.949999999999999067 ) ) ;
#3862 = EDGE_CURVE ( 'NONE', #6517, #7045, #1589, .T. ) ;
#3863 = ORIENTED_EDGE ( 'NONE', *, *, #7050, .F. ) ;
#3864 = ORIENTED_EDGE ( 'NONE', *, *, #524, .T. ) ;
#3865 = AXIS2_PLACEMENT_3D ( 'NONE', #3495, #3990, #487 ) ;
#3866 = CARTESIAN_POINT ( 'NONE',  ( -0.000000000000000000, 0.5500000000000010436, 0.06499999999999994671 ) ) ;
#3867 = EDGE_CURVE ( 'NONE', #1483, #2938, #2399, .T. ) ;
#3868 = CARTESIAN_POINT ( 'NONE',  ( -1.735000000000000320, 4.250000000000000000, -2.024999999999999467 ) ) ;
#3869 = EDGE_CURVE ( 'NONE', #4152, #2758, #6310, .T. ) ;
#3870 = EDGE_CURVE ( 'NONE', #4483, #3105, #3998, .T. ) ;
#3871 = ORIENTED_EDGE ( 'NONE', *, *, #364, .F. ) ;
#3872 = CARTESIAN_POINT ( 'NONE',  ( 0.000000000000000000, 2.255000000000000338, 0.06499999999999994671 ) ) ;
#3873 = CARTESIAN_POINT ( 'NONE',  ( 0.000000000000000000, 0.5500000000000000444, 1.824999999999999956 ) ) ;
#3874 = LINE ( 'NONE', #5142, #1549 ) ;
#3875 = EDGE_CURVE ( 'NONE', #6110, #7392, #7484, .T. ) ;
#3876 = EDGE_CURVE ( 'NONE', #3748, #2131, #6920, .T. ) ;
#3877 = DIRECTION ( 'NONE',  ( 0.000000000000000000, 0.000000000000000000, -1.000000000000000000 ) ) ;
#3878 = ORIENTED_EDGE ( 'NONE', *, *, #5894, .T. ) ;
#3879 = VECTOR ( 'NONE', #248, 1000.000000000000000 ) ;
#3880 = LINE ( 'NONE', #6831, #5406 ) ;
#3881 = DIRECTION ( 'NONE',  ( 0.000000000000000000, 1.000000000000000000, 0.000000000000000000 ) ) ;
#3882 = CARTESIAN_POINT ( 'NONE',  ( -1.375000000000001332, 0.000000000000000000, 0.000000000000000000 ) ) ;
#3883 = VERTEX_POINT ( 'NONE', #6883 ) ;
#3884 = CARTESIAN_POINT ( 'NONE',  ( -7.015000000000000568, 1.903000000000000025, -1.724999999999999867 ) ) ;
#3885 = DIRECTION ( 'NONE',  ( 0.000000000000000000, -1.000000000000000000, 0.000000000000000000 ) ) ;
#3886 = CARTESIAN_POINT ( 'NONE',  ( -8.750000000000000000, 1.855000000000000204, 0.06499999999999994671 ) ) ;
#3887 = VERTEX_POINT ( 'NONE', #5309 ) ;
#3888 = ORIENTED_EDGE ( 'NONE', *, *, #1332, .T. ) ;
#3889 = PLANE ( 'NONE',  #1210 ) ;
#3890 = ORIENTED_EDGE ( 'NONE', *, *, #5801, .F. ) ;
#3891 = COLOUR_RGB ( '',1.000000000000000000, 1.000000000000000000, 1.000000000000000000 ) ;
#3892 = ORIENTED_EDGE ( 'NONE', *, *, #3295, .F. ) ;
#3893 = CARTESIAN_POINT ( 'NONE',  ( -4.062500000000003553, 8.809142651444728259E-15, 0.06499999999999994671 ) ) ;
#3894 = VECTOR ( 'NONE', #542, 1000.000000000000114 ) ;
#3895 = CARTESIAN_POINT ( 'NONE',  ( -5.525000000000000355, 1.374015448775230075, 1.040834900053271950 ) ) ;
#3896 = DIRECTION ( 'NONE',  ( -1.000000000000000000, -0.000000000000000000, -0.000000000000000000 ) ) ;
#3897 = STYLED_ITEM ( 'NONE', ( #3840 ), #5821 ) ;
#3898 = VECTOR ( 'NONE', #6618, 1000.000000000000000 ) ;
#3899 = ORIENTED_EDGE ( 'NONE', *, *, #2012, .F. ) ;
#3900 = ORIENTED_EDGE ( 'NONE', *, *, #5963, .F. ) ;
#3901 = VERTEX_POINT ( 'NONE', #5809 ) ;
#3902 = AXIS2_PLACEMENT_3D ( 'NONE', #6958, #3470, #1155 ) ;
#3903 = AXIS2_PLACEMENT_3D ( 'NONE', #2277, #1109, #636 ) ;
#3904 = CIRCLE ( 'NONE', #2045, 0.07500000000000019151 ) ;
#3905 = CARTESIAN_POINT ( 'NONE',  ( 7.875000000000000000, 0.3399999999999997469, 0.000000000000000000 ) ) ;
#3906 = CARTESIAN_POINT ( 'NONE',  ( 0.000000000000000000, 3.965000000000001634, 0.000000000000000000 ) ) ;
#3907 = AXIS2_PLACEMENT_3D ( 'NONE', #2058, #406, #4426 ) ;
#3908 = VECTOR ( 'NONE', #1780, 1000.000000000000000 ) ;
#3909 = ORIENTED_EDGE ( 'NONE', *, *, #6855, .F. ) ;
#3910 = DIRECTION ( 'NONE',  ( 0.000000000000000000, -1.000000000000000000, 0.000000000000000000 ) ) ;
#3911 = EDGE_CURVE ( 'NONE', #1992, #817, #1623, .T. ) ;
#3912 = FACE_OUTER_BOUND ( 'NONE', #370, .T. ) ;
#3913 = CARTESIAN_POINT ( 'NONE',  ( -5.724999999999999645, 0.2999999999999999889, -2.824999999999999734 ) ) ;
#3914 = LINE ( 'NONE', #5569, #5755 ) ;
#3915 = LINE ( 'NONE', #2825, #5134 ) ;
#3916 = ORIENTED_EDGE ( 'NONE', *, *, #269, .F. ) ;
#3917 = CIRCLE ( 'NONE', #2300, 0.08500000000000000611 ) ;
#3918 = CARTESIAN_POINT ( 'NONE',  ( -5.724999999999999645, 0.000000000000000000, 0.000000000000000000 ) ) ;
#3919 = FACE_OUTER_BOUND ( 'NONE', #5076, .T. ) ;
#3920 = DIRECTION ( 'NONE',  ( 0.000000000000000000, -0.000000000000000000, -1.000000000000000000 ) ) ;
#3921 = ADVANCED_FACE ( 'NONE', ( #1114 ), #7600, .F. ) ;
#3922 = EDGE_CURVE ( 'NONE', #6694, #5253, #3427, .T. ) ;
#3923 = VERTEX_POINT ( 'NONE', #2843 ) ;
#3924 = DIRECTION ( 'NONE',  ( 0.000000000000000000, 1.000000000000000000, 0.000000000000000000 ) ) ;
#3925 = DIRECTION ( 'NONE',  ( -0.000000000000000000, -0.000000000000000000, 1.000000000000000000 ) ) ;
#3926 = CARTESIAN_POINT ( 'NONE',  ( -5.525000000000000355, 1.030000000000000027, -2.024999999999999911 ) ) ;
#3927 = ORIENTED_EDGE ( 'NONE', *, *, #7586, .T. ) ;
#3928 = EDGE_LOOP ( 'NONE', ( #1953, #2713, #632, #7244 ) ) ;
#3929 = ORIENTED_EDGE ( 'NONE', *, *, #1472, .F. ) ;
#3930 = VERTEX_POINT ( 'NONE', #5196 ) ;
#3931 = DIRECTION ( 'NONE',  ( -0.000000000000000000, 0.7071067811865352493, 0.7071067811865597852 ) ) ;
#3932 = DIRECTION ( 'NONE',  ( 1.000000000000000000, 0.000000000000000000, 0.000000000000000000 ) ) ;
#3933 = DIRECTION ( 'NONE',  ( 1.000000000000000000, 0.000000000000000000, 0.000000000000000000 ) ) ;
#3934 = VECTOR ( 'NONE', #6100, 1000.000000000000000 ) ;
#3935 = ORIENTED_EDGE ( 'NONE', *, *, #1213, .F. ) ;
#3936 = DIRECTION ( 'NONE',  ( -0.000000000000000000, -0.000000000000000000, 1.000000000000000000 ) ) ;
#3937 = EDGE_LOOP ( 'NONE', ( #2963, #3719, #3078, #6017 ) ) ;
#3938 = VERTEX_POINT ( 'NONE', #7521 ) ;
#3939 = DIRECTION ( 'NONE',  ( -0.7071067811865495711, 0.7071067811865454633, 0.000000000000000000 ) ) ;
#3940 = DIRECTION ( 'NONE',  ( 1.000000000000000000, 0.000000000000000000, -0.000000000000000000 ) ) ;
#3941 = EDGE_CURVE ( 'NONE', #6077, #3344, #6952, .T. ) ;
#3942 = EDGE_CURVE ( 'NONE', #2444, #4784, #4692, .T. ) ;
#3943 = ORIENTED_EDGE ( 'NONE', *, *, #268, .T. ) ;
#3944 = SURFACE_SIDE_STYLE ('',( #978 ) ) ;
#3945 = LINE ( 'NONE', #3982, #5329 ) ;
#3946 = ORIENTED_EDGE ( 'NONE', *, *, #3147, .T. ) ;
#3947 = LINE ( 'NONE', #622, #4251 ) ;
#3948 = CARTESIAN_POINT ( 'NONE',  ( -8.750000000000000000, 2.255000000000000338, 2.024999999999999911 ) ) ;
#3949 = DIRECTION ( 'NONE',  ( 0.000000000000000000, -1.000000000000000000, 0.000000000000000000 ) ) ;
#3950 = AXIS2_PLACEMENT_3D ( 'NONE', #2619, #6063, #5486 ) ;
#3951 = EDGE_CURVE ( 'NONE', #3778, #3624, #2282, .T. ) ;
#3952 = ORIENTED_EDGE ( 'NONE', *, *, #6733, .T. ) ;
#3953 = FACE_OUTER_BOUND ( 'NONE', #326, .T. ) ;
#3954 = DIRECTION ( 'NONE',  ( 0.000000000000000000, -0.000000000000000000, -1.000000000000000000 ) ) ;
#3955 = CARTESIAN_POINT ( 'NONE',  ( -8.750000000000000000, 2.085000000000000409, -2.024999999999999911 ) ) ;
#3956 = DIRECTION ( 'NONE',  ( 1.000000000000000000, 0.000000000000000000, 0.000000000000000000 ) ) ;
#3957 = CARTESIAN_POINT ( 'NONE',  ( -9.341064372665991643E-17, 0.7800000000000006928, 0.06499999999999994671 ) ) ;
#3958 = EDGE_CURVE ( 'NONE', #3771, #1503, #3904, .T. ) ;
#3959 = EDGE_CURVE ( 'NONE', #4132, #5482, #6468, .T. ) ;
#3960 = EDGE_CURVE ( 'NONE', #1701, #3080, #7135, .T. ) ;
#3961 = ORIENTED_EDGE ( 'NONE', *, *, #1322, .T. ) ;
#3962 = ORIENTED_EDGE ( 'NONE', *, *, #4620, .T. ) ;
#3963 = SURFACE_STYLE_FILL_AREA ( #7403 ) ;
#3964 = VERTEX_POINT ( 'NONE', #7058 ) ;
#3965 = ORIENTED_EDGE ( 'NONE', *, *, #2341, .F. ) ;
#3966 = DIRECTION ( 'NONE',  ( 1.000000000000000000, 0.000000000000000000, 0.000000000000000000 ) ) ;
#3967 = CARTESIAN_POINT ( 'NONE',  ( -7.605000000000000426, 0.000000000000000000, 2.024999999999999911 ) ) ;
#3968 = CARTESIAN_POINT ( 'NONE',  ( -5.525000000000000355, 0.7800000000000001377, 0.06499999999999994671 ) ) ;
#3969 = ADVANCED_FACE ( 'NONE', ( #688 ), #6617, .F. ) ;
#3970 = ORIENTED_EDGE ( 'NONE', *, *, #4102, .T. ) ;
#3971 = ORIENTED_EDGE ( 'NONE', *, *, #6220, .T. ) ;
#3972 = CARTESIAN_POINT ( 'NONE',  ( -5.724999999999999645, 1.302867965644034065, 1.302867965644036063 ) ) ;
#3973 = EDGE_LOOP ( 'NONE', ( #5359, #5546, #7567, #3119, #867 ) ) ;
#3974 = DIRECTION ( 'NONE',  ( 0.000000000000000000, 0.000000000000000000, -1.000000000000000000 ) ) ;
#3975 = ORIENTED_EDGE ( 'NONE', *, *, #4537, .F. ) ;
#3976 = DIRECTION ( 'NONE',  ( 0.000000000000000000, 0.000000000000000000, -1.000000000000000000 ) ) ;
#3977 = VECTOR ( 'NONE', #898, 1000.000000000000000 ) ;
#3978 = CARTESIAN_POINT ( 'NONE',  ( -1.145000000000000240, 0.7800000000000000266, -0.2750000000000000777 ) ) ;
#3979 = VERTEX_POINT ( 'NONE', #6659 ) ;
#3980 = EDGE_LOOP ( 'NONE', ( #1542, #2309, #2377, #2233 ) ) ;
#3981 = LINE ( 'NONE', #3323, #5729 ) ;
#3982 = CARTESIAN_POINT ( 'NONE',  ( -4.275000000000000355, 1.030000000000000027, -2.024999999999999911 ) ) ;
#3983 = ORIENTED_EDGE ( 'NONE', *, *, #7317, .T. ) ;
#3984 = LINE ( 'NONE', #5098, #6940 ) ;
#3985 = LINE ( 'NONE', #1808, #4658 ) ;
#3986 = DIRECTION ( 'NONE',  ( 0.5773502691896257311, -0.5773502691896358341, -0.5773502691896157391 ) ) ;
#3987 = EDGE_LOOP ( 'NONE', ( #5172, #2952, #5044, #7238 ) ) ;
#3988 = DIRECTION ( 'NONE',  ( 0.000000000000000000, -0.7071067811865460184, -0.7071067811865489050 ) ) ;
#3989 = CARTESIAN_POINT ( 'NONE',  ( -1.375000000000000444, 0.000000000000000000, 2.024999999999999911 ) ) ;
#3990 = DIRECTION ( 'NONE',  ( 0.000000000000000000, -0.7071067811865352493, 0.7071067811865597852 ) ) ;
#3991 = PLANE ( 'NONE',  #3907 ) ;
#3992 = CARTESIAN_POINT ( 'NONE',  ( -5.724999999999999645, 0.01500000000000050078, -0.01500000000000050078 ) ) ;
#3993 = ORIENTED_EDGE ( 'NONE', *, *, #3450, .T. ) ;
#3994 = VERTEX_POINT ( 'NONE', #870 ) ;
#3995 = CARTESIAN_POINT ( 'NONE',  ( -4.687500000000000000, 0.000000000000000000, 0.06499999999999994671 ) ) ;
#3996 = EDGE_LOOP ( 'NONE', ( #1110, #72, #1762, #7306, #1809, #935, #3839, #3236, #7627, #1908, #2934 ) ) ;
#3997 = VERTEX_POINT ( 'NONE', #609 ) ;
#3998 = LINE ( 'NONE', #4615, #2910 ) ;
#3999 = EDGE_CURVE ( 'NONE', #6290, #379, #1903, .T. ) ;
#4000 = PLANE ( 'NONE',  #7074 ) ;
#4001 = VECTOR ( 'NONE', #4347, 1000.000000000000000 ) ;
#4002 = DIRECTION ( 'NONE',  ( 0.000000000000000000, -1.000000000000000000, 0.000000000000000000 ) ) ;
#4003 = CARTESIAN_POINT ( 'NONE',  ( -7.605000000000000426, 2.209999999999999520, -0.2750000000000000777 ) ) ;
#4004 = ORIENTED_EDGE ( 'NONE', *, *, #7258, .T. ) ;
#4005 = DIRECTION ( 'NONE',  ( 0.000000000000000000, -0.000000000000000000, -1.000000000000000000 ) ) ;
#4006 = ORIENTED_EDGE ( 'NONE', *, *, #2193, .T. ) ;
#4007 = VECTOR ( 'NONE', #5575, 1000.000000000000000 ) ;
#4008 = FACE_OUTER_BOUND ( 'NONE', #6541, .T. ) ;
#4009 = ORIENTED_EDGE ( 'NONE', *, *, #1087, .F. ) ;
#4010 = CARTESIAN_POINT ( 'NONE',  ( -7.765000000000000568, 0.000000000000000000, 2.024999999999999911 ) ) ;
#4011 = EDGE_CURVE ( 'NONE', #6290, #7545, #3581, .T. ) ;
#4012 = EDGE_CURVE ( 'NONE', #4699, #4243, #2991, .T. ) ;
#4013 = ORIENTED_EDGE ( 'NONE', *, *, #1004, .F. ) ;
#4014 = DIRECTION ( 'NONE',  ( 0.000000000000000000, -1.000000000000000000, 9.239047059953170954E-17 ) ) ;
#4015 = EDGE_CURVE ( 'NONE', #2131, #1240, #643, .T. ) ;
#4016 = DIRECTION ( 'NONE',  ( -1.000000000000000000, 0.000000000000000000, 0.000000000000000000 ) ) ;
#4017 = VECTOR ( 'NONE', #5026, 1000.000000000000000 ) ;
#4018 = VECTOR ( 'NONE', #2134, 1000.000000000000000 ) ;
#4019 = VECTOR ( 'NONE', #5362, 1000.000000000000000 ) ;
#4020 = VECTOR ( 'NONE', #6078, 1000.000000000000000 ) ;
#4021 = ORIENTED_EDGE ( 'NONE', *, *, #6208, .T. ) ;
#4022 = DIRECTION ( 'NONE',  ( -1.000000000000000000, -0.000000000000000000, -0.000000000000000000 ) ) ;
#4023 = CARTESIAN_POINT ( 'NONE',  ( -5.525000000000000355, 0.5500000000000000444, 0.06499999999999998834 ) ) ;
#4024 = CARTESIAN_POINT ( 'NONE',  ( -7.375000000000000888, 1.719999999999999529, 1.949999999999998623 ) ) ;
#4025 = DIRECTION ( 'NONE',  ( 0.000000000000000000, -0.000000000000000000, 1.000000000000000000 ) ) ;
#4026 = VECTOR ( 'NONE', #4073, 1000.000000000000000 ) ;
#4027 = AXIS2_PLACEMENT_3D ( 'NONE', #5302, #5805, #4808 ) ;
#4028 = CARTESIAN_POINT ( 'NONE',  ( -5.525000000000000355, 0.000000000000000000, -1.584999999999999964 ) ) ;
#4029 = VERTEX_POINT ( 'NONE', #2360 ) ;
#4030 = DIRECTION ( 'NONE',  ( -0.000000000000000000, -0.000000000000000000, -1.000000000000000000 ) ) ;
#4031 = PLANE ( 'NONE',  #5114 ) ;
#4032 = VECTOR ( 'NONE', #3925, 1000.000000000000000 ) ;
#4033 = AXIS2_PLACEMENT_3D ( 'NONE', #1917, #1990, #4288 ) ;
#4034 = DIRECTION ( 'NONE',  ( -1.000000000000000000, 0.000000000000000000, 0.000000000000000000 ) ) ;
#4035 = LINE ( 'NONE', #7549, #4409 ) ;
#4036 =( NAMED_UNIT ( * ) SI_UNIT ( $, .STERADIAN. ) SOLID_ANGLE_UNIT ( ) );
#4037 = CARTESIAN_POINT ( 'NONE',  ( -16.02500000000000213, 0.000000000000000000, -0.2750000000000000777 ) ) ;
#4038 = VERTEX_POINT ( 'NONE', #4236 ) ;
#4039 = EDGE_CURVE ( 'NONE', #1158, #6024, #6576, .T. ) ;
#4040 = VERTEX_POINT ( 'NONE', #4159 ) ;
#4041 = CARTESIAN_POINT ( 'NONE',  ( -7.375000000000000000, 3.965000000000001634, 0.000000000000000000 ) ) ;
#4042 = VERTEX_POINT ( 'NONE', #3252 ) ;
#4043 = EDGE_LOOP ( 'NONE', ( #7531, #5170, #7631, #5361 ) ) ;
#4044 = AXIS2_PLACEMENT_3D ( 'NONE', #1066, #2949, #7477 ) ;
#4045 = CARTESIAN_POINT ( 'NONE',  ( -0.8750000000000007772, 4.250000000000000000, 2.024999999999999911 ) ) ;
#4046 = DIRECTION ( 'NONE',  ( 0.000000000000000000, -1.000000000000000000, -0.000000000000000000 ) ) ;
#4047 = AXIS2_PLACEMENT_3D ( 'NONE', #7159, #6686, #1896 ) ;
#4048 = CARTESIAN_POINT ( 'NONE',  ( -7.605000000000000426, 0.7800000000000000266, 1.324999999999999734 ) ) ;
#4049 = ORIENTED_EDGE ( 'NONE', *, *, #6606, .T. ) ;
#4050 = ORIENTED_EDGE ( 'NONE', *, *, #5141, .T. ) ;
#4051 = CIRCLE ( 'NONE', #6140, 0.08500000000000000611 ) ;
#4052 = ADVANCED_FACE ( 'NONE', ( #1263 ), #5599, .F. ) ;
#4053 = CARTESIAN_POINT ( 'NONE',  ( -5.724999999999999645, 0.000000000000000000, 1.824999999999999956 ) ) ;
#4054 = ORIENTED_EDGE ( 'NONE', *, *, #3016, .T. ) ;
#4055 = CARTESIAN_POINT ( 'NONE',  ( -5.724999999999999645, 0.9300000000000000488, 1.378567737020261808 ) ) ;
#4056 = LINE ( 'NONE', #5207, #4405 ) ;
#4057 = DIRECTION ( 'NONE',  ( 0.000000000000000000, 0.000000000000000000, 1.000000000000000000 ) ) ;
#4058 = CARTESIAN_POINT ( 'NONE',  ( -1.250000000000001110, 3.325000000000000178, 0.06499999999999994671 ) ) ;
#4059 = EDGE_CURVE ( 'NONE', #4510, #2752, #7097, .T. ) ;
#4060 = EDGE_CURVE ( 'NONE', #4733, #2405, #6504, .T. ) ;
#4061 = EDGE_CURVE ( 'NONE', #3997, #2742, #5342, .T. ) ;
#4062 = ORIENTED_EDGE ( 'NONE', *, *, #3059, .T. ) ;
#4063 = CARTESIAN_POINT ( 'NONE',  ( -1.375000000000001332, 3.500000000000000444, -1.334999999999999742 ) ) ;
#4064 = EDGE_LOOP ( 'NONE', ( #7036, #3421, #4282, #6972 ) ) ;
#4065 = AXIS2_PLACEMENT_3D ( 'NONE', #2022, #3703, #5004 ) ;
#4066 = CARTESIAN_POINT ( 'NONE',  ( -7.375000000000000000, 1.903000000000000025, 0.000000000000000000 ) ) ;
#4067 = CARTESIAN_POINT ( 'NONE',  ( -0.8750000000000007772, 2.727340868674716046E-16, -2.024999999999999911 ) ) ;
#4068 = LINE ( 'NONE', #6417, #5147 ) ;
#4069 = ORIENTED_EDGE ( 'NONE', *, *, #1922, .T. ) ;
#4070 = CARTESIAN_POINT ( 'NONE',  ( -1.375000000000000444, 1.559999999999999609, 1.949999999999999512 ) ) ;
#4071 = VECTOR ( 'NONE', #1753, 1000.000000000000000 ) ;
#4072 = ORIENTED_EDGE ( 'NONE', *, *, #6745, .F. ) ;
#4073 = DIRECTION ( 'NONE',  ( 0.000000000000000000, 0.000000000000000000, 1.000000000000000000 ) ) ;
#4074 = FACE_OUTER_BOUND ( 'NONE', #2879, .T. ) ;
#4075 = VECTOR ( 'NONE', #4250, 1000.000000000000000 ) ;
#4076 = DIRECTION ( 'NONE',  ( 0.000000000000000000, 0.000000000000000000, -1.000000000000000000 ) ) ;
#4077 = ORIENTED_EDGE ( 'NONE', *, *, #3735, .F. ) ;
#4078 = CARTESIAN_POINT ( 'NONE',  ( -1.024999999999999911, 0.7799999999999999156, -0.2750000000000000777 ) ) ;
#4079 = VERTEX_POINT ( 'NONE', #3110 ) ;
#4080 = VERTEX_POINT ( 'NONE', #66 ) ;
#4081 = CARTESIAN_POINT ( 'NONE',  ( -6.349999999999999645, 3.965000000000001634, 0.06499999999999994671 ) ) ;
#4082 = CARTESIAN_POINT ( 'NONE',  ( -7.605000000000000426, 1.709999999999999520, 1.324999999999999734 ) ) ;
#4083 = EDGE_CURVE ( 'NONE', #4640, #4734, #4892, .T. ) ;
#4084 = EDGE_CURVE ( 'NONE', #5110, #6143, #7209, .T. ) ;
#4085 = LINE ( 'NONE', #4618, #6529 ) ;
#4086 = CARTESIAN_POINT ( 'NONE',  ( -7.015000000000000568, 1.903000000000000025, 0.000000000000000000 ) ) ;
#4087 = AXIS2_PLACEMENT_3D ( 'NONE', #2436, #4313, #5463 ) ;
#4088 = EDGE_LOOP ( 'NONE', ( #3267, #4134, #1998, #1084 ) ) ;
#4089 = EDGE_LOOP ( 'NONE', ( #138, #3053, #2174, #2652, #5444, #4885, #2857, #5544, #1963, #7278, #4466, #472, #5651, #3268, #2682, #4170 ) ) ;
#4090 = EDGE_LOOP ( 'NONE', ( #3309, #2332, #803, #839, #1621 ) ) ;
#4091 = VERTEX_POINT ( 'NONE', #3620 ) ;
#4092 = CARTESIAN_POINT ( 'NONE',  ( -3.025000000000000799, 2.085000000000000409, 2.024999999999999911 ) ) ;
#4093 = VERTEX_POINT ( 'NONE', #1947 ) ;
#4094 = CARTESIAN_POINT ( 'NONE',  ( -7.375000000000000888, -1.781481197162711565E-15, 1.875000000000000888 ) ) ;
#4095 = ORIENTED_EDGE ( 'NONE', *, *, #4748, .T. ) ;
#4096 = PLANE ( 'NONE',  #1969 ) ;
#4097 = ORIENTED_EDGE ( 'NONE', *, *, #782, .T. ) ;
#4098 = ORIENTED_EDGE ( 'NONE', *, *, #1386, .F. ) ;
#4099 = VECTOR ( 'NONE', #3939, 1000.000000000000000 ) ;
#4100 = EDGE_CURVE ( 'NONE', #6060, #379, #4317, .T. ) ;
#4101 = ORIENTED_EDGE ( 'NONE', *, *, #2700, .T. ) ;
#4102 = EDGE_CURVE ( 'NONE', #1587, #1352, #2439, .T. ) ;
#4103 = EDGE_CURVE ( 'NONE', #6560, #2335, #107, .T. ) ;
#4104 = CARTESIAN_POINT ( 'NONE',  ( -7.875000000000000000, 2.209999999999999520, 1.975000000000001865 ) ) ;
#4105 = ORIENTED_EDGE ( 'NONE', *, *, #1193, .F. ) ;
#4106 = CARTESIAN_POINT ( 'NONE',  ( -0.9850000000000006528, 0.000000000000000000, 0.06499999999999994671 ) ) ;
#4107 = FILL_AREA_STYLE_COLOUR ( '', #3891 ) ;
#4108 = CARTESIAN_POINT ( 'NONE',  ( -1.145000000000000240, 0.000000000000000000, 0.06499999999999994671 ) ) ;
#4109 = ADVANCED_FACE ( 'NONE', ( #6219 ), #7504, .T. ) ;
#4110 = DIRECTION ( 'NONE',  ( 1.000000000000000000, 0.000000000000000000, 0.000000000000000000 ) ) ;
#4111 = EDGE_CURVE ( 'NONE', #2416, #4611, #1638, .T. ) ;
#4112 = CIRCLE ( 'NONE', #5952, 0.07500000000000084377 ) ;
#4113 = DIRECTION ( 'NONE',  ( 0.000000000000000000, 0.000000000000000000, 1.000000000000000000 ) ) ;
#4114 = CARTESIAN_POINT ( 'NONE',  ( -7.375000000000000888, 1.644999999999999352, 1.949999999999999067 ) ) ;
#4115 = VERTEX_POINT ( 'NONE', #2232 ) ;
#4116 = CARTESIAN_POINT ( 'NONE',  ( -7.500000000000000000, 3.965000000000001634, 0.06499999999999994671 ) ) ;
#4117 = ORIENTED_EDGE ( 'NONE', *, *, #3336, .T. ) ;
#4118 = ORIENTED_EDGE ( 'NONE', *, *, #679, .T. ) ;
#4119 = DIRECTION ( 'NONE',  ( 0.000000000000000000, 0.000000000000000000, -1.000000000000000000 ) ) ;
#4120 = CARTESIAN_POINT ( 'NONE',  ( -1.475000000000000533, 0.7800000000000000266, -0.2750000000000000777 ) ) ;
#4121 = CARTESIAN_POINT ( 'NONE',  ( -6.924999999999999822, 3.325000000000000178, 0.06499999999999994671 ) ) ;
#4122 = FACE_OUTER_BOUND ( 'NONE', #4827, .T. ) ;
#4123 = CARTESIAN_POINT ( 'NONE',  ( -5.525000000000000355, 0.2250000000000000056, -1.584999999999999964 ) ) ;
#4124 = ORIENTED_EDGE ( 'NONE', *, *, #3442, .T. ) ;
#4125 = EDGE_LOOP ( 'NONE', ( #2250, #478, #4459, #2036 ) ) ;
#4126 = ORIENTED_EDGE ( 'NONE', *, *, #2057, .T. ) ;
#4127 = AXIS2_PLACEMENT_3D ( 'NONE', #3873, #5028, #2701 ) ;
#4128 = ORIENTED_EDGE ( 'NONE', *, *, #2266, .T. ) ;
#4129 = LINE ( 'NONE', #4625, #4629 ) ;
#4130 = CARTESIAN_POINT ( 'NONE',  ( -0.000000000000000000, 3.325000000000000178, 2.024999999999999911 ) ) ;
#4131 = LINE ( 'NONE', #3599, #457 ) ;
#4132 = VERTEX_POINT ( 'NONE', #4525 ) ;
#4133 = PLANE ( 'NONE',  #6286 ) ;
#4134 = ORIENTED_EDGE ( 'NONE', *, *, #5089, .F. ) ;
#4135 = FACE_OUTER_BOUND ( 'NONE', #3206, .T. ) ;
#4136 = ORIENTED_EDGE ( 'NONE', *, *, #5369, .T. ) ;
#4137 = VECTOR ( 'NONE', #5624, 1000.000000000000000 ) ;
#4138 = CARTESIAN_POINT ( 'NONE',  ( -7.375000000000000888, 2.279999999999999805, -0.2750000000000000777 ) ) ;
#4139 = PRESENTATION_LAYER_ASSIGNMENT (  '', '', ( #3897 ) ) ;
#4140 = VECTOR ( 'NONE', #3582, 1000.000000000000000 ) ;
#4141 = VECTOR ( 'NONE', #2216, 1000.000000000000000 ) ;
#4142 = EDGE_CURVE ( 'NONE', #3887, #4652, #4598, .T. ) ;
#4143 = ORIENTED_EDGE ( 'NONE', *, *, #3636, .F. ) ;
#4144 = CARTESIAN_POINT ( 'NONE',  ( -4.474999999999999645, 0.000000000000000000, 2.024999999999999911 ) ) ;
#4145 = CARTESIAN_POINT ( 'NONE',  ( -1.145000000000000240, 1.719999999999999529, 1.949999999999998623 ) ) ;
#4146 = CARTESIAN_POINT ( 'NONE',  ( -9.341064372665991643E-17, 0.7800000000000006928, 0.06499999999999994671 ) ) ;
#4147 = VECTOR ( 'NONE', #6567, 1000.000000000000000 ) ;
#4148 = AXIS2_PLACEMENT_3D ( 'NONE', #7592, #2314, #4688 ) ;
#4149 = CARTESIAN_POINT ( 'NONE',  ( -7.015000000000000568, 4.120000000000000107, 0.000000000000000000 ) ) ;
#4150 = DIRECTION ( 'NONE',  ( 0.000000000000000000, 1.000000000000000000, 0.000000000000000000 ) ) ;
#4151 = ADVANCED_FACE ( 'NONE', ( #7387 ), #2117, .T. ) ;
#4152 = VERTEX_POINT ( 'NONE', #2662 ) ;
#4153 = EDGE_CURVE ( 'NONE', #2180, #2404, #4484, .T. ) ;
#4154 = VECTOR ( 'NONE', #6757, 1000.000000000000000 ) ;
#4155 = ADVANCED_FACE ( 'NONE', ( #3912 ), #6257, .F. ) ;
#4156 = DIRECTION ( 'NONE',  ( 1.000000000000000000, 0.000000000000000000, -0.000000000000000000 ) ) ;
#4157 = ORIENTED_EDGE ( 'NONE', *, *, #189, .T. ) ;
#4158 = ORIENTED_EDGE ( 'NONE', *, *, #5553, .T. ) ;
#4159 = CARTESIAN_POINT ( 'NONE',  ( -7.875000000000000000, 3.400000000000000355, 2.024999999999999911 ) ) ;
#4160 = CARTESIAN_POINT ( 'NONE',  ( -2.310000000000003162, 3.820000000000000728, -1.224999999999999867 ) ) ;
#4161 = CARTESIAN_POINT ( 'NONE',  ( -5.724999999999999645, -1.084202172485503941E-16, -1.810000000000000053 ) ) ;
#4162 = VECTOR ( 'NONE', #4722, 1000.000000000000000 ) ;
#4163 = CYLINDRICAL_SURFACE ( 'NONE', #6028, 0.2000000000000000944 ) ;
#4164 = CARTESIAN_POINT ( 'NONE',  ( -5.724999999999999645, 0.9050000000000000266, -0.9050000000000000266 ) ) ;
#4165 = ORIENTED_EDGE ( 'NONE', *, *, #2347, .F. ) ;
#4166 = VERTEX_POINT ( 'NONE', #4023 ) ;
#4167 = ORIENTED_EDGE ( 'NONE', *, *, #2070, .F. ) ;
#4168 = EDGE_LOOP ( 'NONE', ( #3230, #994, #505, #1439 ) ) ;
#4169 = DIRECTION ( 'NONE',  ( -0.000000000000000000, -0.7071067811865474617, -0.7071067811865474617 ) ) ;
#4170 = ORIENTED_EDGE ( 'NONE', *, *, #1964, .T. ) ;
#4171 = LINE ( 'NONE', #1125, #2580 ) ;
#4172 = ORIENTED_EDGE ( 'NONE', *, *, #6406, .F. ) ;
#4173 = CARTESIAN_POINT ( 'NONE',  ( -8.750000000000000000, 0.7800000000000006928, 0.06499999999999994671 ) ) ;
#4174 = VECTOR ( 'NONE', #7585, 1000.000000000000000 ) ;
#4175 = ORIENTED_EDGE ( 'NONE', *, *, #5169, .F. ) ;
#4176 = ORIENTED_EDGE ( 'NONE', *, *, #4810, .T. ) ;
#4177 = AXIS2_PLACEMENT_3D ( 'NONE', #5594, #3940, #900 ) ;
#4178 = CARTESIAN_POINT ( 'NONE',  ( -1.145000000000000240, 0.8499999999999992006, 1.949999999999999289 ) ) ;
#4179 = EDGE_CURVE ( 'NONE', #6275, #4042, #6327, .T. ) ;
#4180 = EDGE_CURVE ( 'NONE', #3624, #5535, #2939, .T. ) ;
#4181 = DIRECTION ( 'NONE',  ( 1.000000000000000000, -0.000000000000000000, -0.000000000000000000 ) ) ;
#4182 = ORIENTED_EDGE ( 'NONE', *, *, #2068, .F. ) ;
#4183 = LINE ( 'NONE', #3490, #4421 ) ;
#4184 = VECTOR ( 'NONE', #3353, 1000.000000000000000 ) ;
#4185 = PLANE ( 'NONE',  #4889 ) ;
#4186 = DIRECTION ( 'NONE',  ( 0.7071067811865474617, -0.000000000000000000, -0.7071067811865474617 ) ) ;
#4187 = EDGE_CURVE ( 'NONE', #4611, #2752, #6444, .T. ) ;
#4188 = EDGE_CURVE ( 'NONE', #4243, #5974, #5938, .T. ) ;
#4189 = DIRECTION ( 'NONE',  ( 0.000000000000000000, 0.000000000000000000, 1.000000000000000000 ) ) ;
#4190 = APPLICATION_PROTOCOL_DEFINITION ( 'draft international standard', 'automotive_design', 1998, #3136 ) ;
#4191 = PRODUCT_DEFINITION ( 'UNKNOWN', '', #5269, #6046 ) ;
#4192 = CARTESIAN_POINT ( 'NONE',  ( -4.804399278668253004, 4.190000000000000391, -2.773821216833562087 ) ) ;
#4193 = VECTOR ( 'NONE', #5820, 1000.000000000000000 ) ;
#4194 = VERTEX_POINT ( 'NONE', #3002 ) ;
#4195 = CARTESIAN_POINT ( 'NONE',  ( -9.341064372665991643E-17, 0.7800000000000006928, 1.824999999999999289 ) ) ;
#4196 = ORIENTED_EDGE ( 'NONE', *, *, #4506, .F. ) ;
#4197 = ORIENTED_EDGE ( 'NONE', *, *, #7622, .T. ) ;
#4198 = DIRECTION ( 'NONE',  ( -0.000000000000000000, -1.000000000000000000, -0.000000000000000000 ) ) ;
#4199 = VECTOR ( 'NONE', #5863, 1000.000000000000000 ) ;
#4200 = DIRECTION ( 'NONE',  ( 0.000000000000000000, -1.000000000000000000, 0.000000000000000000 ) ) ;
#4201 = VECTOR ( 'NONE', #6209, 1000.000000000000000 ) ;
#4202 = EDGE_CURVE ( 'NONE', #2492, #3831, #301, .T. ) ;
#4203 = UNCERTAINTY_MEASURE_WITH_UNIT (LENGTH_MEASURE( 1.000000000000000082E-05 ), #6982, 'distance_accuracy_value', 'NONE');
#4204 = LINE ( 'NONE', #69, #7358 ) ;
#4205 = CARTESIAN_POINT ( 'NONE',  ( -7.375000000000000888, -0.06250000000000049960, -0.06250000000000077716 ) ) ;
#4206 = ORIENTED_EDGE ( 'NONE', *, *, #134, .F. ) ;
#4207 = AXIS2_PLACEMENT_3D ( 'NONE', #3049, #5403, #2973 ) ;
#4208 = EDGE_LOOP ( 'NONE', ( #6993, #5476, #2765, #6592 ) ) ;
#4209 = ORIENTED_EDGE ( 'NONE', *, *, #2202, .F. ) ;
#4210 = DIRECTION ( 'NONE',  ( 0.000000000000000000, 1.000000000000000000, 0.000000000000000000 ) ) ;
#4211 = DIRECTION ( 'NONE',  ( 0.000000000000000000, -1.000000000000000000, 0.000000000000000000 ) ) ;
#4212 = DIRECTION ( 'NONE',  ( 1.000000000000000000, -0.000000000000000000, -0.000000000000000000 ) ) ;
#4213 =( GEOMETRIC_REPRESENTATION_CONTEXT ( 3 ) GLOBAL_UNCERTAINTY_ASSIGNED_CONTEXT ( ( #770 ) ) GLOBAL_UNIT_ASSIGNED_CONTEXT ( ( #3423, #6804, #7481 ) ) REPRESENTATION_CONTEXT ( 'NONE', 'WORKASPACE' ) );
#4214 = CARTESIAN_POINT ( 'NONE',  ( -3.437500000000001332, 1.855000000000000204, 0.06499999999999994671 ) ) ;
#4215 = EDGE_CURVE ( 'NONE', #1675, #6919, #468, .T. ) ;
#4216 = ORIENTED_EDGE ( 'NONE', *, *, #6343, .F. ) ;
#4217 = ORIENTED_EDGE ( 'NONE', *, *, #1881, .T. ) ;
#4218 = DIRECTION ( 'NONE',  ( 0.000000000000000000, 1.000000000000000000, 0.000000000000000000 ) ) ;
#4219 = VERTEX_POINT ( 'NONE', #1752 ) ;
#4220 = FACE_OUTER_BOUND ( 'NONE', #4614, .T. ) ;
#4221 = ORIENTED_EDGE ( 'NONE', *, *, #4758, .F. ) ;
#4222 = CARTESIAN_POINT ( 'NONE',  ( -0.8750000000000007772, 2.209999999999999520, 1.324999999999999734 ) ) ;
#4223 = DIRECTION ( 'NONE',  ( -0.000000000000000000, -0.000000000000000000, 1.000000000000000000 ) ) ;
#4224 = VECTOR ( 'NONE', #5870, 1000.000000000000000 ) ;
#4225 = EDGE_CURVE ( 'NONE', #5584, #4079, #6479, .T. ) ;
#4226 = DIRECTION ( 'NONE',  ( 0.000000000000000000, 0.000000000000000000, -1.000000000000000000 ) ) ;
#4227 = CARTESIAN_POINT ( 'NONE',  ( -7.375000000000000888, 0.9249999999999991562, 1.949999999999999067 ) ) ;
#4228 = CARTESIAN_POINT ( 'NONE',  ( -1.375000000000001332, 3.500000000000000444, 0.09499999999999966804 ) ) ;
#4229 = AXIS2_PLACEMENT_3D ( 'NONE', #7, #2379, #4751 ) ;
#4230 = DIRECTION ( 'NONE',  ( 1.000000000000000000, 0.000000000000000000, 0.000000000000000000 ) ) ;
#4231 = ORIENTED_EDGE ( 'NONE', *, *, #1106, .T. ) ;
#4232 = LINE ( 'NONE', #6112, #1464 ) ;
#4233 = EDGE_CURVE ( 'NONE', #2917, #4379, #652, .T. ) ;
#4234 = ORIENTED_EDGE ( 'NONE', *, *, #5037, .T. ) ;
#4235 = ORIENTED_EDGE ( 'NONE', *, *, #7353, .F. ) ;
#4236 = CARTESIAN_POINT ( 'NONE',  ( -7.605000000000000426, 0.8499999999999992006, 2.024999999999999911 ) ) ;
#4237 = DIRECTION ( 'NONE',  ( 1.000000000000000000, 0.000000000000000000, 0.000000000000000000 ) ) ;
#4238 = FACE_OUTER_BOUND ( 'NONE', #2874, .T. ) ;
#4239 =( NAMED_UNIT ( * ) SI_UNIT ( $, .STERADIAN. ) SOLID_ANGLE_UNIT ( ) );
#4240 = DIRECTION ( 'NONE',  ( 0.000000000000000000, -0.000000000000000000, -1.000000000000000000 ) ) ;
#4241 = ORIENTED_EDGE ( 'NONE', *, *, #4202, .T. ) ;
#4242 = VERTEX_POINT ( 'NONE', #3557 ) ;
#4243 = VERTEX_POINT ( 'NONE', #584 ) ;
#4244 = EDGE_CURVE ( 'NONE', #5525, #552, #2296, .T. ) ;
#4245 = ORIENTED_EDGE ( 'NONE', *, *, #6870, .T. ) ;
#4246 = PLANE ( 'NONE',  #3543 ) ;
#4247 = DIRECTION ( 'NONE',  ( 0.000000000000000000, 0.000000000000000000, 1.000000000000000000 ) ) ;
#4248 = DIRECTION ( 'NONE',  ( -0.7071067811865474617, -0.000000000000000000, -0.7071067811865474617 ) ) ;
#4249 = ORIENTED_EDGE ( 'NONE', *, *, #3148, .F. ) ;
#4250 = DIRECTION ( 'NONE',  ( -1.000000000000000000, -9.035018104045847275E-16, 0.000000000000000000 ) ) ;
#4251 = VECTOR ( 'NONE', #1839, 1000.000000000000000 ) ;
#4252 = EDGE_CURVE ( 'NONE', #3511, #5513, #5819, .T. ) ;
#4253 = ADVANCED_FACE ( 'NONE', ( #5249 ), #1678, .F. ) ;
#4254 = EDGE_LOOP ( 'NONE', ( #3555, #201, #2259, #6356 ) ) ;
#4255 = LINE ( 'NONE', #6598, #4267 ) ;
#4256 = ORIENTED_EDGE ( 'NONE', *, *, #2771, .T. ) ;
#4257 = FACE_OUTER_BOUND ( 'NONE', #7323, .T. ) ;
#4258 = VECTOR ( 'NONE', #5464, 1000.000000000000000 ) ;
#4259 = CARTESIAN_POINT ( 'NONE',  ( -5.525000000000000355, 0.000000000000000000, -2.024999999999999911 ) ) ;
#4260 = ORIENTED_EDGE ( 'NONE', *, *, #3867, .T. ) ;
#4261 = VECTOR ( 'NONE', #6794, 1000.000000000000000 ) ;
#4262 = CARTESIAN_POINT ( 'NONE',  ( -5.977863700796166135, 4.190000000000000391, 3.451321216833561856 ) ) ;
#4263 = DIRECTION ( 'NONE',  ( 0.000000000000000000, 1.000000000000000000, 0.000000000000000000 ) ) ;
#4264 = DIRECTION ( 'NONE',  ( 0.000000000000000000, -1.000000000000000000, 0.000000000000000000 ) ) ;
#4265 = DIRECTION ( 'NONE',  ( 0.000000000000000000, 5.706327223607912624E-16, 1.000000000000000000 ) ) ;
#4266 = LINE ( 'NONE', #835, #811 ) ;
#4267 = VECTOR ( 'NONE', #1284, 1000.000000000000000 ) ;
#4268 = VECTOR ( 'NONE', #5160, 1000.000000000000000 ) ;
#4269 = VECTOR ( 'NONE', #506, 1000.000000000000000 ) ;
#4270 = CARTESIAN_POINT ( 'NONE',  ( -1.375000000000000444, 0.9249999999999991562, 1.949999999999999067 ) ) ;
#4271 = VERTEX_POINT ( 'NONE', #34 ) ;
#4272 = DIRECTION ( 'NONE',  ( 0.000000000000000000, -9.239047059953170954E-17, -1.000000000000000000 ) ) ;
#4273 = PLANE ( 'NONE',  #7302 ) ;
#4274 = DIRECTION ( 'NONE',  ( 0.000000000000000000, -1.000000000000000000, 0.000000000000000000 ) ) ;
#4275 = VECTOR ( 'NONE', #1886, 1000.000000000000000 ) ;
#4276 = ORIENTED_EDGE ( 'NONE', *, *, #4860, .F. ) ;
#4277 = DIRECTION ( 'NONE',  ( 1.000000000000000000, 0.000000000000000000, 0.000000000000000000 ) ) ;
#4278 = CARTESIAN_POINT ( 'NONE',  ( 0.000000000000000000, 4.190000000000000391, 2.024999999999999911 ) ) ;
#4279 = CARTESIAN_POINT ( 'NONE',  ( -1.250000000000001110, 3.965000000000001634, 0.06499999999999994671 ) ) ;
#4280 = FACE_OUTER_BOUND ( 'NONE', #1805, .T. ) ;
#4281 = VECTOR ( 'NONE', #4567, 1000.000000000000000 ) ;
#4282 = ORIENTED_EDGE ( 'NONE', *, *, #1868, .T. ) ;
#4283 = ORIENTED_EDGE ( 'NONE', *, *, #7417, .T. ) ;
#4284 = VERTEX_POINT ( 'NONE', #5284 ) ;
#4285 = EDGE_LOOP ( 'NONE', ( #5192, #4260, #1270, #340, #7459, #1791, #2568 ) ) ;
#4286 = PLANE ( 'NONE',  #7067 ) ;
#4287 = VERTEX_POINT ( 'NONE', #1045 ) ;
#4288 = DIRECTION ( 'NONE',  ( 0.000000000000000000, 0.000000000000000000, -1.000000000000000000 ) ) ;
#4289 = DIRECTION ( 'NONE',  ( -1.000000000000000000, 0.000000000000000000, 0.000000000000000000 ) ) ;
#4290 = DIRECTION ( 'NONE',  ( -1.000000000000000000, 0.000000000000000000, 0.000000000000000000 ) ) ;
#4291 = EDGE_CURVE ( 'NONE', #684, #4029, #4056, .T. ) ;
#4292 = EDGE_CURVE ( 'NONE', #7029, #4406, #7616, .T. ) ;
#4293 = ORIENTED_EDGE ( 'NONE', *, *, #6130, .F. ) ;
#4294 = DIRECTION ( 'NONE',  ( -0.000000000000000000, 0.7071067811865475727, -0.7071067811865475727 ) ) ;
#4295 = VECTOR ( 'NONE', #2346, 1000.000000000000000 ) ;
#4296 = ORIENTED_EDGE ( 'NONE', *, *, #1233, .T. ) ;
#4297 = DIRECTION ( 'NONE',  ( 0.000000000000000000, -1.000000000000000000, 0.000000000000000000 ) ) ;
#4298 = ORIENTED_EDGE ( 'NONE', *, *, #4180, .F. ) ;
#4299 = DIRECTION ( 'NONE',  ( 1.000000000000000000, 0.000000000000000000, 0.000000000000000000 ) ) ;
#4300 = CARTESIAN_POINT ( 'NONE',  ( -2.950000000000000178, 3.820000000000000728, -2.024999999999999911 ) ) ;
#4301 = EDGE_CURVE ( 'NONE', #1052, #5242, #2336, .T. ) ;
#4302 = ADVANCED_FACE ( 'NONE', ( #1316 ), #5477, .F. ) ;
#4303 = DIRECTION ( 'NONE',  ( 0.000000000000000000, -1.000000000000000000, 0.000000000000000000 ) ) ;
#4304 = ORIENTED_EDGE ( 'NONE', *, *, #2157, .F. ) ;
#4305 = DIRECTION ( 'NONE',  ( 0.000000000000000000, 0.000000000000000000, -1.000000000000000000 ) ) ;
#4306 = DIRECTION ( 'NONE',  ( -1.000000000000000000, 0.000000000000000000, 0.000000000000000000 ) ) ;
#4307 = DIRECTION ( 'NONE',  ( -0.000000000000000000, -0.7071067811865474617, -0.7071067811865474617 ) ) ;
#4308 = AXIS2_PLACEMENT_3D ( 'NONE', #3332, #1455, #3260 ) ;
#4309 = CARTESIAN_POINT ( 'NONE',  ( -7.015000000000000568, 1.903000000000000025, -2.024999999999999467 ) ) ;
#4310 = DIRECTION ( 'NONE',  ( 1.000000000000000000, -0.000000000000000000, -0.000000000000000000 ) ) ;
#4311 =( NAMED_UNIT ( * ) SI_UNIT ( $, .STERADIAN. ) SOLID_ANGLE_UNIT ( ) );
#4312 = CARTESIAN_POINT ( 'NONE',  ( -0.9850000000000006528, 2.400000000000000355, 2.024999999999999911 ) ) ;
#4313 = DIRECTION ( 'NONE',  ( 0.7071067811865491270, -0.000000000000000000, 0.7071067811865460184 ) ) ;
#4314 = CARTESIAN_POINT ( 'NONE',  ( -7.765000000000000568, 2.400000000000000355, 0.06499999999999994671 ) ) ;
#4315 = CARTESIAN_POINT ( 'NONE',  ( -7.875000000000000000, 0.000000000000000000, -0.2750000000000000777 ) ) ;
#4316 = EDGE_LOOP ( 'NONE', ( #3341, #2848, #1495, #1042 ) ) ;
#4317 = LINE ( 'NONE', #5960, #7307 ) ;
#4318 = LINE ( 'NONE', #183, #38 ) ;
#4319 = CARTESIAN_POINT ( 'NONE',  ( -7.375000000000000888, 2.209999999999998188, 2.024999999999999911 ) ) ;
#4320 = VECTOR ( 'NONE', #6877, 1000.000000000000114 ) ;
#4321 = CARTESIAN_POINT ( 'NONE',  ( -16.62500000000000000, 2.055000000000001048, 2.024999999999999911 ) ) ;
#4322 = DIRECTION ( 'NONE',  ( 1.000000000000000000, 0.000000000000000000, 0.000000000000000000 ) ) ;
#4323 = ORIENTED_EDGE ( 'NONE', *, *, #2137, .T. ) ;
#4324 = VECTOR ( 'NONE', #1344, 1000.000000000000000 ) ;
#4325 = VERTEX_POINT ( 'NONE', #3163 ) ;
#4326 = ORIENTED_EDGE ( 'NONE', *, *, #1182, .F. ) ;
#4327 = VECTOR ( 'NONE', #5400, 1000.000000000000000 ) ;
#4328 = PLANE ( 'NONE',  #1519 ) ;
#4329 = EDGE_LOOP ( 'NONE', ( #421, #4911, #2693, #4779 ) ) ;
#4330 = DIRECTION ( 'NONE',  ( 1.000000000000000000, 0.000000000000000000, 0.000000000000000000 ) ) ;
#4331 = DIRECTION ( 'NONE',  ( 0.000000000000000000, 0.000000000000000000, -1.000000000000000000 ) ) ;
#4332 = DIRECTION ( 'NONE',  ( 0.000000000000000000, 0.000000000000000000, 1.000000000000000000 ) ) ;
#4333 = VECTOR ( 'NONE', #753, 1000.000000000000000 ) ;
#4334 = LINE ( 'NONE', #6134, #7010 ) ;
#4335 = ORIENTED_EDGE ( 'NONE', *, *, #1290, .T. ) ;
#4336 = VECTOR ( 'NONE', #6057, 1000.000000000000000 ) ;
#4337 = VERTEX_POINT ( 'NONE', #3631 ) ;
#4338 = DIRECTION ( 'NONE',  ( -0.000000000000000000, -0.7071067811865474617, -0.7071067811865474617 ) ) ;
#4339 = DIRECTION ( 'NONE',  ( -1.000000000000000000, 0.000000000000000000, -0.000000000000000000 ) ) ;
#4340 = LINE ( 'NONE', #2658, #1329 ) ;
#4341 = EDGE_LOOP ( 'NONE', ( #5243, #5351, #1143, #5871 ) ) ;
#4342 = DIRECTION ( 'NONE',  ( 0.000000000000000000, -0.000000000000000000, -1.000000000000000000 ) ) ;
#4343 = CARTESIAN_POINT ( 'NONE',  ( 0.000000000000000000, 2.255000000000000338, 0.06499999999999994671 ) ) ;
#4344 = EDGE_CURVE ( 'NONE', #5319, #5291, #3709, .T. ) ;
#4345 = EDGE_CURVE ( 'NONE', #7045, #2841, #5512, .T. ) ;
#4346 = DIRECTION ( 'NONE',  ( 0.000000000000000000, 0.000000000000000000, -1.000000000000000000 ) ) ;
#4347 = DIRECTION ( 'NONE',  ( -0.000000000000000000, -0.000000000000000000, 1.000000000000000000 ) ) ;
#4348 = LINE ( 'NONE', #1374, #432 ) ;
#4349 = DIRECTION ( 'NONE',  ( 1.000000000000000000, 0.000000000000000000, 0.000000000000000000 ) ) ;
#4350 = EDGE_LOOP ( 'NONE', ( #3502, #6174, #7030, #4467 ) ) ;
#4351 = CARTESIAN_POINT ( 'NONE',  ( 7.875000000000000000, 2.960000000000000853, 2.024999999999999911 ) ) ;
#4352 = ADVANCED_FACE ( 'NONE', ( #3669 ), #4246, .F. ) ;
#4353 = CARTESIAN_POINT ( 'NONE',  ( -3.225000000000000533, 0.5500000000000010436, 2.024999999999999911 ) ) ;
#4354 = ADVANCED_FACE ( 'NONE', ( #4861 ), #77, .T. ) ;
#4355 = ORIENTED_EDGE ( 'NONE', *, *, #7002, .F. ) ;
#4356 = VECTOR ( 'NONE', #3681, 1000.000000000000000 ) ;
#4357 = LINE ( 'NONE', #6697, #4522 ) ;
#4358 = DIRECTION ( 'NONE',  ( 0.000000000000000000, 0.000000000000000000, 1.000000000000000000 ) ) ;
#4359 = ORIENTED_EDGE ( 'NONE', *, *, #4424, .T. ) ;
#4360 = ORIENTED_EDGE ( 'NONE', *, *, #6571, .F. ) ;
#4361 = ORIENTED_EDGE ( 'NONE', *, *, #4738, .T. ) ;
#4362 = CARTESIAN_POINT ( 'NONE',  ( 7.875000000000000000, 1.030000000000000027, 0.000000000000000000 ) ) ;
#4363 = DIRECTION ( 'NONE',  ( -1.000000000000000000, -0.000000000000000000, -0.000000000000000000 ) ) ;
#4364 = CARTESIAN_POINT ( 'NONE',  ( -8.750000000000000000, 2.255000000000000338, 0.06499999999999994671 ) ) ;
#4365 = CARTESIAN_POINT ( 'NONE',  ( -7.605000000000000426, 2.209999999999998188, -0.2750000000000000777 ) ) ;
#4366 = ORIENTED_EDGE ( 'NONE', *, *, #6441, .T. ) ;
#4367 = ORIENTED_EDGE ( 'NONE', *, *, #7003, .T. ) ;
#4368 = CARTESIAN_POINT ( 'NONE',  ( -5.937500000000000000, 1.855000000000000204, 0.06499999999999994671 ) ) ;
#4369 = LINE ( 'NONE', #6785, #2769 ) ;
#4370 = DIRECTION ( 'NONE',  ( 0.000000000000000000, 1.000000000000000000, 0.000000000000000000 ) ) ;
#4371 = CARTESIAN_POINT ( 'NONE',  ( -5.525000000000000355, 0.000000000000000000, 1.824999999999999956 ) ) ;
#4372 = DIRECTION ( 'NONE',  ( 0.000000000000000000, 0.000000000000000000, 1.000000000000000000 ) ) ;
#4373 = CARTESIAN_POINT ( 'NONE',  ( -7.500000000000000000, 8.777094706955511913E-18, 0.09499999999999998723 ) ) ;
#4374 = DIRECTION ( 'NONE',  ( 1.000000000000000000, 0.000000000000000000, 0.000000000000000000 ) ) ;
#4375 = DIRECTION ( 'NONE',  ( -0.000000000000000000, 0.7071067811865475727, -0.7071067811865475727 ) ) ;
#4376 = CARTESIAN_POINT ( 'NONE',  ( -5.525000000000000355, 0.5500000000000010436, 2.024999999999999911 ) ) ;
#4377 = EDGE_CURVE ( 'NONE', #4689, #3938, #3783, .T. ) ;
#4378 = EDGE_CURVE ( 'NONE', #4660, #152, #740, .T. ) ;
#4379 = VERTEX_POINT ( 'NONE', #4903 ) ;
#4380 = ORIENTED_EDGE ( 'NONE', *, *, #6358, .T. ) ;
#4381 = CYLINDRICAL_SURFACE ( 'NONE', #200, 0.07500000000000084377 ) ;
#4382 = CARTESIAN_POINT ( 'NONE',  ( -0.8750000000000007772, 2.209999999999999520, 0.000000000000000000 ) ) ;
#4383 = ORIENTED_EDGE ( 'NONE', *, *, #7093, .T. ) ;
#4384 = VERTEX_POINT ( 'NONE', #5970 ) ;
#4385 = LINE ( 'NONE', #3264, #874 ) ;
#4386 = VECTOR ( 'NONE', #4169, 1000.000000000000114 ) ;
#4387 = PLANE ( 'NONE',  #4403 ) ;
#4388 =( NAMED_UNIT ( * ) PLANE_ANGLE_UNIT ( ) SI_UNIT ( $, .RADIAN. ) );
#4389 = FACE_OUTER_BOUND ( 'NONE', #557, .T. ) ;
#4390 = EDGE_CURVE ( 'NONE', #887, #4242, #1357, .T. ) ;
#4391 = EDGE_CURVE ( 'NONE', #1026, #3695, #656, .T. ) ;
#4392 = ADVANCED_FACE ( 'NONE', ( #7260 ), #6588, .F. ) ;
#4393 = VERTEX_POINT ( 'NONE', #5399 ) ;
#4394 = AXIS2_PLACEMENT_3D ( 'NONE', #6822, #3910, #7039 ) ;
#4395 = VECTOR ( 'NONE', #7168, 1000.000000000000000 ) ;
#4396 = ORIENTED_EDGE ( 'NONE', *, *, #3006, .F. ) ;
#4397 = ORIENTED_EDGE ( 'NONE', *, *, #780, .F. ) ;
#4398 = CARTESIAN_POINT ( 'NONE',  ( -5.800000000000000711, 3.820000000000000728, -2.024999999999999911 ) ) ;
#4399 = LINE ( 'NONE', #6847, #3156 ) ;
#4400 = DIRECTION ( 'NONE',  ( 0.000000000000000000, -1.000000000000000000, 0.000000000000000000 ) ) ;
#4401 = VECTOR ( 'NONE', #6493, 1000.000000000000000 ) ;
#4402 = CARTESIAN_POINT ( 'NONE',  ( -4.275000000000000355, 1.855000000000000204, 0.06499999999999994671 ) ) ;
#4403 = AXIS2_PLACEMENT_3D ( 'NONE', #1424, #3814, #6157 ) ;
#4404 = ORIENTED_EDGE ( 'NONE', *, *, #3682, .F. ) ;
#4405 = VECTOR ( 'NONE', #2409, 1000.000000000000000 ) ;
#4406 = VERTEX_POINT ( 'NONE', #1880 ) ;
#4407 = LINE ( 'NONE', #4870, #2612 ) ;
#4408 = PLANE ( 'NONE',  #4177 ) ;
#4409 = VECTOR ( 'NONE', #6461, 1000.000000000000000 ) ;
#4410 = LINE ( 'NONE', #5595, #4333 ) ;
#4411 = VERTEX_POINT ( 'NONE', #194 ) ;
#4412 = FILL_AREA_STYLE_COLOUR ( '', #2037 ) ;
#4413 = AXIS2_PLACEMENT_3D ( 'NONE', #6937, #3448, #5911 ) ;
#4414 = EDGE_CURVE ( 'NONE', #4844, #4622, #3123, .T. ) ;
#4415 = DIRECTION ( 'NONE',  ( 0.000000000000000000, 1.000000000000000000, 0.000000000000000000 ) ) ;
#4416 = DIRECTION ( 'NONE',  ( 1.000000000000000000, -1.734723475976806503E-15, -0.000000000000000000 ) ) ;
#4417 = CARTESIAN_POINT ( 'NONE',  ( -1.145000000000000240, 2.209999999999998188, 2.024999999999999911 ) ) ;
#4418 = ORIENTED_EDGE ( 'NONE', *, *, #5610, .T. ) ;
#4419 = LINE ( 'NONE', #7359, #1814 ) ;
#4420 = DIRECTION ( 'NONE',  ( -1.000000000000000000, 0.000000000000000000, -0.000000000000000000 ) ) ;
#4421 = VECTOR ( 'NONE', #2308, 1000.000000000000000 ) ;
#4422 = DIRECTION ( 'NONE',  ( 1.000000000000000000, -0.000000000000000000, -0.000000000000000000 ) ) ;
#4423 = ORIENTED_EDGE ( 'NONE', *, *, #6691, .T. ) ;
#4424 = EDGE_CURVE ( 'NONE', #494, #7569, #1275, .T. ) ;
#4425 = CARTESIAN_POINT ( 'NONE',  ( 0.000000000000000000, 2.255000000000000338, 0.06499999999999994671 ) ) ;
#4426 = DIRECTION ( 'NONE',  ( 0.000000000000000000, 0.000000000000000000, 1.000000000000000000 ) ) ;
#4427 = PRODUCT_DEFINITION_CONTEXT ( 'detailed design', #4760, 'design' ) ;
#4428 = PLANE ( 'NONE',  #2199 ) ;
#4429 = ORIENTED_EDGE ( 'NONE', *, *, #769, .F. ) ;
#4430 = VECTOR ( 'NONE', #3796, 1000.000000000000114 ) ;
#4431 = CARTESIAN_POINT ( 'NONE',  ( -7.725000000000001421, 2.209999999999999520, 1.274999999999999911 ) ) ;
#4432 = ORIENTED_EDGE ( 'NONE', *, *, #6826, .F. ) ;
#4433 = LINE ( 'NONE', #7292, #5980 ) ;
#4434 = EDGE_CURVE ( 'NONE', #3080, #4510, #3081, .T. ) ;
#4435 = VECTOR ( 'NONE', #423, 1000.000000000000000 ) ;
#4436 = EDGE_CURVE ( 'NONE', #7369, #5930, #6629, .T. ) ;
#4437 = DIRECTION ( 'NONE',  ( 1.000000000000000000, 0.000000000000000000, 0.000000000000000000 ) ) ;
#4438 = ADVANCED_FACE ( 'NONE', ( #4938 ), #6704, .T. ) ;
#4439 = DIRECTION ( 'NONE',  ( 0.000000000000000000, 0.000000000000000000, -1.000000000000000000 ) ) ;
#4440 = ORIENTED_EDGE ( 'NONE', *, *, #6543, .T. ) ;
#4441 = EDGE_CURVE ( 'NONE', #4502, #2553, #3203, .T. ) ;
#4442 = VERTEX_POINT ( 'NONE', #1433 ) ;
#4443 = EDGE_CURVE ( 'NONE', #3883, #2111, #1505, .T. ) ;
#4444 = AXIS2_PLACEMENT_3D ( 'NONE', #3479, #1802, #7577 ) ;
#4445 = CARTESIAN_POINT ( 'NONE',  ( -1.145000000000000240, 1.474999999999999423, 1.949999999999999067 ) ) ;
#4446 = AXIS2_PLACEMENT_3D ( 'NONE', #3505, #5273, #2324 ) ;
#4447 = DIRECTION ( 'NONE',  ( 1.000000000000000000, 0.000000000000000000, -0.000000000000000000 ) ) ;
#4448 = DIRECTION ( 'NONE',  ( 1.000000000000000000, -0.000000000000000000, -0.000000000000000000 ) ) ;
#4449 = VECTOR ( 'NONE', #2725, 1000.000000000000000 ) ;
#4450 = ORIENTED_EDGE ( 'NONE', *, *, #382, .F. ) ;
#4451 = DIRECTION ( 'NONE',  ( 0.000000000000000000, 0.000000000000000000, 1.000000000000000000 ) ) ;
#4452 = DIRECTION ( 'NONE',  ( 0.000000000000000000, -1.000000000000000000, 0.000000000000000000 ) ) ;
#4453 = CARTESIAN_POINT ( 'NONE',  ( -3.225000000000000533, 1.855000000000000204, 0.06499999999999994671 ) ) ;
#4454 = VECTOR ( 'NONE', #6947, 1000.000000000000000 ) ;
#4455 = CARTESIAN_POINT ( 'NONE',  ( -1.145000000000000240, 0.4800000000000017031, -0.2750000000000000777 ) ) ;
#4456 = VERTEX_POINT ( 'NONE', #6207 ) ;
#4457 = DIRECTION ( 'NONE',  ( 0.000000000000000000, 0.000000000000000000, 1.000000000000000000 ) ) ;
#4458 = DIRECTION ( 'NONE',  ( 1.000000000000000000, 0.000000000000000000, 0.000000000000000000 ) ) ;
#4459 = ORIENTED_EDGE ( 'NONE', *, *, #3347, .T. ) ;
#4460 = DIRECTION ( 'NONE',  ( -1.000000000000000000, 0.000000000000000000, -0.000000000000000000 ) ) ;
#4461 = CARTESIAN_POINT ( 'NONE',  ( -5.937500000000000000, 0.04750000000000037526, 0.01749999999999957839 ) ) ;
#4462 = LINE ( 'NONE', #2712, #3280 ) ;
#4463 = ORIENTED_EDGE ( 'NONE', *, *, #3594, .F. ) ;
#4464 = EDGE_CURVE ( 'NONE', #1483, #2302, #890, .T. ) ;
#4465 = ORIENTED_EDGE ( 'NONE', *, *, #5732, .F. ) ;
#4466 = ORIENTED_EDGE ( 'NONE', *, *, #4345, .F. ) ;
#4467 = ORIENTED_EDGE ( 'NONE', *, *, #1006, .F. ) ;
#4468 = LINE ( 'NONE', #2104, #786 ) ;
#4469 = AXIS2_PLACEMENT_3D ( 'NONE', #4951, #3060, #5567 ) ;
#4470 = DIRECTION ( 'NONE',  ( 0.000000000000000000, 2.555260885332105185E-16, -1.000000000000000000 ) ) ;
#4471 = DIRECTION ( 'NONE',  ( -0.000000000000000000, 0.000000000000000000, 1.000000000000000000 ) ) ;
#4472 = VERTEX_POINT ( 'NONE', #930 ) ;
#4473 = CARTESIAN_POINT ( 'NONE',  ( -3.025000000000000799, 0.5500000000000010436, 2.024999999999999911 ) ) ;
#4474 = ADVANCED_FACE ( 'NONE', ( #5726 ), #3823, .T. ) ;
#4475 = EDGE_CURVE ( 'NONE', #4040, #5525, #5048, .T. ) ;
#4476 = EDGE_LOOP ( 'NONE', ( #7498, #6624, #4532, #4579 ) ) ;
#4477 = EDGE_LOOP ( 'NONE', ( #6305, #7231, #7405, #723 ) ) ;
#4478 = PLANE ( 'NONE',  #1361 ) ;
#4479 = DIRECTION ( 'NONE',  ( 0.000000000000000000, -0.000000000000000000, 1.000000000000000000 ) ) ;
#4480 = EDGE_CURVE ( 'NONE', #4038, #7496, #7407, .T. ) ;
#4481 = EDGE_CURVE ( 'NONE', #4456, #3754, #5011, .T. ) ;
#4482 = EDGE_CURVE ( 'NONE', #2758, #1352, #2646, .T. ) ;
#4483 = VERTEX_POINT ( 'NONE', #4505 ) ;
#4484 = LINE ( 'NONE', #1525, #5506 ) ;
#4485 = CARTESIAN_POINT ( 'NONE',  ( 7.875000000000000000, 2.055000000000001048, 2.024999999999999911 ) ) ;
#4486 = CARTESIAN_POINT ( 'NONE',  ( -7.375000000000000888, 2.209999999999999520, -0.2750000000000000777 ) ) ;
#4487 = PLANE ( 'NONE',  #5996 ) ;
#4488 = EDGE_LOOP ( 'NONE', ( #2269, #6211, #730, #5699 ) ) ;
#4489 = VECTOR ( 'NONE', #479, 1000.000000000000000 ) ;
#4490 = CARTESIAN_POINT ( 'NONE',  ( -6.989999999999999325, 2.960000000000000853, 2.024999999999999911 ) ) ;
#4491 = CARTESIAN_POINT ( 'NONE',  ( -3.025000000000000799, 0.7800000000000001377, 0.06499999999999994671 ) ) ;
#4492 = DIRECTION ( 'NONE',  ( 0.000000000000000000, 0.000000000000000000, -1.000000000000000000 ) ) ;
#4493 = ORIENTED_EDGE ( 'NONE', *, *, #4851, .F. ) ;
#4494 = LINE ( 'NONE', #6835, #1743 ) ;
#4495 = LINE ( 'NONE', #4461, #7331 ) ;
#4496 = DIRECTION ( 'NONE',  ( 0.000000000000000000, -1.000000000000000000, 9.239047059953170954E-17 ) ) ;
#4497 = ORIENTED_EDGE ( 'NONE', *, *, #6916, .F. ) ;
#4498 = ORIENTED_EDGE ( 'NONE', *, *, #917, .T. ) ;
#4499 = DIRECTION ( 'NONE',  ( 0.000000000000000000, 0.000000000000000000, 1.000000000000000000 ) ) ;
#4500 = ORIENTED_EDGE ( 'NONE', *, *, #816, .T. ) ;
#4501 = MECHANICAL_DESIGN_GEOMETRIC_PRESENTATION_REPRESENTATION (  '', ( #3521 ), #784 ) ;
#4502 = VERTEX_POINT ( 'NONE', #6312 ) ;
#4503 = CARTESIAN_POINT ( 'NONE',  ( -16.62500000000000000, 2.960000000000000853, 2.024999999999999911 ) ) ;
#4504 = VECTOR ( 'NONE', #1748, 1000.000000000000000 ) ;
#4505 = CARTESIAN_POINT ( 'NONE',  ( -2.950000000000000178, 2.490000000000001101, -1.224999999999999867 ) ) ;
#4506 = EDGE_CURVE ( 'NONE', #4727, #4393, #4399, .T. ) ;
#4507 = CARTESIAN_POINT ( 'NONE',  ( -7.325000000000001954, 0.4800000000000000377, 2.024999999999999911 ) ) ;
#4508 = VECTOR ( 'NONE', #3974, 1000.000000000000000 ) ;
#4509 = VECTOR ( 'NONE', #4470, 1000.000000000000000 ) ;
#4510 = VERTEX_POINT ( 'NONE', #3312 ) ;
#4511 = DIRECTION ( 'NONE',  ( -0.000000000000000000, -0.7071067811865474617, 0.7071067811865474617 ) ) ;
#4512 = VERTEX_POINT ( 'NONE', #5654 ) ;
#4513 = CARTESIAN_POINT ( 'NONE',  ( -2.950000000000000178, 3.820000000000000728, -1.224999999999999867 ) ) ;
#4514 = ORIENTED_EDGE ( 'NONE', *, *, #4791, .T. ) ;
#4515 = VECTOR ( 'NONE', #5962, 1000.000000000000000 ) ;
#4516 = AXIS2_PLACEMENT_3D ( 'NONE', #4723, #2986, #1142 ) ;
#4517 = VECTOR ( 'NONE', #1447, 1000.000000000000000 ) ;
#4518 = ADVANCED_FACE ( 'NONE', ( #1468 ), #2067, .T. ) ;
#4519 = EDGE_CURVE ( 'NONE', #4673, #630, #2105, .T. ) ;
#4520 = DIRECTION ( 'NONE',  ( 0.000000000000000000, -1.000000000000000000, -1.346834996876403062E-16 ) ) ;
#4521 = DIRECTION ( 'NONE',  ( 0.000000000000000000, 0.000000000000000000, -1.000000000000000000 ) ) ;
#4522 = VECTOR ( 'NONE', #5537, 1000.000000000000000 ) ;
#4523 = VECTOR ( 'NONE', #621, 1000.000000000000000 ) ;
#4524 = DIRECTION ( 'NONE',  ( -1.000000000000000000, -0.000000000000000000, -0.000000000000000000 ) ) ;
#4525 = CARTESIAN_POINT ( 'NONE',  ( -6.790000000000000036, 0.7799999999999999156, 1.824999999999999289 ) ) ;
#4526 = CARTESIAN_POINT ( 'NONE',  ( -0.8750000000000007772, 0.000000000000000000, 2.024999999999999911 ) ) ;
#4527 = ADVANCED_FACE ( 'NONE', ( #3239 ), #1590, .F. ) ;
#4528 = DIRECTION ( 'NONE',  ( 1.000000000000000000, 0.000000000000000000, 0.000000000000000000 ) ) ;
#4529 = EDGE_CURVE ( 'NONE', #1899, #2697, #6808, .T. ) ;
#4530 = DIRECTION ( 'NONE',  ( -1.734723475976806503E-15, -1.000000000000000000, 0.000000000000000000 ) ) ;
#4531 = CARTESIAN_POINT ( 'NONE',  ( 0.000000000000000000, 1.855000000000000204, 1.824999999999999289 ) ) ;
#4532 = ORIENTED_EDGE ( 'NONE', *, *, #3393, .T. ) ;
#4533 = CARTESIAN_POINT ( 'NONE',  ( -0.8750000000000007772, 4.250000000000000000, 0.000000000000000000 ) ) ;
#4534 = CARTESIAN_POINT ( 'NONE',  ( 0.000000000000000000, 2.085000000000000409, -2.024999999999999911 ) ) ;
#4535 = DIRECTION ( 'NONE',  ( 0.000000000000000000, 0.000000000000000000, 1.000000000000000000 ) ) ;
#4536 = DIRECTION ( 'NONE',  ( 0.000000000000000000, 0.000000000000000000, -1.000000000000000000 ) ) ;
#4537 = EDGE_CURVE ( 'NONE', #2044, #6919, #5586, .T. ) ;
#4538 = CARTESIAN_POINT ( 'NONE',  ( -5.800000000000000711, 3.820000000000000728, -1.224999999999999867 ) ) ;
#4539 = PLANE ( 'NONE',  #6644 ) ;
#4540 = ORIENTED_EDGE ( 'NONE', *, *, #6358, .F. ) ;
#4541 = ORIENTED_EDGE ( 'NONE', *, *, #4301, .T. ) ;
#4542 = AXIS2_PLACEMENT_3D ( 'NONE', #1370, #5454, #6025 ) ;
#4543 = DIRECTION ( 'NONE',  ( 0.000000000000000000, 1.000000000000000000, 0.000000000000000000 ) ) ;
#4544 = ORIENTED_EDGE ( 'NONE', *, *, #4292, .T. ) ;
#4545 = ORIENTED_EDGE ( 'NONE', *, *, #7316, .T. ) ;
#4546 = DIRECTION ( 'NONE',  ( 0.000000000000000000, 0.000000000000000000, 1.000000000000000000 ) ) ;
#4547 = PLANE ( 'NONE',  #6950 ) ;
#4548 = CARTESIAN_POINT ( 'NONE',  ( 0.000000000000000000, 0.5500000000000010436, 2.024999999999999911 ) ) ;
#4549 = PLANE ( 'NONE',  #4564 ) ;
#4550 = ORIENTED_EDGE ( 'NONE', *, *, #6907, .T. ) ;
#4551 = ORIENTED_EDGE ( 'NONE', *, *, #7551, .T. ) ;
#4552 = EDGE_CURVE ( 'NONE', #5246, #4194, #5625, .T. ) ;
#4553 = CARTESIAN_POINT ( 'NONE',  ( -8.750000000000000000, 1.855000000000000204, 1.824999999999999289 ) ) ;
#4554 = ORIENTED_EDGE ( 'NONE', *, *, #7517, .T. ) ;
#4555 = EDGE_LOOP ( 'NONE', ( #2055, #1356, #348, #410, #3946, #1570 ) ) ;
#4556 = CARTESIAN_POINT ( 'NONE',  ( -5.724999999999999645, 2.085000000000000409, -1.464999999999999636 ) ) ;
#4557 = FACE_OUTER_BOUND ( 'NONE', #4090, .T. ) ;
#4558 = VECTOR ( 'NONE', #7288, 1000.000000000000000 ) ;
#4559 = VERTEX_POINT ( 'NONE', #7441 ) ;
#4560 = VERTEX_POINT ( 'NONE', #2755 ) ;
#4561 = LINE ( 'NONE', #2777, #6354 ) ;
#4562 = DIRECTION ( 'NONE',  ( 1.000000000000000000, 0.000000000000000000, 0.000000000000000000 ) ) ;
#4563 = CARTESIAN_POINT ( 'NONE',  ( -7.875000000000000000, 0.1800000000000000488, 0.000000000000000000 ) ) ;
#4564 = AXIS2_PLACEMENT_3D ( 'NONE', #1591, #6245, #2757 ) ;
#4565 = LINE ( 'NONE', #4637, #389 ) ;
#4566 = CARTESIAN_POINT ( 'NONE',  ( -5.724999999999999645, 1.630000000000000560, -2.024999999999999911 ) ) ;
#4567 = DIRECTION ( 'NONE',  ( -1.000000000000000000, 0.000000000000000000, 0.000000000000000000 ) ) ;
#4568 = AXIS2_PLACEMENT_3D ( 'NONE', #3882, #2745, #5104 ) ;
#4569 = ORIENTED_EDGE ( 'NONE', *, *, #5051, .T. ) ;
#4570 = EDGE_CURVE ( 'NONE', #2976, #3979, #997, .T. ) ;
#4571 = ADVANCED_FACE ( 'NONE', ( #5117 ), #4547, .T. ) ;
#4572 = CARTESIAN_POINT ( 'NONE',  ( -5.525000000000000355, 1.044999999999999929, -1.044999999999999929 ) ) ;
#4573 = FACE_OUTER_BOUND ( 'NONE', #5511, .T. ) ;
#4574 = CARTESIAN_POINT ( 'NONE',  ( -7.325000000000001954, 0.4800000000000000377, 2.024999999999999911 ) ) ;
#4575 = FACE_OUTER_BOUND ( 'NONE', #5066, .T. ) ;
#4576 = LINE ( 'NONE', #6337, #3670 ) ;
#4577 = DIRECTION ( 'NONE',  ( 0.000000000000000000, 0.000000000000000000, 1.000000000000000000 ) ) ;
#4578 = DIRECTION ( 'NONE',  ( 1.000000000000000000, 0.000000000000000000, 0.000000000000000000 ) ) ;
#4579 = ORIENTED_EDGE ( 'NONE', *, *, #7137, .T. ) ;
#4580 = EDGE_CURVE ( 'NONE', #884, #4733, #2253, .T. ) ;
#4581 = EDGE_CURVE ( 'NONE', #6658, #1458, #6505, .T. ) ;
#4582 = DIRECTION ( 'NONE',  ( 0.000000000000000000, 0.000000000000000000, -1.000000000000000000 ) ) ;
#4583 = ORIENTED_EDGE ( 'NONE', *, *, #1432, .T. ) ;
#4584 = ORIENTED_EDGE ( 'NONE', *, *, #7586, .F. ) ;
#4585 = PLANE ( 'NONE',  #3157 ) ;
#4586 = DIRECTION ( 'NONE',  ( 0.000000000000000000, 0.000000000000000000, 1.000000000000000000 ) ) ;
#4587 = CARTESIAN_POINT ( 'NONE',  ( -2.400000000000001243, 3.965000000000001634, 0.06499999999999994671 ) ) ;
#4588 = ORIENTED_EDGE ( 'NONE', *, *, #2974, .T. ) ;
#4589 = ORIENTED_EDGE ( 'NONE', *, *, #3209, .F. ) ;
#4590 = CARTESIAN_POINT ( 'NONE',  ( -6.800000000000001599, 3.820000000000000728, -1.224999999999999867 ) ) ;
#4591 = ORIENTED_EDGE ( 'NONE', *, *, #1922, .F. ) ;
#4592 = CARTESIAN_POINT ( 'NONE',  ( -7.725000000000000533, 0.7799999999999999156, -0.3250000000000000666 ) ) ;
#4593 = ORIENTED_EDGE ( 'NONE', *, *, #5186, .T. ) ;
#4594 = FACE_OUTER_BOUND ( 'NONE', #6754, .T. ) ;
#4595 = VECTOR ( 'NONE', #3803, 1000.000000000000000 ) ;
#4596 = EDGE_LOOP ( 'NONE', ( #2761, #235, #5349, #3993 ) ) ;
#4597 = PLANE ( 'NONE',  #285 ) ;
#4598 = LINE ( 'NONE', #5061, #1413 ) ;
#4599 = EDGE_LOOP ( 'NONE', ( #5277, #1656, #6668, #4970 ) ) ;
#4600 = DIRECTION ( 'NONE',  ( 1.000000000000000000, 0.000000000000000000, 0.000000000000000000 ) ) ;
#4601 = PLANE ( 'NONE',  #5264 ) ;
#4602 = LINE ( 'NONE', #1059, #419 ) ;
#4603 = VERTEX_POINT ( 'NONE', #4616 ) ;
#4604 = LINE ( 'NONE', #1062, #3688 ) ;
#4605 = DIRECTION ( 'NONE',  ( -1.000000000000000000, -1.734723475976806503E-15, 0.000000000000000000 ) ) ;
#4606 = EDGE_CURVE ( 'NONE', #1927, #4040, #2361, .T. ) ;
#4607 = CARTESIAN_POINT ( 'NONE',  ( -1.735000000000000320, 4.250000000000000000, 0.000000000000000000 ) ) ;
#4608 = DIRECTION ( 'NONE',  ( 0.000000000000000000, 0.000000000000000000, 1.000000000000000000 ) ) ;
#4609 = ADVANCED_FACE ( 'NONE', ( #3467 ), #5310, .T. ) ;
#4610 = CARTESIAN_POINT ( 'NONE',  ( -3.025000000000000799, 1.030000000000000027, -1.464999999999999636 ) ) ;
#4611 = VERTEX_POINT ( 'NONE', #4693 ) ;
#4612 = CARTESIAN_POINT ( 'NONE',  ( -2.400000000000001243, 3.965000000000001634, 0.06499999999999994671 ) ) ;
#4613 = ORIENTED_EDGE ( 'NONE', *, *, #750, .F. ) ;
#4614 = EDGE_LOOP ( 'NONE', ( #6404, #1204, #5748, #7447 ) ) ;
#4615 = CARTESIAN_POINT ( 'NONE',  ( -1.408343819019456028E-16, 2.490000000000001545, -1.224999999999999867 ) ) ;
#4616 = CARTESIAN_POINT ( 'NONE',  ( -5.525000000000000355, 1.630000000000000560, -1.464999999999999636 ) ) ;
#4617 = DIRECTION ( 'NONE',  ( 1.000000000000000000, -1.204669080539440518E-15, 0.000000000000000000 ) ) ;
#4618 = CARTESIAN_POINT ( 'NONE',  ( -8.750000000000000000, 1.630000000000001226, -1.464999999999999636 ) ) ;
#4619 = EDGE_CURVE ( 'NONE', #552, #6628, #2801, .T. ) ;
#4620 = EDGE_CURVE ( 'NONE', #7005, #3316, #3546, .T. ) ;
#4621 = ORIENTED_EDGE ( 'NONE', *, *, #7138, .F. ) ;
#4622 = VERTEX_POINT ( 'NONE', #7601 ) ;
#4623 = DIRECTION ( 'NONE',  ( -1.000000000000000000, 0.000000000000000000, 0.000000000000000000 ) ) ;
#4624 = EDGE_LOOP ( 'NONE', ( #541, #3351, #7018, #1890 ) ) ;
#4625 = CARTESIAN_POINT ( 'NONE',  ( -4.474999999999999645, 0.7800000000000005818, 1.824999999999999067 ) ) ;
#4626 = ORIENTED_EDGE ( 'NONE', *, *, #905, .T. ) ;
#4627 = DIRECTION ( 'NONE',  ( 0.000000000000000000, -1.626303258728255862E-15, -1.000000000000000000 ) ) ;
#4628 = CARTESIAN_POINT ( 'NONE',  ( -1.375000000000000444, 0.000000000000000000, -2.496936092690336118 ) ) ;
#4629 = VECTOR ( 'NONE', #1939, 1000.000000000000000 ) ;
#4630 = LINE ( 'NONE', #901, #5661 ) ;
#4631 = VECTOR ( 'NONE', #4297, 1000.000000000000000 ) ;
#4632 = AXIS2_PLACEMENT_3D ( 'NONE', #3732, #1340, #2051 ) ;
#4633 = VERTEX_POINT ( 'NONE', #7486 ) ;
#4634 = VECTOR ( 'NONE', #5767, 1000.000000000000000 ) ;
#4635 = CARTESIAN_POINT ( 'NONE',  ( -0.8750000000000007772, 1.903000000000000025, -1.334999999999999742 ) ) ;
#4636 = ORIENTED_EDGE ( 'NONE', *, *, #3613, .F. ) ;
#4637 = CARTESIAN_POINT ( 'NONE',  ( -5.724999999999999645, 0.2999999999999999889, -2.324999999999999734 ) ) ;
#4638 = CARTESIAN_POINT ( 'NONE',  ( -7.725000000000000533, 0.7799999999999999156, -0.3250000000000000666 ) ) ;
#4639 = VECTOR ( 'NONE', #396, 1000.000000000000000 ) ;
#4640 = VERTEX_POINT ( 'NONE', #7059 ) ;
#4641 = CARTESIAN_POINT ( 'NONE',  ( -6.363749999999999574, 2.760000000000000231, 0.06499999999999994671 ) ) ;
#4642 = EDGE_CURVE ( 'NONE', #6878, #2943, #533, .T. ) ;
#4643 = AXIS2_PLACEMENT_3D ( 'NONE', #911, #287, #3877 ) ;
#4644 = FACE_OUTER_BOUND ( 'NONE', #6558, .T. ) ;
#4645 = AXIS2_PLACEMENT_3D ( 'NONE', #7572, #5354, #2932 ) ;
#4646 = DIRECTION ( 'NONE',  ( 0.000000000000000000, 0.7071067811865490160, -0.7071067811865460184 ) ) ;
#4647 = CARTESIAN_POINT ( 'NONE',  ( -1.475000000000000533, 2.209999999999999520, 1.324999999999999734 ) ) ;
#4648 = CARTESIAN_POINT ( 'NONE',  ( 0.000000000000000000, 0.5500000000000000444, 0.06499999999999998834 ) ) ;
#4649 = ORIENTED_EDGE ( 'NONE', *, *, #112, .F. ) ;
#4650 = DIRECTION ( 'NONE',  ( -1.000000000000000000, -0.000000000000000000, -0.000000000000000000 ) ) ;
#4651 = EDGE_CURVE ( 'NONE', #7372, #5253, #5768, .T. ) ;
#4652 = VERTEX_POINT ( 'NONE', #2322 ) ;
#4653 = ADVANCED_FACE ( 'NONE', ( #5810 ), #4000, .T. ) ;
#4654 = VERTEX_POINT ( 'NONE', #6922 ) ;
#4655 = AXIS2_PLACEMENT_3D ( 'NONE', #4807, #3022, #3693 ) ;
#4656 = DIRECTION ( 'NONE',  ( 0.000000000000000000, 0.000000000000000000, -1.000000000000000000 ) ) ;
#4657 = DIRECTION ( 'NONE',  ( 1.000000000000000000, -1.204669080539440518E-15, 0.000000000000000000 ) ) ;
#4658 = VECTOR ( 'NONE', #7082, 1000.000000000000000 ) ;
#4659 = CARTESIAN_POINT ( 'NONE',  ( -5.525000000000000355, 1.937842712474619811, 1.625000000000000000 ) ) ;
#4660 = VERTEX_POINT ( 'NONE', #1624 ) ;
#4661 = VERTEX_POINT ( 'NONE', #497 ) ;
#4662 = EDGE_CURVE ( 'NONE', #306, #3198, #7560, .T. ) ;
#4663 = EDGE_CURVE ( 'NONE', #4091, #7005, #6990, .T. ) ;
#4664 = ORIENTED_EDGE ( 'NONE', *, *, #5211, .T. ) ;
#4665 = EDGE_CURVE ( 'NONE', #3748, #4042, #1664, .T. ) ;
#4666 = ORIENTED_EDGE ( 'NONE', *, *, #4985, .F. ) ;
#4667 = DIRECTION ( 'NONE',  ( 0.000000000000000000, -1.000000000000000000, 0.000000000000000000 ) ) ;
#4668 = VECTOR ( 'NONE', #1176, 1000.000000000000000 ) ;
#4669 = ORIENTED_EDGE ( 'NONE', *, *, #1127, .T. ) ;
#4670 = CARTESIAN_POINT ( 'NONE',  ( -1.024999999999999023, 2.209999999999999520, 1.274999999999999911 ) ) ;
#4671 = EDGE_CURVE ( 'NONE', #5042, #6309, #1033, .T. ) ;
#4672 = EDGE_CURVE ( 'NONE', #2938, #1169, #6469, .T. ) ;
#4673 = VERTEX_POINT ( 'NONE', #1739 ) ;
#4674 = CARTESIAN_POINT ( 'NONE',  ( -1.375000000000000444, 0.000000000000000000, 2.024999999999999911 ) ) ;
#4675 = ORIENTED_EDGE ( 'NONE', *, *, #4424, .F. ) ;
#4676 = VECTOR ( 'NONE', #260, 1000.000000000000000 ) ;
#4677 = FACE_OUTER_BOUND ( 'NONE', #3270, .T. ) ;
#4678 = ORIENTED_EDGE ( 'NONE', *, *, #5241, .T. ) ;
#4679 = DIRECTION ( 'NONE',  ( 0.000000000000000000, 0.7071067811865597852, 0.7071067811865352493 ) ) ;
#4680 = ORIENTED_EDGE ( 'NONE', *, *, #1223, .F. ) ;
#4681 = CARTESIAN_POINT ( 'NONE',  ( -1.760000000000001119, 2.960000000000000853, 2.024999999999999911 ) ) ;
#4682 = VECTOR ( 'NONE', #3083, 1000.000000000000000 ) ;
#4683 = DIRECTION ( 'NONE',  ( 0.000000000000000000, 0.7071067811865474617, -0.7071067811865475727 ) ) ;
#4684 = DIRECTION ( 'NONE',  ( 1.000000000000000000, -0.000000000000000000, -0.000000000000000000 ) ) ;
#4685 = DIRECTION ( 'NONE',  ( -0.5773502691896257311, -0.5773502691896358341, -0.5773502691896157391 ) ) ;
#4686 =( LENGTH_UNIT ( ) NAMED_UNIT ( * ) SI_UNIT ( .MILLI., .METRE. ) );
#4687 = VECTOR ( 'NONE', #2054, 1000.000000000000000 ) ;
#4688 = DIRECTION ( 'NONE',  ( 0.000000000000000000, 0.000000000000000000, -1.000000000000000000 ) ) ;
#4689 = VERTEX_POINT ( 'NONE', #4729 ) ;
#4690 = PLANE ( 'NONE',  #6176 ) ;
#4691 = STYLED_ITEM ( 'NONE', ( #2288 ), #707 ) ;
#4692 = LINE ( 'NONE', #2252, #7574 ) ;
#4693 = CARTESIAN_POINT ( 'NONE',  ( -7.500000000000000000, 3.325000000000000178, 2.024999999999999911 ) ) ;
#4694 = FACE_OUTER_BOUND ( 'NONE', #912, .T. ) ;
#4695 = CARTESIAN_POINT ( 'NONE',  ( -7.725000000000001421, 2.209999999999999520, 1.324999999999999734 ) ) ;
#4696 = DIRECTION ( 'NONE',  ( 0.000000000000000000, 0.000000000000000000, 1.000000000000000000 ) ) ;
#4697 = EDGE_CURVE ( 'NONE', #817, #6387, #3428, .T. ) ;
#4698 = ORIENTED_EDGE ( 'NONE', *, *, #1387, .T. ) ;
#4699 = VERTEX_POINT ( 'NONE', #572 ) ;
#4700 = ORIENTED_EDGE ( 'NONE', *, *, #6466, .T. ) ;
#4701 = ORIENTED_EDGE ( 'NONE', *, *, #276, .F. ) ;
#4702 = LINE ( 'NONE', #4592, #279 ) ;
#4703 = DIRECTION ( 'NONE',  ( -1.000000000000000000, -0.000000000000000000, -0.000000000000000000 ) ) ;
#4704 = DIRECTION ( 'NONE',  ( 1.000000000000000000, 1.136281752823236226E-16, -0.000000000000000000 ) ) ;
#4705 = EDGE_CURVE ( 'NONE', #884, #6891, #2958, .T. ) ;
#4706 = EDGE_CURVE ( 'NONE', #6514, #3798, #3740, .T. ) ;
#4707 = ORIENTED_EDGE ( 'NONE', *, *, #6303, .T. ) ;
#4708 = LINE ( 'NONE', #7037, #1709 ) ;
#4709 = VERTEX_POINT ( 'NONE', #1381 ) ;
#4710 = CARTESIAN_POINT ( 'NONE',  ( -7.605000000000000426, 2.209999999999998188, 2.024999999999999911 ) ) ;
#4711 = ORIENTED_EDGE ( 'NONE', *, *, #382, .T. ) ;
#4712 = VECTOR ( 'NONE', #4338, 1000.000000000000114 ) ;
#4713 = CARTESIAN_POINT ( 'NONE',  ( -4.275000000000000355, 0.000000000000000000, 2.024999999999999911 ) ) ;
#4714 = EDGE_CURVE ( 'NONE', #5777, #5995, #4318, .T. ) ;
#4715 = DIRECTION ( 'NONE',  ( 0.000000000000000000, 0.000000000000000000, -1.000000000000000000 ) ) ;
#4716 = EDGE_CURVE ( 'NONE', #7189, #2263, #67, .T. ) ;
#4717 = EDGE_CURVE ( 'NONE', #5887, #539, #2400, .T. ) ;
#4718 = ORIENTED_EDGE ( 'NONE', *, *, #4344, .F. ) ;
#4719 = LINE ( 'NONE', #1103, #3568 ) ;
#4720 = CARTESIAN_POINT ( 'NONE',  ( 7.875000000000000000, 0.3399999999999997469, -1.315000000000000169 ) ) ;
#4721 = AXIS2_PLACEMENT_3D ( 'NONE', #6912, #2947, #6336 ) ;
#4722 = DIRECTION ( 'NONE',  ( 0.000000000000000000, 0.000000000000000000, -1.000000000000000000 ) ) ;
#4723 = CARTESIAN_POINT ( 'NONE',  ( -7.375000000000000888, 1.009999999999999121, 1.949999999999999289 ) ) ;
#4724 = ORIENTED_EDGE ( 'NONE', *, *, #5792, .T. ) ;
#4725 = PLANE ( 'NONE',  #7543 ) ;
#4726 = ORIENTED_EDGE ( 'NONE', *, *, #6543, .F. ) ;
#4727 = VERTEX_POINT ( 'NONE', #767 ) ;
#4728 = DIRECTION ( 'NONE',  ( 0.000000000000000000, 0.000000000000000000, 1.000000000000000000 ) ) ;
#4729 = CARTESIAN_POINT ( 'NONE',  ( -7.765000000000000568, 2.400000000000000355, 2.024999999999999911 ) ) ;
#4730 = DIRECTION ( 'NONE',  ( -1.000000000000000000, 0.000000000000000000, 0.000000000000000000 ) ) ;
#4731 = LINE ( 'NONE', #5345, #4803 ) ;
#4732 = DIRECTION ( 'NONE',  ( 0.000000000000000000, 0.7071067811865474617, -0.7071067811865475727 ) ) ;
#4733 = VERTEX_POINT ( 'NONE', #1227 ) ;
#4734 = VERTEX_POINT ( 'NONE', #7250 ) ;
#4735 = VERTEX_POINT ( 'NONE', #2992 ) ;
#4736 = ORIENTED_EDGE ( 'NONE', *, *, #3625, .F. ) ;
#4737 = PLANE ( 'NONE',  #5725 ) ;
#4738 = EDGE_CURVE ( 'NONE', #7269, #1727, #24, .T. ) ;
#4739 = EDGE_CURVE ( 'NONE', #3717, #604, #5343, .T. ) ;
#4740 = EDGE_LOOP ( 'NONE', ( #2600, #7446, #2885, #3168 ) ) ;
#4741 = DIRECTION ( 'NONE',  ( 0.000000000000000000, 1.000000000000000000, 0.000000000000000000 ) ) ;
#4742 = LINE ( 'NONE', #5360, #3330 ) ;
#4743 = ORIENTED_EDGE ( 'NONE', *, *, #1076, .F. ) ;
#4744 = DIRECTION ( 'NONE',  ( 1.000000000000000000, 0.000000000000000000, -0.000000000000000000 ) ) ;
#4745 = EDGE_CURVE ( 'NONE', #3480, #6255, #3073, .T. ) ;
#4746 = EDGE_CURVE ( 'NONE', #6049, #3293, #6544, .T. ) ;
#4747 = ORIENTED_EDGE ( 'NONE', *, *, #1388, .F. ) ;
#4748 = EDGE_CURVE ( 'NONE', #4735, #4727, #7136, .T. ) ;
#4749 = VECTOR ( 'NONE', #6300, 1000.000000000000000 ) ;
#4750 = AXIS2_PLACEMENT_3D ( 'NONE', #7031, #1633, #6998 ) ;
#4751 = DIRECTION ( 'NONE',  ( -3.003353243472115058E-16, 1.000000000000000000, 0.000000000000000000 ) ) ;
#4752 = DIRECTION ( 'NONE',  ( 0.000000000000000000, 0.000000000000000000, 1.000000000000000000 ) ) ;
#4753 = VECTOR ( 'NONE', #1348, 1000.000000000000000 ) ;
#4754 = VERTEX_POINT ( 'NONE', #3621 ) ;
#4755 = CARTESIAN_POINT ( 'NONE',  ( -6.790000000000000036, 0.5799999999999995159, 2.024999999999999911 ) ) ;
#4756 = EDGE_LOOP ( 'NONE', ( #5023, #608, #5081, #1030 ) ) ;
#4757 = EDGE_CURVE ( 'NONE', #3624, #2335, #4818, .T. ) ;
#4758 = EDGE_CURVE ( 'NONE', #638, #6812, #6661, .T. ) ;
#4759 = EDGE_CURVE ( 'NONE', #7536, #7084, #6577, .T. ) ;
#4760 = APPLICATION_CONTEXT ( 'automotive_design' ) ;
#4761 = FACE_BOUND ( 'NONE', #4350, .T. ) ;
#4762 = LINE ( 'NONE', #1815, #3246 ) ;
#4763 = CIRCLE ( 'NONE', #6563, 0.2000000000000000944 ) ;
#4764 = VECTOR ( 'NONE', #5716, 1000.000000000000000 ) ;
#4765 = DIRECTION ( 'NONE',  ( 0.000000000000000000, 0.000000000000000000, -1.000000000000000000 ) ) ;
#4766 = CONTEXT_DEPENDENT_SHAPE_REPRESENTATION ( #7495, #2172 ) ;
#4767 = PRODUCT_DEFINITION_SHAPE ( 'NONE', 'NONE',  #4191 ) ;
#4768 = CARTESIAN_POINT ( 'NONE',  ( -5.525000000000000355, 2.084999999999999964, 1.824999999999999956 ) ) ;
#4769 = EDGE_LOOP ( 'NONE', ( #7482, #47, #6053, #5766 ) ) ;
#4770 = VECTOR ( 'NONE', #3074, 1000.000000000000000 ) ;
#4771 = DIRECTION ( 'NONE',  ( 0.000000000000000000, 1.000000000000000000, -2.920409892216845161E-16 ) ) ;
#4772 = CARTESIAN_POINT ( 'NONE',  ( -6.800000000000000711, 3.240000000000000657, -1.224999999999999867 ) ) ;
#4773 = ORIENTED_EDGE ( 'NONE', *, *, #760, .T. ) ;
#4774 = ORIENTED_EDGE ( 'NONE', *, *, #3042, .F. ) ;
#4775 = CARTESIAN_POINT ( 'NONE',  ( -6.439999999999997726, 3.820000000000000728, -1.224999999999999867 ) ) ;
#4776 = CARTESIAN_POINT ( 'NONE',  ( -7.725000000000000533, 0.5300000000000049116, -0.3250000000000000666 ) ) ;
#4777 = FACE_OUTER_BOUND ( 'NONE', #6262, .T. ) ;
#4778 = PLANE ( 'NONE',  #662 ) ;
#4779 = ORIENTED_EDGE ( 'NONE', *, *, #4642, .F. ) ;
#4780 = EDGE_LOOP ( 'NONE', ( #7637, #1875, #1751, #6436, #4924, #3929 ) ) ;
#4781 =( GEOMETRIC_REPRESENTATION_CONTEXT ( 3 ) GLOBAL_UNCERTAINTY_ASSIGNED_CONTEXT ( ( #7327 ) ) GLOBAL_UNIT_ASSIGNED_CONTEXT ( ( #4686, #489, #4036 ) ) REPRESENTATION_CONTEXT ( 'NONE', 'WORKASPACE' ) );
#4782 = ORIENTED_EDGE ( 'NONE', *, *, #5282, .T. ) ;
#4783 = VECTOR ( 'NONE', #1488, 1000.000000000000000 ) ;
#4784 = VERTEX_POINT ( 'NONE', #1264 ) ;
#4785 = CARTESIAN_POINT ( 'NONE',  ( -5.724999999999999645, 1.454999999999999849, 0.000000000000000000 ) ) ;
#4786 = ORIENTED_EDGE ( 'NONE', *, *, #4642, .T. ) ;
#4787 = DIRECTION ( 'NONE',  ( 1.000000000000000000, 0.000000000000000000, -0.000000000000000000 ) ) ;
#4788 = DIRECTION ( 'NONE',  ( 0.000000000000000000, 1.000000000000000000, 1.346834996876403062E-16 ) ) ;
#4789 = CARTESIAN_POINT ( 'NONE',  ( -5.724999999999999645, 0.000000000000000000, 0.06499999999999994671 ) ) ;
#4790 = VECTOR ( 'NONE', #3092, 1000.000000000000000 ) ;
#4791 = EDGE_CURVE ( 'NONE', #4633, #3994, #1948, .T. ) ;
#4792 = CARTESIAN_POINT ( 'NONE',  ( -5.525000000000000355, 1.630000000000000560, 0.06499999999999994671 ) ) ;
#4793 = VECTOR ( 'NONE', #104, 1000.000000000000000 ) ;
#4794 = ORIENTED_EDGE ( 'NONE', *, *, #2974, .F. ) ;
#4795 = CARTESIAN_POINT ( 'NONE',  ( -1.250000000000001110, 3.965000000000001634, 2.024999999999999911 ) ) ;
#4796 = VERTEX_POINT ( 'NONE', #296 ) ;
#4797 = PLANE ( 'NONE',  #2732 ) ;
#4798 = CARTESIAN_POINT ( 'NONE',  ( -5.724999999999999645, 1.629999999999999893, 0.9136038969321070846 ) ) ;
#4799 = EDGE_CURVE ( 'NONE', #5670, #6575, #4385, .T. ) ;
#4800 = VERTEX_POINT ( 'NONE', #6875 ) ;
#4801 = DIRECTION ( 'NONE',  ( 1.000000000000000000, 0.000000000000000000, 0.000000000000000000 ) ) ;
#4802 = EDGE_LOOP ( 'NONE', ( #5191, #7534, #3962, #7404 ) ) ;
#4803 = VECTOR ( 'NONE', #6323, 1000.000000000000000 ) ;
#4804 = CARTESIAN_POINT ( 'NONE',  ( 7.875000000000000000, 0.000000000000000000, 2.024999999999999911 ) ) ;
#4805 = CARTESIAN_POINT ( 'NONE',  ( -5.525000000000000355, 1.586066017177985010, 1.019669914110090003 ) ) ;
#4806 = DIRECTION ( 'NONE',  ( -0.000000000000000000, -0.7071067811865474617, 0.7071067811865474617 ) ) ;
#4807 = CARTESIAN_POINT ( 'NONE',  ( 0.000000000000000000, 0.000000000000000000, 0.000000000000000000 ) ) ;
#4808 = DIRECTION ( 'NONE',  ( 0.000000000000000000, 0.000000000000000000, -1.000000000000000000 ) ) ;
#4809 = EDGE_CURVE ( 'NONE', #4660, #4640, #6797, .T. ) ;
#4810 = EDGE_CURVE ( 'NONE', #3229, #766, #6198, .T. ) ;
#4811 = VECTOR ( 'NONE', #3674, 1000.000000000000000 ) ;
#4812 = VERTEX_POINT ( 'NONE', #5073 ) ;
#4813 = CARTESIAN_POINT ( 'NONE',  ( -7.275000000000000355, 0.4800000000000017031, 0.000000000000000000 ) ) ;
#4814 = ORIENTED_EDGE ( 'NONE', *, *, #751, .T. ) ;
#4815 = VERTEX_POINT ( 'NONE', #2125 ) ;
#4816 = CARTESIAN_POINT ( 'NONE',  ( -6.349999999999999645, 0.000000000000000000, 2.024999999999999911 ) ) ;
#4817 = AXIS2_PLACEMENT_3D ( 'NONE', #2078, #4448, #1444 ) ;
#4818 = LINE ( 'NONE', #5433, #4881 ) ;
#4819 = VECTOR ( 'NONE', #6991, 1000.000000000000000 ) ;
#4820 = DIRECTION ( 'NONE',  ( 1.000000000000000000, 0.000000000000000000, 0.000000000000000000 ) ) ;
#4821 = CARTESIAN_POINT ( 'NONE',  ( -16.62500000000000000, 2.055000000000001048, 2.024999999999999911 ) ) ;
#4822 = ADVANCED_FACE ( 'NONE', ( #3193 ), #3813, .F. ) ;
#4823 = ADVANCED_FACE ( 'NONE', ( #366 ), #2020, .T. ) ;
#4824 = ORIENTED_EDGE ( 'NONE', *, *, #7551, .F. ) ;
#4825 = EDGE_LOOP ( 'NONE', ( #4298, #5194, #1272, #3299, #4157 ) ) ;
#4826 = ORIENTED_EDGE ( 'NONE', *, *, #7258, .F. ) ;
#4827 = EDGE_LOOP ( 'NONE', ( #3529, #62, #2116, #2295 ) ) ;
#4828 = DIRECTION ( 'NONE',  ( -0.000000000000000000, -0.000000000000000000, -1.000000000000000000 ) ) ;
#4829 = LINE ( 'NONE', #7181, #5350 ) ;
#4830 = AXIS2_PLACEMENT_3D ( 'NONE', #4116, #5884, #4156 ) ;
#4831 = CARTESIAN_POINT ( 'NONE',  ( -16.62500000000000000, 1.030000000000000027, -2.024999999999999911 ) ) ;
#4832 = DIRECTION ( 'NONE',  ( -1.197572355469997778E-16, -1.000000000000000000, 0.000000000000000000 ) ) ;
#4833 = ORIENTED_EDGE ( 'NONE', *, *, #1482, .T. ) ;
#4834 = EDGE_LOOP ( 'NONE', ( #1208, #349, #6985, #3401 ) ) ;
#4835 = CARTESIAN_POINT ( 'NONE',  ( -5.725000000000000533, 2.055000000000001048, 2.024999999999999911 ) ) ;
#4836 = CARTESIAN_POINT ( 'NONE',  ( -5.724999999999999645, 0.2999999999999999889, -2.324999999999999734 ) ) ;
#4837 = ORIENTED_EDGE ( 'NONE', *, *, #5637, .T. ) ;
#4838 = CARTESIAN_POINT ( 'NONE',  ( -1.475000000000000533, 0.7800000000000000266, 1.324999999999999734 ) ) ;
#4839 = CIRCLE ( 'NONE', #5815, 0.07500000000000019151 ) ;
#4840 = LINE ( 'NONE', #1894, #1108 ) ;
#4841 = DIRECTION ( 'NONE',  ( -1.000000000000000000, 0.000000000000000000, 0.000000000000000000 ) ) ;
#4842 = PLANE ( 'NONE',  #4047 ) ;
#4843 = LINE ( 'NONE', #6033, #42 ) ;
#4844 = VERTEX_POINT ( 'NONE', #1459 ) ;
#4845 = LINE ( 'NONE', #840, #1562 ) ;
#4846 = DIRECTION ( 'NONE',  ( 1.495451272393798655E-15, 1.000000000000000000, 0.000000000000000000 ) ) ;
#4847 = CARTESIAN_POINT ( 'NONE',  ( -5.724999999999999645, 1.044999999999999929, -1.044999999999999929 ) ) ;
#4848 = AXIS2_PLACEMENT_3D ( 'NONE', #5758, #7088, #2467 ) ;
#4849 = ORIENTED_EDGE ( 'NONE', *, *, #2102, .F. ) ;
#4850 = CARTESIAN_POINT ( 'NONE',  ( 6.790000000000000036, 0.7800000000000015810, 1.824999999999999289 ) ) ;
#4851 = EDGE_CURVE ( 'NONE', #4984, #3587, #5036, .T. ) ;
#4852 = EDGE_CURVE ( 'NONE', #1169, #4166, #5645, .T. ) ;
#4853 = LINE ( 'NONE', #147, #5384 ) ;
#4854 = DIRECTION ( 'NONE',  ( 0.000000000000000000, -1.000000000000000000, 0.000000000000000000 ) ) ;
#4855 = DIRECTION ( 'NONE',  ( -0.000000000000000000, -0.000000000000000000, 1.000000000000000000 ) ) ;
#4856 = ORIENTED_EDGE ( 'NONE', *, *, #2804, .F. ) ;
#4857 = VERTEX_POINT ( 'NONE', #6763 ) ;
#4858 = LINE ( 'NONE', #4785, #3522 ) ;
#4859 = EDGE_CURVE ( 'NONE', #1072, #1992, #2601, .T. ) ;
#4860 = EDGE_CURVE ( 'NONE', #2683, #4384, #4112, .T. ) ;
#4861 = FACE_OUTER_BOUND ( 'NONE', #4064, .T. ) ;
#4862 = ADVANCED_FACE ( 'NONE', ( #2094 ), #2746, .F. ) ;
#4863 = CARTESIAN_POINT ( 'NONE',  ( -7.015000000000000568, 4.120000000000000107, 0.09499999999999961253 ) ) ;
#4864 = LINE ( 'NONE', #4364, #6525 ) ;
#4865 = ORIENTED_EDGE ( 'NONE', *, *, #5943, .F. ) ;
#4866 = CARTESIAN_POINT ( 'NONE',  ( -7.725000000000000533, 0.5300000000000049116, -0.3250000000000000666 ) ) ;
#4867 = VECTOR ( 'NONE', #323, 1000.000000000000000 ) ;
#4868 = ORIENTED_EDGE ( 'NONE', *, *, #5770, .F. ) ;
#4869 = EDGE_LOOP ( 'NONE', ( #3553, #7471, #5812, #371, #3639, #7027, #7155, #114, #2226 ) ) ;
#4870 = CARTESIAN_POINT ( 'NONE',  ( -5.977863700796166135, 4.250000000000000000, 3.451321216833561856 ) ) ;
#4871 = VECTOR ( 'NONE', #2598, 1000.000000000000000 ) ;
#4872 = DIRECTION ( 'NONE',  ( 0.000000000000000000, -1.000000000000000000, 0.000000000000000000 ) ) ;
#4873 = CARTESIAN_POINT ( 'NONE',  ( -6.439999999999997726, 3.240000000000001101, -2.024999999999999911 ) ) ;
#4874 = CARTESIAN_POINT ( 'NONE',  ( -8.750000000000000000, 3.965000000000001634, 0.000000000000000000 ) ) ;
#4875 = AXIS2_PLACEMENT_3D ( 'NONE', #4362, #1989, #778 ) ;
#4876 =( LENGTH_UNIT ( ) NAMED_UNIT ( * ) SI_UNIT ( .MILLI., .METRE. ) );
#4877 = CARTESIAN_POINT ( 'NONE',  ( -2.812500000000000888, 2.055000000000001048, 2.024999999999999911 ) ) ;
#4878 = CARTESIAN_POINT ( 'NONE',  ( -8.750000000000000000, 0.7800000000000006928, 0.06499999999999994671 ) ) ;
#4879 = DIRECTION ( 'NONE',  ( 1.197572355469997778E-16, -1.000000000000000000, 0.000000000000000000 ) ) ;
#4880 = VECTOR ( 'NONE', #3317, 1000.000000000000000 ) ;
#4881 = VECTOR ( 'NONE', #1869, 1000.000000000000000 ) ;
#4882 = LINE ( 'NONE', #175, #6968 ) ;
#4883 = ADVANCED_FACE ( 'NONE', ( #331 ), #845, .T. ) ;
#4884 = ADVANCED_FACE ( 'NONE', ( #2639 ), #1538, .T. ) ;
#4885 = ORIENTED_EDGE ( 'NONE', *, *, #3433, .T. ) ;
#4886 = DIRECTION ( 'NONE',  ( 1.000000000000000000, 0.000000000000000000, 0.000000000000000000 ) ) ;
#4887 = CARTESIAN_POINT ( 'NONE',  ( -4.474999999999999645, 1.630000000000000782, 0.06499999999999994671 ) ) ;
#4888 = CARTESIAN_POINT ( 'NONE',  ( -5.525000000000000355, 2.085000000000000409, 2.024999999999999911 ) ) ;
#4889 = AXIS2_PLACEMENT_3D ( 'NONE', #1729, #5224, #5835 ) ;
#4890 = VECTOR ( 'NONE', #5336, 1000.000000000000114 ) ;
#4891 = ORIENTED_EDGE ( 'NONE', *, *, #1759, .F. ) ;
#4892 = LINE ( 'NONE', #6542, #3024 ) ;
#4893 = DIRECTION ( 'NONE',  ( 1.000000000000000000, 0.000000000000000000, 0.000000000000000000 ) ) ;
#4894 = DIRECTION ( 'NONE',  ( -1.000000000000000000, 0.000000000000000000, 0.000000000000000000 ) ) ;
#4895 = LINE ( 'NONE', #773, #1198 ) ;
#4896 = DIRECTION ( 'NONE',  ( 0.000000000000000000, 0.000000000000000000, 1.000000000000000000 ) ) ;
#4897 = VECTOR ( 'NONE', #4685, 999.9999999999998863 ) ;
#4898 = VECTOR ( 'NONE', #553, 1000.000000000000000 ) ;
#4899 = EDGE_CURVE ( 'NONE', #6020, #6537, #4999, .T. ) ;
#4900 = ORIENTED_EDGE ( 'NONE', *, *, #431, .F. ) ;
#4901 = ORIENTED_EDGE ( 'NONE', *, *, #5425, .T. ) ;
#4902 = CARTESIAN_POINT ( 'NONE',  ( -1.375000000000001332, 8.777094706955511913E-18, 0.09499999999999998723 ) ) ;
#4903 = CARTESIAN_POINT ( 'NONE',  ( -5.525000000000000355, 1.498933982822020061, 1.106801948466051844 ) ) ;
#4904 = VECTOR ( 'NONE', #2312, 1000.000000000000000 ) ;
#4905 = DIRECTION ( 'NONE',  ( 0.000000000000000000, -0.7071067811865492381, -0.7071067811865457964 ) ) ;
#4906 = DIRECTION ( 'NONE',  ( 0.000000000000000000, 0.000000000000000000, 1.000000000000000000 ) ) ;
#4907 =( GEOMETRIC_REPRESENTATION_CONTEXT ( 3 ) GLOBAL_UNCERTAINTY_ASSIGNED_CONTEXT ( ( #6122 ) ) GLOBAL_UNIT_ASSIGNED_CONTEXT ( ( #3338, #4388, #7550 ) ) REPRESENTATION_CONTEXT ( 'NONE', 'WORKASPACE' ) );
#4908 = DIRECTION ( 'NONE',  ( 0.7071067811865495711, -0.7071067811865454633, 0.000000000000000000 ) ) ;
#4909 = EDGE_CURVE ( 'NONE', #7368, #2013, #2675, .T. ) ;
#4910 = VECTOR ( 'NONE', #2353, 1000.000000000000000 ) ;
#4911 = ORIENTED_EDGE ( 'NONE', *, *, #7316, .F. ) ;
#4912 = CARTESIAN_POINT ( 'NONE',  ( -5.724999999999999645, 1.796421356237309919, 1.766421356237310114 ) ) ;
#4913 = ORIENTED_EDGE ( 'NONE', *, *, #1223, .T. ) ;
#4914 = CARTESIAN_POINT ( 'NONE',  ( -4.688125000000001208, 2.255000000000000338, 4.126874999999999183 ) ) ;
#4915 = DIRECTION ( 'NONE',  ( -1.000000000000000000, 0.000000000000000000, -0.000000000000000000 ) ) ;
#4916 = DIRECTION ( 'NONE',  ( 0.000000000000000000, 0.000000000000000000, 1.000000000000000000 ) ) ;
#4917 = EDGE_CURVE ( 'NONE', #6024, #3964, #4494, .T. ) ;
#4918 = EDGE_LOOP ( 'NONE', ( #6217, #687, #6065, #2826, #7008 ) ) ;
#4919 = EDGE_CURVE ( 'NONE', #4796, #5120, #3335, .T. ) ;
#4920 = FACE_OUTER_BOUND ( 'NONE', #6550, .T. ) ;
#4921 = AXIS2_PLACEMENT_3D ( 'NONE', #7121, #3644, #5985 ) ;
#4922 = PLANE ( 'NONE',  #5515 ) ;
#4923 = FACE_OUTER_BOUND ( 'NONE', #5146, .T. ) ;
#4924 = ORIENTED_EDGE ( 'NONE', *, *, #2129, .T. ) ;
#4925 = CARTESIAN_POINT ( 'NONE',  ( -5.724999999999999645, 0.2999999999999999889, -2.824999999999999734 ) ) ;
#4926 = CARTESIAN_POINT ( 'NONE',  ( -5.724999999999999645, 0.9300000000000000488, 1.378567737020261808 ) ) ;
#4927 = DIRECTION ( 'NONE',  ( 0.000000000000000000, 0.000000000000000000, 1.000000000000000000 ) ) ;
#4928 = ORIENTED_EDGE ( 'NONE', *, *, #4714, .F. ) ;
#4929 = DIRECTION ( 'NONE',  ( 0.000000000000000000, -1.000000000000000000, 0.000000000000000000 ) ) ;
#4930 = PLANE ( 'NONE',  #1535 ) ;
#4931 = VECTOR ( 'NONE', #4623, 1000.000000000000000 ) ;
#4932 = LINE ( 'NONE', #6047, #448 ) ;
#4933 = DIRECTION ( 'NONE',  ( 0.000000000000000000, 0.7071067811865490160, -0.7071067811865460184 ) ) ;
#4934 = ORIENTED_EDGE ( 'NONE', *, *, #7416, .F. ) ;
#4935 = ORIENTED_EDGE ( 'NONE', *, *, #862, .F. ) ;
#4936 = ORIENTED_EDGE ( 'NONE', *, *, #3443, .F. ) ;
#4937 = VECTOR ( 'NONE', #1393, 1000.000000000000000 ) ;
#4938 = FACE_OUTER_BOUND ( 'NONE', #2344, .T. ) ;
#4939 = LINE ( 'NONE', #4214, #1705 ) ;
#4940 = CIRCLE ( 'NONE', #4817, 0.08500000000000000611 ) ;
#4941 = CARTESIAN_POINT ( 'NONE',  ( -1.250000000000001110, 8.777094706955511913E-18, 0.09499999999999998723 ) ) ;
#4942 = EDGE_LOOP ( 'NONE', ( #1231, #2192, #3747, #6185, #2338, #4849, #6487, #3159, #1118, #2261, #1708, #1954, #4235, #4900, #2686, #2299, #5723, #6116, #4743, #518, #924 ) ) ;
#4943 = EDGE_LOOP ( 'NONE', ( #5430, #64, #3365, #2358 ) ) ;
#4944 = ADVANCED_FACE ( 'NONE', ( #7547 ), #2242, .T. ) ;
#4945 = PLANE ( 'NONE',  #983 ) ;
#4946 = CARTESIAN_POINT ( 'NONE',  ( -1.424999999999999156, 2.259999999999999343, 2.024999999999999911 ) ) ;
#4947 = FACE_OUTER_BOUND ( 'NONE', #4802, .T. ) ;
#4948 = VERTEX_POINT ( 'NONE', #2831 ) ;
#4949 = LINE ( 'NONE', #4838, #6634 ) ;
#4950 = DIRECTION ( 'NONE',  ( -0.000000000000000000, 0.000000000000000000, -1.000000000000000000 ) ) ;
#4951 = CARTESIAN_POINT ( 'NONE',  ( -1.735000000000000320, 1.903000000000000025, 0.000000000000000000 ) ) ;
#4952 = ADVANCED_FACE ( 'NONE', ( #3456 ), #1064, .T. ) ;
#4953 = ADVANCED_FACE ( 'NONE', ( #3417 ), #1576, .F. ) ;
#4954 = CARTESIAN_POINT ( 'NONE',  ( -0.8750000000000007772, 3.400000000000000355, 0.06499999999999994671 ) ) ;
#4955 = ADVANCED_FACE ( 'NONE', ( #4575 ), #1694, .T. ) ;
#4956 = CARTESIAN_POINT ( 'NONE',  ( -8.750000000000000000, 4.237045877651918877E-30, -2.496936092690336118 ) ) ;
#4957 = DIRECTION ( 'NONE',  ( 0.000000000000000000, 0.000000000000000000, -1.000000000000000000 ) ) ;
#4958 = ORIENTED_EDGE ( 'NONE', *, *, #2623, .T. ) ;
#4959 = DIRECTION ( 'NONE',  ( 0.000000000000000000, 0.000000000000000000, -1.000000000000000000 ) ) ;
#4960 = CARTESIAN_POINT ( 'NONE',  ( -6.989999999999999325, 0.5799999999999995159, 2.024999999999999911 ) ) ;
#4961 = DIRECTION ( 'NONE',  ( 0.000000000000000000, -0.7971161324486288891, -0.6038260274202660316 ) ) ;
#4962 = ORIENTED_EDGE ( 'NONE', *, *, #5637, .F. ) ;
#4963 = DIRECTION ( 'NONE',  ( 0.000000000000000000, 1.000000000000000000, -0.000000000000000000 ) ) ;
#4964 = AXIS2_PLACEMENT_3D ( 'NONE', #1965, #666, #3640 ) ;
#4965 = DIRECTION ( 'NONE',  ( 0.000000000000000000, 0.000000000000000000, 1.000000000000000000 ) ) ;
#4966 = PRODUCT_DEFINITION_CONTEXT ( 'detailed design', #7099, 'design' ) ;
#4967 = PLANE ( 'NONE',  #2315 ) ;
#4968 = ORIENTED_EDGE ( 'NONE', *, *, #7598, .T. ) ;
#4969 = ORIENTED_EDGE ( 'NONE', *, *, #2728, .T. ) ;
#4970 = ORIENTED_EDGE ( 'NONE', *, *, #5209, .T. ) ;
#4971 = CARTESIAN_POINT ( 'NONE',  ( -7.500000000000000000, 3.965000000000001634, 0.06499999999999994671 ) ) ;
#4972 = ORIENTED_EDGE ( 'NONE', *, *, #1481, .F. ) ;
#4973 = DIRECTION ( 'NONE',  ( 1.000000000000000000, 0.000000000000000000, 0.000000000000000000 ) ) ;
#4974 = CARTESIAN_POINT ( 'NONE',  ( -0.8750000000000007772, 2.209999999999999520, 1.975000000000001865 ) ) ;
#4975 = ORIENTED_EDGE ( 'NONE', *, *, #2015, .F. ) ;
#4976 = CARTESIAN_POINT ( 'NONE',  ( -5.525000000000000355, 0.5500000000000010436, 2.024999999999999911 ) ) ;
#4977 = EDGE_CURVE ( 'NONE', #5042, #7615, #5712, .T. ) ;
#4978 = ORIENTED_EDGE ( 'NONE', *, *, #5209, .F. ) ;
#4979 = CARTESIAN_POINT ( 'NONE',  ( -1.735000000000000320, 8.777094706955511913E-18, 0.09499999999999998723 ) ) ;
#4980 = VERTEX_POINT ( 'NONE', #5151 ) ;
#4981 = CARTESIAN_POINT ( 'NONE',  ( -6.363749999999999574, 2.255000000000000338, 1.824999999999999289 ) ) ;
#4982 = DIRECTION ( 'NONE',  ( -0.000000000000000000, -0.000000000000000000, 1.000000000000000000 ) ) ;
#4983 = LINE ( 'NONE', #7237, #5919 ) ;
#4984 = VERTEX_POINT ( 'NONE', #6460 ) ;
#4985 = EDGE_CURVE ( 'NONE', #1363, #5437, #7475, .T. ) ;
#4986 = ADVANCED_FACE ( 'NONE', ( #5836 ), #2206, .T. ) ;
#4987 = DIRECTION ( 'NONE',  ( 0.000000000000000000, -1.000000000000000000, 0.000000000000000000 ) ) ;
#4988 = FACE_OUTER_BOUND ( 'NONE', #6888, .T. ) ;
#4989 = AXIS2_PLACEMENT_3D ( 'NONE', #6608, #2428, #135 ) ;
#4990 = DIRECTION ( 'NONE',  ( 0.000000000000000000, 0.000000000000000000, -1.000000000000000000 ) ) ;
#4991 = LINE ( 'NONE', #907, #5967 ) ;
#4992 = DIRECTION ( 'NONE',  ( 0.000000000000000000, 0.7071067811865474617, -0.7071067811865475727 ) ) ;
#4993 = FACE_OUTER_BOUND ( 'NONE', #3643, .T. ) ;
#4994 = AXIS2_PLACEMENT_3D ( 'NONE', #2509, #1944, #841 ) ;
#4995 = EDGE_CURVE ( 'NONE', #5294, #4038, #5696, .T. ) ;
#4996 = DIRECTION ( 'NONE',  ( 0.000000000000000000, 1.000000000000000000, 0.000000000000000000 ) ) ;
#4997 = LINE ( 'NONE', #807, #3213 ) ;
#4998 = ORIENTED_EDGE ( 'NONE', *, *, #6220, .F. ) ;
#4999 = LINE ( 'NONE', #4425, #3618 ) ;
#5000 = AXIS2_PLACEMENT_3D ( 'NONE', #6264, #952, #3954 ) ;
#5001 = AXIS2_PLACEMENT_3D ( 'NONE', #7221, #117, #4787 ) ;
#5002 = VECTOR ( 'NONE', #6627, 1000.000000000000227 ) ;
#5003 = DIRECTION ( 'NONE',  ( 0.000000000000000000, 0.000000000000000000, 1.000000000000000000 ) ) ;
#5004 = DIRECTION ( 'NONE',  ( 1.000000000000000000, 0.000000000000000000, -0.000000000000000000 ) ) ;
#5005 = EDGE_LOOP ( 'NONE', ( #5509, #5976, #6316, #253 ) ) ;
#5006 = AXIS2_PLACEMENT_3D ( 'NONE', #3603, #3519, #2303 ) ;
#5007 = ADVANCED_FACE ( 'NONE', ( #1021 ), #2311, .F. ) ;
#5008 = ORIENTED_EDGE ( 'NONE', *, *, #5942, .F. ) ;
#5009 = VERTEX_POINT ( 'NONE', #4227 ) ;
#5010 = DIRECTION ( 'NONE',  ( 1.000000000000000000, -0.000000000000000000, -0.000000000000000000 ) ) ;
#5011 = LINE ( 'NONE', #7375, #1667 ) ;
#5012 = APPLICATION_CONTEXT ( 'automotive_design' ) ;
#5013 = VECTOR ( 'NONE', #4933, 1000.000000000000227 ) ;
#5014 = VECTOR ( 'NONE', #369, 1000.000000000000000 ) ;
#5015 = VECTOR ( 'NONE', #7476, 1000.000000000000000 ) ;
#5016 = ORIENTED_EDGE ( 'NONE', *, *, #1100, .T. ) ;
#5017 = VECTOR ( 'NONE', #1485, 1000.000000000000000 ) ;
#5018 = DIRECTION ( 'NONE',  ( 0.000000000000000000, -0.000000000000000000, -1.000000000000000000 ) ) ;
#5019 = ORIENTED_EDGE ( 'NONE', *, *, #1087, .T. ) ;
#5020 = CARTESIAN_POINT ( 'NONE',  ( -7.375000000000000000, 4.120000000000000107, 0.09499999999999961253 ) ) ;
#5021 = CARTESIAN_POINT ( 'NONE',  ( -5.525000000000000355, 2.085000000000000409, -2.024999999999999911 ) ) ;
#5022 = CARTESIAN_POINT ( 'NONE',  ( -16.62500000000000000, 2.960000000000000853, 2.024999999999999911 ) ) ;
#5023 = ORIENTED_EDGE ( 'NONE', *, *, #4995, .T. ) ;
#5024 = PLANE ( 'NONE',  #404 ) ;
#5025 = AXIS2_PLACEMENT_3D ( 'NONE', #6330, #324, #2702 ) ;
#5026 = DIRECTION ( 'NONE',  ( -0.000000000000000000, -0.000000000000000000, 1.000000000000000000 ) ) ;
#5027 = DIRECTION ( 'NONE',  ( 0.000000000000000000, 1.000000000000000000, 0.000000000000000000 ) ) ;
#5028 = DIRECTION ( 'NONE',  ( -0.000000000000000000, 1.000000000000000000, 0.000000000000000000 ) ) ;
#5029 = DIRECTION ( 'NONE',  ( 0.000000000000000000, 0.000000000000000000, 1.000000000000000000 ) ) ;
#5030 = CARTESIAN_POINT ( 'NONE',  ( -6.790000000000000036, 0.5799999999999995159, 2.024999999999999911 ) ) ;
#5031 = ORIENTED_EDGE ( 'NONE', *, *, #4103, .T. ) ;
#5032 = PLANE ( 'NONE',  #5155 ) ;
#5033 = DIRECTION ( 'NONE',  ( 0.000000000000000000, 0.000000000000000000, -1.000000000000000000 ) ) ;
#5034 = FACE_OUTER_BOUND ( 'NONE', #7092, .T. ) ;
#5035 = EDGE_LOOP ( 'NONE', ( #2230, #3935, #2198, #2956 ) ) ;
#5036 = LINE ( 'NONE', #7428, #1620 ) ;
#5037 = EDGE_CURVE ( 'NONE', #1701, #3331, #4762, .T. ) ;
#5038 = CARTESIAN_POINT ( 'NONE',  ( -4.062499999999998224, 2.255000000000000338, 0.06499999999999994671 ) ) ;
#5039 = EDGE_CURVE ( 'NONE', #422, #3792, #1216, .T. ) ;
#5040 = DIRECTION ( 'NONE',  ( 0.000000000000000000, -0.7071067811865474617, -0.7071067811865474617 ) ) ;
#5041 = ORIENTED_EDGE ( 'NONE', *, *, #363, .T. ) ;
#5042 = VERTEX_POINT ( 'NONE', #1937 ) ;
#5043 = PLANE ( 'NONE',  #2840 ) ;
#5044 = ORIENTED_EDGE ( 'NONE', *, *, #1725, .F. ) ;
#5045 = VERTEX_POINT ( 'NONE', #7124 ) ;
#5046 = CARTESIAN_POINT ( 'NONE',  ( -7.725000000000000533, 1.709999999999999520, 1.324999999999999734 ) ) ;
#5047 = VECTOR ( 'NONE', #5816, 1000.000000000000000 ) ;
#5048 = LINE ( 'NONE', #6278, #3793 ) ;
#5049 = DIRECTION ( 'NONE',  ( 0.000000000000000000, -1.000000000000000000, 0.000000000000000000 ) ) ;
#5050 = EDGE_CURVE ( 'NONE', #4512, #1602, #5334, .T. ) ;
#5051 = EDGE_CURVE ( 'NONE', #379, #6275, #1180, .T. ) ;
#5052 = EDGE_LOOP ( 'NONE', ( #2024, #6815, #142, #6635, #2433 ) ) ;
#5053 = EDGE_LOOP ( 'NONE', ( #52, #5694, #511, #391 ) ) ;
#5054 = CARTESIAN_POINT ( 'NONE',  ( -2.310000000000003162, 3.820000000000000728, -1.224999999999999867 ) ) ;
#5055 = ORIENTED_EDGE ( 'NONE', *, *, #3253, .T. ) ;
#5056 = VECTOR ( 'NONE', #5150, 1000.000000000000000 ) ;
#5057 = LINE ( 'NONE', #6895, #1613 ) ;
#5058 = CARTESIAN_POINT ( 'NONE',  ( -1.950000000000000400, 3.240000000000000657, -1.224999999999999867 ) ) ;
#5059 = ORIENTED_EDGE ( 'NONE', *, *, #2205, .F. ) ;
#5060 = DIRECTION ( 'NONE',  ( 1.000000000000000000, 0.000000000000000000, -0.000000000000000000 ) ) ;
#5061 = CARTESIAN_POINT ( 'NONE',  ( 7.875000000000000000, 2.055000000000001048, 2.024999999999999911 ) ) ;
#5062 = DIRECTION ( 'NONE',  ( 1.000000000000000000, 0.000000000000000000, 0.000000000000000000 ) ) ;
#5063 = CARTESIAN_POINT ( 'NONE',  ( -5.724999999999999645, 1.454999999999999849, 1.362867965644034118 ) ) ;
#5064 = VECTOR ( 'NONE', #685, 1000.000000000000000 ) ;
#5065 = CARTESIAN_POINT ( 'NONE',  ( -7.375000000000000888, 1.719999999999999529, 2.024999999999999911 ) ) ;
#5066 = EDGE_LOOP ( 'NONE', ( #4837, #3482, #2891, #2736 ) ) ;
#5067 = CARTESIAN_POINT ( 'NONE',  ( -1.145000000000000240, -0.06250000000000049960, -0.06250000000000077716 ) ) ;
#5068 = LINE ( 'NONE', #4534, #899 ) ;
#5069 = ADVANCED_FACE ( 'NONE', ( #3020 ), #5951, .F. ) ;
#5070 = ADVANCED_FACE ( 'NONE', ( #6030 ), #6533, .F. ) ;
#5071 = CARTESIAN_POINT ( 'NONE',  ( -1.735000000000000320, 1.903000000000000025, 0.000000000000000000 ) ) ;
#5072 = VERTEX_POINT ( 'NONE', #2504 ) ;
#5073 = CARTESIAN_POINT ( 'NONE',  ( -5.724999999999999645, 0.5999999999999999778, -2.024999999999999911 ) ) ;
#5074 = LINE ( 'NONE', #2790, #6849 ) ;
#5075 = DIRECTION ( 'NONE',  ( 1.000000000000000000, 2.403995947861434526E-16, 0.000000000000000000 ) ) ;
#5076 = EDGE_LOOP ( 'NONE', ( #2370, #4432, #1833, #4054, #5163 ) ) ;
#5077 = ORIENTED_EDGE ( 'NONE', *, *, #3492, .T. ) ;
#5078 = FILL_AREA_STYLE_COLOUR ( '', #3598 ) ;
#5079 = ADVANCED_FACE ( 'NONE', ( #3648 ), #5492, .F. ) ;
#5080 = ORIENTED_EDGE ( 'NONE', *, *, #1191, .T. ) ;
#5081 = ORIENTED_EDGE ( 'NONE', *, *, #7610, .F. ) ;
#5082 = LINE ( 'NONE', #7406, #6482 ) ;
#5083 = VECTOR ( 'NONE', #4520, 1000.000000000000000 ) ;
#5084 = CARTESIAN_POINT ( 'NONE',  ( -5.724999999999999645, 1.454999999999999849, 1.362867965644034118 ) ) ;
#5085 = CARTESIAN_POINT ( 'NONE',  ( -1.375000000000000444, 0.000000000000000000, -0.2750000000000000777 ) ) ;
#5086 = ORIENTED_EDGE ( 'NONE', *, *, #5367, .F. ) ;
#5087 = CARTESIAN_POINT ( 'NONE',  ( -1.145000000000000240, 2.209999999999999520, -0.2750000000000000777 ) ) ;
#5088 = ADVANCED_FACE ( 'NONE', ( #171 ), #5457, .F. ) ;
#5089 = EDGE_CURVE ( 'NONE', #6792, #4800, #7158, .T. ) ;
#5090 = VERTEX_POINT ( 'NONE', #4805 ) ;
#5091 = CARTESIAN_POINT ( 'NONE',  ( -5.525000000000000355, 1.855000000000000204, 0.06499999999999994671 ) ) ;
#5092 = EDGE_LOOP ( 'NONE', ( #360, #6227, #897, #1865 ) ) ;
#5093 = AXIS2_PLACEMENT_3D ( 'NONE', #6232, #4963, #6119 ) ;
#5094 = CARTESIAN_POINT ( 'NONE',  ( -1.375000000000001332, 1.903000000000000025, -1.334999999999999742 ) ) ;
#5095 = CARTESIAN_POINT ( 'NONE',  ( -1.375000000000001332, 3.965000000000001634, 0.09499999999999966804 ) ) ;
#5096 = ORIENTED_EDGE ( 'NONE', *, *, #724, .T. ) ;
#5097 = DIRECTION ( 'NONE',  ( 0.000000000000000000, 0.000000000000000000, 1.000000000000000000 ) ) ;
#5098 = CARTESIAN_POINT ( 'NONE',  ( -1.375000000000000444, -1.828238918348616824E-15, -0.1250000000000009992 ) ) ;
#5099 = DIRECTION ( 'NONE',  ( -0.000000000000000000, -0.7071067811865597852, 0.7071067811865352493 ) ) ;
#5100 = DIRECTION ( 'NONE',  ( 0.000000000000000000, 1.000000000000000000, 0.000000000000000000 ) ) ;
#5101 = ORIENTED_EDGE ( 'NONE', *, *, #7514, .F. ) ;
#5102 = DIRECTION ( 'NONE',  ( 0.000000000000000000, 0.7071067811865490160, -0.7071067811865460184 ) ) ;
#5103 = LINE ( 'NONE', #1611, #6713 ) ;
#5104 = DIRECTION ( 'NONE',  ( 0.000000000000000000, 0.000000000000000000, 1.000000000000000000 ) ) ;
#5105 = DIRECTION ( 'NONE',  ( 1.000000000000000000, -9.035018104045847275E-16, 0.000000000000000000 ) ) ;
#5106 = DIRECTION ( 'NONE',  ( 0.000000000000000000, 0.000000000000000000, -1.000000000000000000 ) ) ;
#5107 = DIRECTION ( 'NONE',  ( 0.000000000000000000, 0.000000000000000000, 1.000000000000000000 ) ) ;
#5108 = PLANE ( 'NONE',  #412 ) ;
#5109 = EDGE_CURVE ( 'NONE', #2396, #5331, #1255, .T. ) ;
#5110 = VERTEX_POINT ( 'NONE', #1859 ) ;
#5111 = ORIENTED_EDGE ( 'NONE', *, *, #1462, .F. ) ;
#5112 = DIRECTION ( 'NONE',  ( -0.000000000000000000, 0.000000000000000000, 1.000000000000000000 ) ) ;
#5113 = ORIENTED_EDGE ( 'NONE', *, *, #1482, .F. ) ;
#5114 = AXIS2_PLACEMENT_3D ( 'NONE', #6382, #1574, #2090 ) ;
#5115 = PLANE ( 'NONE',  #3405 ) ;
#5116 = VECTOR ( 'NONE', #5280, 1000.000000000000000 ) ;
#5117 = FACE_OUTER_BOUND ( 'NONE', #6787, .T. ) ;
#5118 = FACE_OUTER_BOUND ( 'NONE', #5398, .T. ) ;
#5119 = VECTOR ( 'NONE', #4022, 1000.000000000000000 ) ;
#5120 = VERTEX_POINT ( 'NONE', #6568 ) ;
#5121 = AXIS2_PLACEMENT_3D ( 'NONE', #453, #2321, #3382 ) ;
#5122 = CARTESIAN_POINT ( 'NONE',  ( -5.724999999999999645, 0.5500000000000010436, 2.024999999999999911 ) ) ;
#5123 = EDGE_LOOP ( 'NONE', ( #5424, #7648, #4969, #1909 ) ) ;
#5124 = DIRECTION ( 'NONE',  ( 0.000000000000000000, 0.7071067811865485719, -0.7071067811865465735 ) ) ;
#5125 = VERTEX_POINT ( 'NONE', #4309 ) ;
#5126 = LINE ( 'NONE', #5659, #1521 ) ;
#5127 = VERTEX_POINT ( 'NONE', #5988 ) ;
#5128 = VECTOR ( 'NONE', #5392, 1000.000000000000000 ) ;
#5129 = VECTOR ( 'NONE', #5460, 1000.000000000000000 ) ;
#5130 = PLANE ( 'NONE',  #7272 ) ;
#5131 = DIRECTION ( 'NONE',  ( -0.000000000000000000, 0.000000000000000000, -1.000000000000000000 ) ) ;
#5132 = EDGE_LOOP ( 'NONE', ( #3580, #5059, #5341, #91 ) ) ;
#5133 = CARTESIAN_POINT ( 'NONE',  ( -5.312499999999999112, 0.000000000000000000, 0.06499999999999994671 ) ) ;
#5134 = VECTOR ( 'NONE', #5180, 1000.000000000000000 ) ;
#5135 = VECTOR ( 'NONE', #2854, 1000.000000000000000 ) ;
#5136 = EDGE_LOOP ( 'NONE', ( #2606, #2507, #467, #580, #4962, #5733, #414, #7152, #531, #3130, #3849, #1499, #4551, #311 ) ) ;
#5137 = CARTESIAN_POINT ( 'NONE',  ( -3.225000000000000533, 2.085000000000000409, -2.024999999999999911 ) ) ;
#5138 = DIRECTION ( 'NONE',  ( 0.000000000000000000, -1.000000000000000000, 0.000000000000000000 ) ) ;
#5139 = CARTESIAN_POINT ( 'NONE',  ( -5.525000000000000355, 0.7800000000000004707, 1.824999999999998845 ) ) ;
#5140 = DIRECTION ( 'NONE',  ( -0.000000000000000000, 1.000000000000000000, -0.000000000000000000 ) ) ;
#5141 = EDGE_CURVE ( 'NONE', #1677, #3173, #6647, .T. ) ;
#5142 = CARTESIAN_POINT ( 'NONE',  ( -4.275000000000000355, 0.000000000000000000, 2.024999999999999911 ) ) ;
#5143 = ADVANCED_FACE ( 'NONE', ( #3062 ), #5418, .T. ) ;
#5144 = EDGE_CURVE ( 'NONE', #4472, #6626, #7201, .T. ) ;
#5145 = CARTESIAN_POINT ( 'NONE',  ( -1.024999999999999911, 0.7799999999999999156, -0.3250000000000000666 ) ) ;
#5146 = EDGE_LOOP ( 'NONE', ( #3040, #6008, #3388, #5483 ) ) ;
#5147 = VECTOR ( 'NONE', #480, 1000.000000000000000 ) ;
#5148 = PLANE ( 'NONE',  #438 ) ;
#5149 = LINE ( 'NONE', #292, #7066 ) ;
#5150 = DIRECTION ( 'NONE',  ( -1.000000000000000000, 0.000000000000000000, 0.000000000000000000 ) ) ;
#5151 = CARTESIAN_POINT ( 'NONE',  ( -3.225000000000000533, 2.055000000000001048, 2.024999999999999911 ) ) ;
#5152 = CARTESIAN_POINT ( 'NONE',  ( -5.724999999999999645, 0.000000000000000000, 0.06499999999999998834 ) ) ;
#5153 = DIRECTION ( 'NONE',  ( -0.000000000000000000, 0.000000000000000000, -1.000000000000000000 ) ) ;
#5154 = ORIENTED_EDGE ( 'NONE', *, *, #998, .T. ) ;
#5155 = AXIS2_PLACEMENT_3D ( 'NONE', #3846, #6868, #4996 ) ;
#5156 = DIRECTION ( 'NONE',  ( -1.000000000000000000, -0.000000000000000000, -0.000000000000000000 ) ) ;
#5157 = ORIENTED_EDGE ( 'NONE', *, *, #6873, .T. ) ;
#5158 = ORIENTED_EDGE ( 'NONE', *, *, #1290, .F. ) ;
#5159 = CARTESIAN_POINT ( 'NONE',  ( -1.375000000000000444, -1.772945837721657397E-15, -2.496936092690336118 ) ) ;
#5160 = DIRECTION ( 'NONE',  ( 0.000000000000000000, -1.000000000000000000, 9.239047059953170954E-17 ) ) ;
#5161 = PLANE ( 'NONE',  #5786 ) ;
#5162 = VECTOR ( 'NONE', #4987, 1000.000000000000000 ) ;
#5163 = ORIENTED_EDGE ( 'NONE', *, *, #5272, .T. ) ;
#5164 = VERTEX_POINT ( 'NONE', #1373 ) ;
#5165 = VECTOR ( 'NONE', #2325, 1000.000000000000000 ) ;
#5166 = CARTESIAN_POINT ( 'NONE',  ( -1.375000000000000444, 1.009999999999999121, 1.864999999999999325 ) ) ;
#5167 = EDGE_LOOP ( 'NONE', ( #4098, #503, #3310, #5531 ) ) ;
#5168 = LINE ( 'NONE', #4010, #2147 ) ;
#5169 = EDGE_CURVE ( 'NONE', #4284, #306, #7354, .T. ) ;
#5170 = ORIENTED_EDGE ( 'NONE', *, *, #476, .T. ) ;
#5171 = DIRECTION ( 'NONE',  ( -0.000000000000000000, 0.000000000000000000, 1.000000000000000000 ) ) ;
#5172 = ORIENTED_EDGE ( 'NONE', *, *, #4977, .T. ) ;
#5173 = LINE ( 'NONE', #7503, #3279 ) ;
#5174 = EDGE_CURVE ( 'NONE', #5931, #970, #4991, .T. ) ;
#5175 = VECTOR ( 'NONE', #4458, 1000.000000000000000 ) ;
#5176 = EDGE_CURVE ( 'NONE', #4219, #6948, #3289, .T. ) ;
#5177 = VECTOR ( 'NONE', #4002, 1000.000000000000000 ) ;
#5178 = CARTESIAN_POINT ( 'NONE',  ( -7.575000000000000178, 4.190000000000000391, 2.024999999999999911 ) ) ;
#5179 = CARTESIAN_POINT ( 'NONE',  ( -1.375000000000001332, 1.903000000000000025, 0.000000000000000000 ) ) ;
#5180 = DIRECTION ( 'NONE',  ( 1.000000000000000000, -0.000000000000000000, -0.000000000000000000 ) ) ;
#5181 = VECTOR ( 'NONE', #5156, 1000.000000000000000 ) ;
#5182 = VERTEX_POINT ( 'NONE', #4954 ) ;
#5183 = CARTESIAN_POINT ( 'NONE',  ( 7.875000000000000000, 2.055000000000001048, 2.024999999999999911 ) ) ;
#5184 = DIRECTION ( 'NONE',  ( 0.000000000000000000, 0.7071067811865490160, -0.7071067811865460184 ) ) ;
#5185 = EDGE_CURVE ( 'NONE', #927, #7450, #356, .T. ) ;
#5186 = EDGE_CURVE ( 'NONE', #3198, #614, #5634, .T. ) ;
#5187 = EDGE_CURVE ( 'NONE', #3798, #7450, #2048, .T. ) ;
#5188 = VECTOR ( 'NONE', #7437, 1000.000000000000000 ) ;
#5189 = DIRECTION ( 'NONE',  ( -1.000000000000000000, 0.000000000000000000, 0.000000000000000000 ) ) ;
#5190 = DIRECTION ( 'NONE',  ( -1.000000000000000000, 0.000000000000000000, 0.000000000000000000 ) ) ;
#5191 = ORIENTED_EDGE ( 'NONE', *, *, #6780, .F. ) ;
#5192 = ORIENTED_EDGE ( 'NONE', *, *, #4464, .F. ) ;
#5193 = DIRECTION ( 'NONE',  ( 0.000000000000000000, 0.000000000000000000, 1.000000000000000000 ) ) ;
#5194 = ORIENTED_EDGE ( 'NONE', *, *, #4757, .T. ) ;
#5195 = EDGE_LOOP ( 'NONE', ( #6584, #1774, #2494, #4774 ) ) ;
#5196 = CARTESIAN_POINT ( 'NONE',  ( -7.605000000000000426, 0.5300000000000049116, -0.3250000000000000666 ) ) ;
#5197 = CARTESIAN_POINT ( 'NONE',  ( -7.875000000000000000, 0.7800000000000000266, 0.000000000000000000 ) ) ;
#5198 = DIRECTION ( 'NONE',  ( 1.000000000000000000, -1.136281752823236226E-16, 0.000000000000000000 ) ) ;
#5199 = CARTESIAN_POINT ( 'NONE',  ( -5.724999999999999645, 2.085000000000000409, 2.024999999999999911 ) ) ;
#5200 = VERTEX_POINT ( 'NONE', #6755 ) ;
#5201 = ORIENTED_EDGE ( 'NONE', *, *, #1973, .F. ) ;
#5202 = VECTOR ( 'NONE', #7352, 1000.000000000000000 ) ;
#5203 = CARTESIAN_POINT ( 'NONE',  ( -7.375000000000000888, 1.644999999999999352, 1.949999999999999067 ) ) ;
#5204 = VERTEX_POINT ( 'NONE', #799 ) ;
#5205 = CARTESIAN_POINT ( 'NONE',  ( -3.024999999999999911, 2.055000000000001048, 2.024999999999999911 ) ) ;
#5206 = ORIENTED_EDGE ( 'NONE', *, *, #6483, .F. ) ;
#5207 = CARTESIAN_POINT ( 'NONE',  ( -1.145000000000000240, 2.209999999999999520, 0.06499999999999994671 ) ) ;
#5208 = DIRECTION ( 'NONE',  ( -1.000000000000000000, 0.000000000000000000, 0.000000000000000000 ) ) ;
#5209 = EDGE_CURVE ( 'NONE', #2263, #3343, #1411, .T. ) ;
#5210 = LINE ( 'NONE', #5133, #92 ) ;
#5211 = EDGE_CURVE ( 'NONE', #1756, #1072, #6189, .T. ) ;
#5212 = VECTOR ( 'NONE', #5536, 1000.000000000000000 ) ;
#5213 = VERTEX_POINT ( 'NONE', #6146 ) ;
#5214 = DIRECTION ( 'NONE',  ( 0.7071067811865475727, 0.000000000000000000, -0.7071067811865475727 ) ) ;
#5215 = ORIENTED_EDGE ( 'NONE', *, *, #1554, .F. ) ;
#5216 = ORIENTED_EDGE ( 'NONE', *, *, #4100, .T. ) ;
#5217 = PLANE ( 'NONE',  #3384 ) ;
#5218 = CARTESIAN_POINT ( 'NONE',  ( -7.875000000000000000, 0.000000000000000000, 2.024999999999999911 ) ) ;
#5219 = DIRECTION ( 'NONE',  ( 1.000000000000000000, 0.000000000000000000, -0.000000000000000000 ) ) ;
#5220 = EDGE_CURVE ( 'NONE', #3723, #5513, #2627, .T. ) ;
#5221 = EDGE_CURVE ( 'NONE', #3857, #4510, #5568, .T. ) ;
#5222 = ORIENTED_EDGE ( 'NONE', *, *, #6744, .T. ) ;
#5223 = DIRECTION ( 'NONE',  ( 0.000000000000000000, 0.000000000000000000, 1.000000000000000000 ) ) ;
#5224 = DIRECTION ( 'NONE',  ( 0.000000000000000000, 0.000000000000000000, -1.000000000000000000 ) ) ;
#5225 = CARTESIAN_POINT ( 'NONE',  ( -7.375000000000000888, 0.1499999999999974964, 2.024999999999999911 ) ) ;
#5226 = DIRECTION ( 'NONE',  ( 1.000000000000000000, 0.000000000000000000, 0.000000000000000000 ) ) ;
#5227 = DIRECTION ( 'NONE',  ( -1.000000000000000000, 0.000000000000000000, 0.000000000000000000 ) ) ;
#5228 = EDGE_CURVE ( 'NONE', #2444, #6918, #1449, .T. ) ;
#5229 = ADVANCED_FACE ( 'NONE', ( #283 ), #2664, .F. ) ;
#5230 = EDGE_CURVE ( 'NONE', #7005, #4654, #6221, .T. ) ;
#5231 = AXIS2_PLACEMENT_3D ( 'NONE', #2195, #1639, #3487 ) ;
#5232 = ORIENTED_EDGE ( 'NONE', *, *, #3218, .F. ) ;
#5233 = DIRECTION ( 'NONE',  ( 1.000000000000000000, -0.000000000000000000, -0.000000000000000000 ) ) ;
#5234 = ORIENTED_EDGE ( 'NONE', *, *, #3876, .T. ) ;
#5235 = ORIENTED_EDGE ( 'NONE', *, *, #7374, .F. ) ;
#5236 = CARTESIAN_POINT ( 'NONE',  ( -5.525000000000000355, 0.6805981797501089448, 1.625000000000000000 ) ) ;
#5237 = DIRECTION ( 'NONE',  ( 0.000000000000000000, -0.000000000000000000, 1.000000000000000000 ) ) ;
#5238 = DIRECTION ( 'NONE',  ( 1.000000000000000000, 0.000000000000000000, 0.000000000000000000 ) ) ;
#5239 = LINE ( 'NONE', #5892, #3215 ) ;
#5240 = EDGE_CURVE ( 'NONE', #4735, #7183, #2779, .T. ) ;
#5241 = EDGE_CURVE ( 'NONE', #6597, #4754, #1099, .T. ) ;
#5242 = VERTEX_POINT ( 'NONE', #5751 ) ;
#5243 = ORIENTED_EDGE ( 'NONE', *, *, #2584, .F. ) ;
#5244 = VECTOR ( 'NONE', #362, 1000.000000000000000 ) ;
#5245 = LINE ( 'NONE', #5203, #4435 ) ;
#5246 = VERTEX_POINT ( 'NONE', #5971 ) ;
#5247 = LINE ( 'NONE', #7614, #7423 ) ;
#5248 = ORIENTED_EDGE ( 'NONE', *, *, #7329, .F. ) ;
#5249 = FACE_OUTER_BOUND ( 'NONE', #4341, .T. ) ;
#5250 = LINE ( 'NONE', #507, #2208 ) ;
#5251 = VECTOR ( 'NONE', #455, 1000.000000000000000 ) ;
#5252 = VECTOR ( 'NONE', #4322, 1000.000000000000000 ) ;
#5253 = VERTEX_POINT ( 'NONE', #6903 ) ;
#5254 = DIRECTION ( 'NONE',  ( -1.000000000000000000, -1.197572355469997778E-16, 0.000000000000000000 ) ) ;
#5255 = ORIENTED_EDGE ( 'NONE', *, *, #3733, .F. ) ;
#5256 = DIRECTION ( 'NONE',  ( 0.000000000000000000, 0.000000000000000000, -1.000000000000000000 ) ) ;
#5257 = VECTOR ( 'NONE', #762, 1000.000000000000000 ) ;
#5258 = ORIENTED_EDGE ( 'NONE', *, *, #5831, .F. ) ;
#5259 = LINE ( 'NONE', #596, #7349 ) ;
#5260 = DIRECTION ( 'NONE',  ( 0.000000000000000000, -1.000000000000000000, 0.000000000000000000 ) ) ;
#5261 = ADVANCED_FACE ( 'NONE', ( #6556 ), #5217, .F. ) ;
#5262 = CARTESIAN_POINT ( 'NONE',  ( -9.341064372665991643E-17, 0.7800000000000006928, 0.06499999999999994671 ) ) ;
#5263 = CARTESIAN_POINT ( 'NONE',  ( -0.9850000000000006528, 0.000000000000000000, 2.024999999999999911 ) ) ;
#5264 = AXIS2_PLACEMENT_3D ( 'NONE', #5218, #4752, #5752 ) ;
#5265 = EDGE_LOOP ( 'NONE', ( #1700, #1150, #3090, #1982 ) ) ;
#5266 = CARTESIAN_POINT ( 'NONE',  ( 7.875000000000000000, 1.030000000000000027, -2.024999999999999911 ) ) ;
#5267 = ORIENTED_EDGE ( 'NONE', *, *, #4717, .T. ) ;
#5268 = ORIENTED_EDGE ( 'NONE', *, *, #3295, .T. ) ;
#5269 = PRODUCT_DEFINITION_FORMATION_WITH_SPECIFIED_SOURCE ( 'ANY', '', #1792, .NOT_KNOWN. ) ;
#5270 = CARTESIAN_POINT ( 'NONE',  ( -5.724999999999999645, 0.8400214062398350112, 1.745765205484050231 ) ) ;
#5271 = DIRECTION ( 'NONE',  ( 1.000000000000000000, -0.000000000000000000, -0.000000000000000000 ) ) ;
#5272 = EDGE_CURVE ( 'NONE', #3229, #825, #3947, .T. ) ;
#5273 = DIRECTION ( 'NONE',  ( -1.000000000000000000, 0.000000000000000000, 0.000000000000000000 ) ) ;
#5274 = DIRECTION ( 'NONE',  ( -1.000000000000000000, 0.000000000000000000, 0.000000000000000000 ) ) ;
#5275 = LINE ( 'NONE', #2883, #1657 ) ;
#5276 = EDGE_LOOP ( 'NONE', ( #4998, #2486, #5690, #5543 ) ) ;
#5277 = ORIENTED_EDGE ( 'NONE', *, *, #1388, .T. ) ;
#5278 = ORIENTED_EDGE ( 'NONE', *, *, #7116, .T. ) ;
#5279 = ORIENTED_EDGE ( 'NONE', *, *, #6083, .F. ) ;
#5280 = DIRECTION ( 'NONE',  ( 1.000000000000000000, -0.000000000000000000, -0.000000000000000000 ) ) ;
#5281 = ADVANCED_FACE ( 'NONE', ( #2155 ), #3362, .F. ) ;
#5282 = EDGE_CURVE ( 'NONE', #6110, #3883, #3984, .T. ) ;
#5283 = EDGE_LOOP ( 'NONE', ( #6, #5689, #2527, #5278, #495, #748, #6997, #1320 ) ) ;
#5284 = CARTESIAN_POINT ( 'NONE',  ( -4.062499999999999112, 1.855000000000000204, 0.06499999999999994671 ) ) ;
#5285 = EDGE_CURVE ( 'NONE', #3286, #2098, #4565, .T. ) ;
#5286 = CARTESIAN_POINT ( 'NONE',  ( -7.375000000000000888, -1.781481197162711565E-15, 1.875000000000000888 ) ) ;
#5287 = ORIENTED_EDGE ( 'NONE', *, *, #3875, .F. ) ;
#5288 = CARTESIAN_POINT ( 'NONE',  ( -5.724999999999999645, 0.000000000000000000, -2.824999999999999734 ) ) ;
#5289 = ORIENTED_EDGE ( 'NONE', *, *, #8, .T. ) ;
#5290 = LINE ( 'NONE', #6486, #4019 ) ;
#5291 = VERTEX_POINT ( 'NONE', #7466 ) ;
#5292 = CARTESIAN_POINT ( 'NONE',  ( -3.225000000000000533, 2.085000000000000409, 0.06499999999999994671 ) ) ;
#5293 = VECTOR ( 'NONE', #334, 1000.000000000000000 ) ;
#5294 = VERTEX_POINT ( 'NONE', #6294 ) ;
#5295 = CARTESIAN_POINT ( 'NONE',  ( 0.000000000000000000, 0.4800000000000000377, 0.000000000000000000 ) ) ;
#5296 = VERTEX_POINT ( 'NONE', #6416 ) ;
#5297 = LINE ( 'NONE', #6456, #1952 ) ;
#5298 = LINE ( 'NONE', #95, #1518 ) ;
#5299 = DIRECTION ( 'NONE',  ( 1.000000000000000000, 0.000000000000000000, -0.000000000000000000 ) ) ;
#5300 = LINE ( 'NONE', #1181, #918 ) ;
#5301 = AXIS2_PLACEMENT_3D ( 'NONE', #3177, #6641, #5524 ) ;
#5302 = CARTESIAN_POINT ( 'NONE',  ( -1.145000000000000240, 1.009999999999999121, 1.949999999999999289 ) ) ;
#5303 = EDGE_CURVE ( 'NONE', #2553, #6476, #3407, .T. ) ;
#5304 = EDGE_CURVE ( 'NONE', #6841, #2396, #980, .T. ) ;
#5305 = ORIENTED_EDGE ( 'NONE', *, *, #1243, .T. ) ;
#5306 = DIRECTION ( 'NONE',  ( 0.000000000000000000, -1.000000000000000000, 0.000000000000000000 ) ) ;
#5307 = ORIENTED_EDGE ( 'NONE', *, *, #6772, .F. ) ;
#5308 = ORIENTED_EDGE ( 'NONE', *, *, #603, .F. ) ;
#5309 = CARTESIAN_POINT ( 'NONE',  ( -5.937500000000000000, 2.055000000000001048, 2.024999999999999911 ) ) ;
#5310 = PLANE ( 'NONE',  #1149 ) ;
#5311 = FACE_OUTER_BOUND ( 'NONE', #4168, .T. ) ;
#5312 = DIRECTION ( 'NONE',  ( -1.000000000000000000, 0.000000000000000000, 0.000000000000000000 ) ) ;
#5313 = CARTESIAN_POINT ( 'NONE',  ( -4.275000000000000355, 0.7800000000000005818, 1.824999999999999067 ) ) ;
#5314 = ORIENTED_EDGE ( 'NONE', *, *, #1333, .F. ) ;
#5315 = ADVANCED_FACE ( 'NONE', ( #5355 ), #1567, .F. ) ;
#5316 = EDGE_CURVE ( 'NONE', #2683, #6392, #7505, .T. ) ;
#5317 = ORIENTED_EDGE ( 'NONE', *, *, #4706, .T. ) ;
#5318 = ORIENTED_EDGE ( 'NONE', *, *, #2821, .F. ) ;
#5319 = VERTEX_POINT ( 'NONE', #3003 ) ;
#5320 = CARTESIAN_POINT ( 'NONE',  ( -7.375000000000000888, 1.009999999999999121, 1.864999999999999325 ) ) ;
#5321 = ORIENTED_EDGE ( 'NONE', *, *, #3583, .T. ) ;
#5322 = DIRECTION ( 'NONE',  ( -0.000000000000000000, 0.7071067811865474617, 0.7071067811865474617 ) ) ;
#5323 = CARTESIAN_POINT ( 'NONE',  ( -1.475000000000000533, 0.1800000000000000488, -0.2750000000000000777 ) ) ;
#5324 = FACE_OUTER_BOUND ( 'NONE', #2837, .T. ) ;
#5325 = EDGE_CURVE ( 'NONE', #2356, #4038, #3632, .T. ) ;
#5326 = EDGE_CURVE ( 'NONE', #7109, #2072, #6820, .T. ) ;
#5327 = FACE_OUTER_BOUND ( 'NONE', #5912, .T. ) ;
#5328 = ORIENTED_EDGE ( 'NONE', *, *, #6907, .F. ) ;
#5329 = VECTOR ( 'NONE', #4451, 1000.000000000000000 ) ;
#5330 = DIRECTION ( 'NONE',  ( 0.000000000000000000, 1.000000000000000000, 0.000000000000000000 ) ) ;
#5331 = VERTEX_POINT ( 'NONE', #2411 ) ;
#5332 = DIRECTION ( 'NONE',  ( 1.495451272393798655E-15, 1.000000000000000000, 0.000000000000000000 ) ) ;
#5333 = LINE ( 'NONE', #3608, #2158 ) ;
#5334 = LINE ( 'NONE', #598, #6695 ) ;
#5335 = CARTESIAN_POINT ( 'NONE',  ( -7.725000000000000533, 0.7799999999999999156, -0.3250000000000000666 ) ) ;
#5336 = DIRECTION ( 'NONE',  ( -0.000000000000000000, -0.7071067811865491270, -0.7071067811865459074 ) ) ;
#5337 = ORIENTED_EDGE ( 'NONE', *, *, #249, .T. ) ;
#5338 = DIRECTION ( 'NONE',  ( 0.000000000000000000, -0.000000000000000000, -1.000000000000000000 ) ) ;
#5339 = DIRECTION ( 'NONE',  ( -0.000000000000000000, -0.000000000000000000, -1.000000000000000000 ) ) ;
#5340 = VERTEX_POINT ( 'NONE', #3447 ) ;
#5341 = ORIENTED_EDGE ( 'NONE', *, *, #7493, .F. ) ;
#5342 = LINE ( 'NONE', #23, #1159 ) ;
#5343 = LINE ( 'NONE', #4776, #7192 ) ;
#5344 = EDGE_CURVE ( 'NONE', #607, #6946, #1056, .T. ) ;
#5345 = CARTESIAN_POINT ( 'NONE',  ( 7.875000000000000000, 0.3399999999999997469, -1.464999999999999636 ) ) ;
#5346 = DIRECTION ( 'NONE',  ( 0.000000000000000000, -0.000000000000000000, -1.000000000000000000 ) ) ;
#5347 = ORIENTED_EDGE ( 'NONE', *, *, #6825, .F. ) ;
#5348 = ORIENTED_EDGE ( 'NONE', *, *, #915, .F. ) ;
#5349 = ORIENTED_EDGE ( 'NONE', *, *, #4860, .T. ) ;
#5350 = VECTOR ( 'NONE', #4289, 1000.000000000000000 ) ;
#5351 = ORIENTED_EDGE ( 'NONE', *, *, #6335, .T. ) ;
#5352 = CARTESIAN_POINT ( 'NONE',  ( -1.375000000000000444, -0.06250000000000049960, -0.06250000000000077716 ) ) ;
#5353 = ORIENTED_EDGE ( 'NONE', *, *, #2898, .F. ) ;
#5354 = DIRECTION ( 'NONE',  ( 0.000000000000000000, 0.000000000000000000, 1.000000000000000000 ) ) ;
#5355 = FACE_OUTER_BOUND ( 'NONE', #4918, .T. ) ;
#5356 = EDGE_CURVE ( 'NONE', #1503, #202, #2862, .T. ) ;
#5357 = FACE_OUTER_BOUND ( 'NONE', #2367, .T. ) ;
#5358 = VECTOR ( 'NONE', #1358, 1000.000000000000000 ) ;
#5359 = ORIENTED_EDGE ( 'NONE', *, *, #3013, .T. ) ;
#5360 = CARTESIAN_POINT ( 'NONE',  ( -5.525000000000000355, 1.629999999999999893, 4.165075243091329638E-16 ) ) ;
#5361 = ORIENTED_EDGE ( 'NONE', *, *, #6261, .F. ) ;
#5362 = DIRECTION ( 'NONE',  ( -1.000000000000000000, -0.000000000000000000, -0.000000000000000000 ) ) ;
#5363 = ORIENTED_EDGE ( 'NONE', *, *, #6778, .F. ) ;
#5364 = VECTOR ( 'NONE', #5184, 1000.000000000000227 ) ;
#5365 = VECTOR ( 'NONE', #1392, 1000.000000000000000 ) ;
#5366 = VECTOR ( 'NONE', #6277, 1000.000000000000000 ) ;
#5367 = EDGE_CURVE ( 'NONE', #422, #1158, #1687, .T. ) ;
#5368 = EDGE_CURVE ( 'NONE', #2290, #76, #4829, .T. ) ;
#5369 = EDGE_CURVE ( 'NONE', #3219, #5995, #6630, .T. ) ;
#5370 = DIRECTION ( 'NONE',  ( -0.000000000000000000, 0.000000000000000000, 1.000000000000000000 ) ) ;
#5371 = MECHANICAL_DESIGN_GEOMETRIC_PRESENTATION_REPRESENTATION (  '', ( #3897 ), #2774 ) ;
#5372 = ORIENTED_EDGE ( 'NONE', *, *, #1289, .T. ) ;
#5373 = CARTESIAN_POINT ( 'NONE',  ( -5.724999999999999645, 1.080000000000000071, 0.06499999999999998834 ) ) ;
#5374 = PLANE ( 'NONE',  #6484 ) ;
#5375 = EDGE_CURVE ( 'NONE', #5933, #6658, #657, .T. ) ;
#5376 = EDGE_CURVE ( 'NONE', #4242, #1856, #7146, .T. ) ;
#5377 = CARTESIAN_POINT ( 'NONE',  ( -1.250000000000001110, 0.000000000000000000, 0.06499999999999994671 ) ) ;
#5378 = VECTOR ( 'NONE', #1768, 1000.000000000000000 ) ;
#5379 = ADVANCED_FACE ( 'NONE', ( #2450 ), #2529, .T. ) ;
#5380 = VECTOR ( 'NONE', #1702, 1000.000000000000000 ) ;
#5381 = LINE ( 'NONE', #136, #3181 ) ;
#5382 = CARTESIAN_POINT ( 'NONE',  ( -7.875000000000000000, 3.500000000000000444, 0.000000000000000000 ) ) ;
#5383 = ORIENTED_EDGE ( 'NONE', *, *, #7174, .F. ) ;
#5384 = VECTOR ( 'NONE', #2517, 1000.000000000000000 ) ;
#5385 = CARTESIAN_POINT ( 'NONE',  ( 0.000000000000000000, 3.965000000000001634, 0.06499999999999994671 ) ) ;
#5386 = VECTOR ( 'NONE', #2528, 1000.000000000000000 ) ;
#5387 = FACE_OUTER_BOUND ( 'NONE', #5052, .T. ) ;
#5388 = ORIENTED_EDGE ( 'NONE', *, *, #373, .F. ) ;
#5389 = ORIENTED_EDGE ( 'NONE', *, *, #2272, .T. ) ;
#5390 = DIRECTION ( 'NONE',  ( -0.7071067811865474617, 0.000000000000000000, 0.7071067811865474617 ) ) ;
#5391 = CARTESIAN_POINT ( 'NONE',  ( -5.800000000000000711, 3.820000000000000728, -1.224999999999999867 ) ) ;
#5392 = DIRECTION ( 'NONE',  ( -1.000000000000000000, 0.000000000000000000, 0.000000000000000000 ) ) ;
#5393 = ORIENTED_EDGE ( 'NONE', *, *, #2624, .F. ) ;
#5394 = EDGE_LOOP ( 'NONE', ( #6455, #5321, #4865, #6281 ) ) ;
#5395 = COLOUR_RGB ( '',0.7960784313725489669, 0.8235294117647058432, 0.9372549019607843146 ) ;
#5396 = ORIENTED_EDGE ( 'NONE', *, *, #2681, .T. ) ;
#5397 = CARTESIAN_POINT ( 'NONE',  ( -1.024999999999999023, 2.209999999999999520, 1.324999999999999734 ) ) ;
#5398 = EDGE_LOOP ( 'NONE', ( #2998, #6014, #7265, #2133 ) ) ;
#5399 = CARTESIAN_POINT ( 'NONE',  ( -6.801350639285898225, 4.250000000000000000, 2.024999999999999911 ) ) ;
#5400 = DIRECTION ( 'NONE',  ( 0.000000000000000000, -1.000000000000000000, 0.000000000000000000 ) ) ;
#5401 = VECTOR ( 'NONE', #3720, 1000.000000000000000 ) ;
#5402 = ORIENTED_EDGE ( 'NONE', *, *, #5842, .T. ) ;
#5403 = DIRECTION ( 'NONE',  ( 1.000000000000000000, -0.000000000000000000, -0.000000000000000000 ) ) ;
#5404 =( REPRESENTATION_RELATIONSHIP ('NONE','NONE', #3205, #1046 ) REPRESENTATION_RELATIONSHIP_WITH_TRANSFORMATION ( #1817 )SHAPE_REPRESENTATION_RELATIONSHIP( ) );
#5405 = ADVANCED_FACE ( 'NONE', ( #7222 ), #1882, .T. ) ;
#5406 = VECTOR ( 'NONE', #6228, 1000.000000000000000 ) ;
#5407 = ORIENTED_EDGE ( 'NONE', *, *, #5039, .T. ) ;
#5408 = CARTESIAN_POINT ( 'NONE',  ( -7.605000000000000426, 2.209999999999999520, -0.2750000000000000777 ) ) ;
#5409 = ORIENTED_EDGE ( 'NONE', *, *, #5285, .F. ) ;
#5410 = VECTOR ( 'NONE', #1442, 1000.000000000000000 ) ;
#5411 = DIRECTION ( 'NONE',  ( -1.000000000000000000, 0.000000000000000000, 0.000000000000000000 ) ) ;
#5412 = DIRECTION ( 'NONE',  ( 1.000000000000000000, 0.000000000000000000, 0.000000000000000000 ) ) ;
#5413 = ORIENTED_EDGE ( 'NONE', *, *, #4791, .F. ) ;
#5414 = EDGE_CURVE ( 'NONE', #6583, #3997, #1957, .T. ) ;
#5415 = FACE_OUTER_BOUND ( 'NONE', #6271, .T. ) ;
#5416 = VECTOR ( 'NONE', #4511, 1000.000000000000114 ) ;
#5417 = CYLINDRICAL_SURFACE ( 'NONE', #6115, 0.08500000000000000611 ) ;
#5418 = PLANE ( 'NONE',  #1259 ) ;
#5419 = CARTESIAN_POINT ( 'NONE',  ( -5.525000000000000355, 2.084999999999999964, 1.824999999999999956 ) ) ;
#5420 = CONTEXT_DEPENDENT_SHAPE_REPRESENTATION ( #1845, #7335 ) ;
#5421 = LINE ( 'NONE', #6611, #3410 ) ;
#5422 = AXIS2_PLACEMENT_3D ( 'NONE', #1318, #195, #5443 ) ;
#5423 = EDGE_CURVE ( 'NONE', #3237, #7029, #698, .T. ) ;
#5424 = ORIENTED_EDGE ( 'NONE', *, *, #2294, .T. ) ;
#5425 = EDGE_CURVE ( 'NONE', #7189, #5930, #3710, .T. ) ;
#5426 = EDGE_CURVE ( 'NONE', #6891, #2405, #741, .T. ) ;
#5427 = CARTESIAN_POINT ( 'NONE',  ( -1.375000000000000444, 1.719999999999999529, 1.949999999999998623 ) ) ;
#5428 = LINE ( 'NONE', #2017, #4258 ) ;
#5429 = FACE_OUTER_BOUND ( 'NONE', #1862, .T. ) ;
#5430 = ORIENTED_EDGE ( 'NONE', *, *, #2228, .T. ) ;
#5431 = CARTESIAN_POINT ( 'NONE',  ( -0.000000000000000000, 2.085000000000000409, 2.024999999999999911 ) ) ;
#5432 = AXIS2_PLACEMENT_3D ( 'NONE', #3601, #5906, #81 ) ;
#5433 = CARTESIAN_POINT ( 'NONE',  ( -3.225000000000000533, 0.7800000000000001377, 0.06499999999999994671 ) ) ;
#5434 = AXIS2_PLACEMENT_3D ( 'NONE', #6352, #1034, #1665 ) ;
#5435 = DIRECTION ( 'NONE',  ( -1.000000000000000000, 0.000000000000000000, 0.000000000000000000 ) ) ;
#5436 = DIRECTION ( 'NONE',  ( 1.000000000000000000, 0.000000000000000000, 0.000000000000000000 ) ) ;
#5437 = VERTEX_POINT ( 'NONE', #3655 ) ;
#5438 = ORIENTED_EDGE ( 'NONE', *, *, #5187, .T. ) ;
#5439 = DIRECTION ( 'NONE',  ( -1.000000000000000000, 0.000000000000000000, -0.000000000000000000 ) ) ;
#5440 = DIRECTION ( 'NONE',  ( 0.000000000000000000, 1.000000000000000000, 0.000000000000000000 ) ) ;
#5441 = DIRECTION ( 'NONE',  ( -1.000000000000000000, -0.000000000000000000, -0.000000000000000000 ) ) ;
#5442 = VECTOR ( 'NONE', #7019, 1000.000000000000000 ) ;
#5443 = DIRECTION ( 'NONE',  ( 0.000000000000000000, -0.000000000000000000, -1.000000000000000000 ) ) ;
#5444 = ORIENTED_EDGE ( 'NONE', *, *, #2434, .T. ) ;
#5445 = CARTESIAN_POINT ( 'NONE',  ( 7.875000000000000000, 2.960000000000000853, 2.024999999999999911 ) ) ;
#5446 = VERTEX_POINT ( 'NONE', #2954 ) ;
#5447 = CARTESIAN_POINT ( 'NONE',  ( -4.687500000000000000, 2.255000000000000338, 0.06499999999999994671 ) ) ;
#5448 = VERTEX_POINT ( 'NONE', #640 ) ;
#5449 = CARTESIAN_POINT ( 'NONE',  ( -5.724999999999999645, 0.6805981797501089448, 1.824999999999999956 ) ) ;
#5450 = ADVANCED_FACE ( 'NONE', ( #3067 ), #1147, .F. ) ;
#5451 = DIRECTION ( 'NONE',  ( -1.734723475976806306E-15, -1.000000000000000000, 0.000000000000000000 ) ) ;
#5452 = LINE ( 'NONE', #5022, #462 ) ;
#5453 = ORIENTED_EDGE ( 'NONE', *, *, #2965, .F. ) ;
#5454 = DIRECTION ( 'NONE',  ( 1.000000000000000000, 0.000000000000000000, 0.000000000000000000 ) ) ;
#5455 = CIRCLE ( 'NONE', #3859, 0.1499999999999999667 ) ;
#5456 = DIRECTION ( 'NONE',  ( -1.136281752823236226E-16, 1.000000000000000000, 0.000000000000000000 ) ) ;
#5457 = PLANE ( 'NONE',  #4989 ) ;
#5458 = ADVANCED_FACE ( 'NONE', ( #7639 ), #567, .T. ) ;
#5459 = DIRECTION ( 'NONE',  ( 1.000000000000000000, 1.197572355469997778E-16, 0.000000000000000000 ) ) ;
#5460 = DIRECTION ( 'NONE',  ( -0.000000000000000000, 1.000000000000000000, -0.000000000000000000 ) ) ;
#5461 = ORIENTED_EDGE ( 'NONE', *, *, #7034, .F. ) ;
#5462 = ORIENTED_EDGE ( 'NONE', *, *, #7273, .F. ) ;
#5463 = DIRECTION ( 'NONE',  ( 0.000000000000000000, 1.000000000000000000, 0.000000000000000000 ) ) ;
#5464 = DIRECTION ( 'NONE',  ( 0.000000000000000000, 1.000000000000000000, -2.920409892216845161E-16 ) ) ;
#5465 = CARTESIAN_POINT ( 'NONE',  ( -4.275000000000000355, 0.5500000000000010436, 2.024999999999999911 ) ) ;
#5466 = EDGE_LOOP ( 'NONE', ( #7104, #739, #451, #1834 ) ) ;
#5467 = CARTESIAN_POINT ( 'NONE',  ( -6.924999999999999822, 3.965000000000001634, 0.06499999999999994671 ) ) ;
#5468 = CARTESIAN_POINT ( 'NONE',  ( -5.724999999999999645, 2.085000000000000409, 0.06499999999999994671 ) ) ;
#5469 = CARTESIAN_POINT ( 'NONE',  ( -7.605000000000000426, 1.009999999999999121, 1.864999999999999325 ) ) ;
#5470 = ADVANCED_FACE ( 'NONE', ( #7448 ), #4725, .T. ) ;
#5471 = EDGE_CURVE ( 'NONE', #1458, #686, #2988, .T. ) ;
#5472 = LINE ( 'NONE', #3195, #1443 ) ;
#5473 = LINE ( 'NONE', #6663, #536 ) ;
#5474 = ORIENTED_EDGE ( 'NONE', *, *, #176, .F. ) ;
#5475 = EDGE_LOOP ( 'NONE', ( #6402, #3387, #5389, #1250 ) ) ;
#5476 = ORIENTED_EDGE ( 'NONE', *, *, #667, .F. ) ;
#5477 = PLANE ( 'NONE',  #5001 ) ;
#5478 = LINE ( 'NONE', #2530, #333 ) ;
#5479 = ADVANCED_FACE ( 'NONE', ( #5387 ), #2395, .T. ) ;
#5480 = ADVANCED_FACE ( 'NONE', ( #7280 ), #6760, .T. ) ;
#5481 = DIRECTION ( 'NONE',  ( 0.000000000000000000, 0.000000000000000000, -1.000000000000000000 ) ) ;
#5482 = VERTEX_POINT ( 'NONE', #4960 ) ;
#5483 = ORIENTED_EDGE ( 'NONE', *, *, #4620, .F. ) ;
#5484 = FACE_OUTER_BOUND ( 'NONE', #461, .T. ) ;
#5485 = FACE_OUTER_BOUND ( 'NONE', #6666, .T. ) ;
#5486 = DIRECTION ( 'NONE',  ( 0.000000000000000000, -0.000000000000000000, 1.000000000000000000 ) ) ;
#5487 = ORIENTED_EDGE ( 'NONE', *, *, #3716, .F. ) ;
#5488 = DIRECTION ( 'NONE',  ( 1.000000000000000000, 0.000000000000000000, 0.000000000000000000 ) ) ;
#5489 = VECTOR ( 'NONE', #7220, 1000.000000000000000 ) ;
#5490 = CARTESIAN_POINT ( 'NONE',  ( -4.687500000000000000, 2.255000000000000338, 0.06499999999999994671 ) ) ;
#5491 = DIRECTION ( 'NONE',  ( 1.000000000000000000, 0.000000000000000000, 0.000000000000000000 ) ) ;
#5492 = PLANE ( 'NONE',  #6092 ) ;
#5493 = DIRECTION ( 'NONE',  ( 2.403995947861434526E-16, 1.000000000000000000, 0.000000000000000000 ) ) ;
#5494 = VECTOR ( 'NONE', #3272, 1000.000000000000000 ) ;
#5495 = PLANE ( 'NONE',  #1658 ) ;
#5496 = VERTEX_POINT ( 'NONE', #3847 ) ;
#5497 = CARTESIAN_POINT ( 'NONE',  ( -5.937500000000000000, 1.855000000000000204, 1.824999999999999289 ) ) ;
#5498 = ORIENTED_EDGE ( 'NONE', *, *, #4759, .F. ) ;
#5499 = VECTOR ( 'NONE', #2426, 1000.000000000000000 ) ;
#5500 = VECTOR ( 'NONE', #4578, 1000.000000000000000 ) ;
#5501 = ORIENTED_EDGE ( 'NONE', *, *, #6335, .F. ) ;
#5502 = LINE ( 'NONE', #7326, #1412 ) ;
#5503 = LINE ( 'NONE', #1310, #579 ) ;
#5504 = PLANE ( 'NONE',  #909 ) ;
#5505 = AXIS2_PLACEMENT_3D ( 'NONE', #2126, #3337, #882 ) ;
#5506 = VECTOR ( 'NONE', #5138, 1000.000000000000000 ) ;
#5507 = ORIENTED_EDGE ( 'NONE', *, *, #1434, .F. ) ;
#5508 = VERTEX_POINT ( 'NONE', #6195 ) ;
#5509 = ORIENTED_EDGE ( 'NONE', *, *, #3117, .F. ) ;
#5510 = DIRECTION ( 'NONE',  ( -0.000000000000000000, 0.000000000000000000, 1.000000000000000000 ) ) ;
#5511 = EDGE_LOOP ( 'NONE', ( #6321, #3615, #3706, #5828 ) ) ;
#5512 = LINE ( 'NONE', #6011, #5365 ) ;
#5513 = VERTEX_POINT ( 'NONE', #4887 ) ;
#5514 = CARTESIAN_POINT ( 'NONE',  ( -7.605000000000000426, 0.7800000000000000266, -0.3250000000000000666 ) ) ;
#5515 = AXIS2_PLACEMENT_3D ( 'NONE', #1337, #5529, #717 ) ;
#5516 = EDGE_CURVE ( 'NONE', #3707, #1353, #140, .T. ) ;
#5517 = EDGE_CURVE ( 'NONE', #692, #314, #7246, .T. ) ;
#5518 = EDGE_CURVE ( 'NONE', #4812, #7133, #5428, .T. ) ;
#5519 = ORIENTED_EDGE ( 'NONE', *, *, #613, .F. ) ;
#5520 = CARTESIAN_POINT ( 'NONE',  ( -3.025000000000000799, 0.000000000000000000, 2.024999999999999911 ) ) ;
#5521 = ORIENTED_EDGE ( 'NONE', *, *, #5051, .F. ) ;
#5522 = CARTESIAN_POINT ( 'NONE',  ( -1.775000000000003908, 0.1800000000000000488, -0.2750000000000000777 ) ) ;
#5523 = CARTESIAN_POINT ( 'NONE',  ( -16.62500000000000000, 2.055000000000001048, 2.024999999999999911 ) ) ;
#5524 = DIRECTION ( 'NONE',  ( -1.000000000000000000, 1.204669080539440518E-15, 0.000000000000000000 ) ) ;
#5525 = VERTEX_POINT ( 'NONE', #180 ) ;
#5526 = DIRECTION ( 'NONE',  ( 0.000000000000000000, 0.000000000000000000, 1.000000000000000000 ) ) ;
#5527 = PLANE ( 'NONE',  #5853 ) ;
#5528 = CARTESIAN_POINT ( 'NONE',  ( -8.750000000000000000, 2.760000000000000231, 0.06499999999999994671 ) ) ;
#5529 = DIRECTION ( 'NONE',  ( -0.000000000000000000, 0.7071067811865475727, -0.7071067811865475727 ) ) ;
#5530 = DIRECTION ( 'NONE',  ( 0.000000000000000000, 1.000000000000000000, 0.000000000000000000 ) ) ;
#5531 = ORIENTED_EDGE ( 'NONE', *, *, #1758, .F. ) ;
#5532 = DIRECTION ( 'NONE',  ( 0.000000000000000000, -1.000000000000000000, 0.000000000000000000 ) ) ;
#5533 = CARTESIAN_POINT ( 'NONE',  ( -7.015000000000000568, 4.250000000000000000, 0.09499999999999959865 ) ) ;
#5534 = CARTESIAN_POINT ( 'NONE',  ( -4.062500000000003553, 8.809142651444728259E-15, 2.024999999999999911 ) ) ;
#5535 = VERTEX_POINT ( 'NONE', #2472 ) ;
#5536 = DIRECTION ( 'NONE',  ( 0.000000000000000000, 1.000000000000000000, 0.000000000000000000 ) ) ;
#5537 = DIRECTION ( 'NONE',  ( 0.000000000000000000, -1.000000000000000000, 0.000000000000000000 ) ) ;
#5538 = VECTOR ( 'NONE', #6927, 1000.000000000000000 ) ;
#5539 = AXIS2_PLACEMENT_3D ( 'NONE', #2112, #2815, #2190 ) ;
#5540 = CARTESIAN_POINT ( 'NONE',  ( -1.375000000000000444, 1.009999999999999121, 1.949999999999999289 ) ) ;
#5541 = EDGE_CURVE ( 'NONE', #7418, #2404, #7163, .T. ) ;
#5542 = ADVANCED_FACE ( 'NONE', ( #2556 ), #4273, .F. ) ;
#5543 = ORIENTED_EDGE ( 'NONE', *, *, #2380, .T. ) ;
#5544 = ORIENTED_EDGE ( 'NONE', *, *, #3377, .F. ) ;
#5545 = VERTEX_POINT ( 'NONE', #6153 ) ;
#5546 = ORIENTED_EDGE ( 'NONE', *, *, #1725, .T. ) ;
#5547 = VECTOR ( 'NONE', #5587, 1000.000000000000000 ) ;
#5548 = PLANE ( 'NONE',  #1772 ) ;
#5549 = ORIENTED_EDGE ( 'NONE', *, *, #3613, .T. ) ;
#5550 = CARTESIAN_POINT ( 'NONE',  ( -5.312499999999999112, 0.000000000000000000, 2.024999999999999911 ) ) ;
#5551 = CARTESIAN_POINT ( 'NONE',  ( -1.735000000000000320, 4.250000000000000000, 0.09499999999999959865 ) ) ;
#5552 = EDGE_CURVE ( 'NONE', #1916, #1363, #1980, .T. ) ;
#5553 = EDGE_CURVE ( 'NONE', #3781, #2138, #645, .T. ) ;
#5554 = AXIS2_PLACEMENT_3D ( 'NONE', #6559, #7227, #5481 ) ;
#5555 = ORIENTED_EDGE ( 'NONE', *, *, #6594, .F. ) ;
#5556 = DIRECTION ( 'NONE',  ( 0.000000000000000000, -1.000000000000000000, 0.000000000000000000 ) ) ;
#5557 = ORIENTED_EDGE ( 'NONE', *, *, #3875, .T. ) ;
#5558 = ORIENTED_EDGE ( 'NONE', *, *, #5517, .F. ) ;
#5559 = DIRECTION ( 'NONE',  ( -0.000000000000000000, -0.000000000000000000, 1.000000000000000000 ) ) ;
#5560 = EDGE_CURVE ( 'NONE', #2849, #3056, #3189, .T. ) ;
#5561 = DIRECTION ( 'NONE',  ( -1.000000000000000000, 0.000000000000000000, 0.000000000000000000 ) ) ;
#5562 = EDGE_CURVE ( 'NONE', #6341, #552, #3697, .T. ) ;
#5563 = EDGE_CURVE ( 'NONE', #2943, #1675, #6037, .T. ) ;
#5564 = DIRECTION ( 'NONE',  ( -1.000000000000000000, 0.000000000000000000, 0.000000000000000000 ) ) ;
#5565 = ORIENTED_EDGE ( 'NONE', *, *, #90, .F. ) ;
#5566 = DIRECTION ( 'NONE',  ( -1.000000000000000000, 0.000000000000000000, 0.000000000000000000 ) ) ;
#5567 = DIRECTION ( 'NONE',  ( -0.000000000000000000, 0.000000000000000000, -1.000000000000000000 ) ) ;
#5568 = LINE ( 'NONE', #2083, #3879 ) ;
#5569 = CARTESIAN_POINT ( 'NONE',  ( -5.724999999999999645, 0.7800000000000004707, 1.824999999999998845 ) ) ;
#5570 = ADVANCED_FACE ( 'NONE', ( #1418 ), #3809, .F. ) ;
#5571 = DIRECTION ( 'NONE',  ( -1.000000000000000000, -0.000000000000000000, -0.000000000000000000 ) ) ;
#5572 = ORIENTED_EDGE ( 'NONE', *, *, #4899, .F. ) ;
#5573 = ORIENTED_EDGE ( 'NONE', *, *, #896, .T. ) ;
#5574 = DIRECTION ( 'NONE',  ( 0.000000000000000000, 0.000000000000000000, -1.000000000000000000 ) ) ;
#5575 = DIRECTION ( 'NONE',  ( 0.000000000000000000, 0.000000000000000000, -1.000000000000000000 ) ) ;
#5576 = DIRECTION ( 'NONE',  ( 0.000000000000000000, 0.6038260274202660316, -0.7971161324486288891 ) ) ;
#5577 = VERTEX_POINT ( 'NONE', #4314 ) ;
#5578 = CARTESIAN_POINT ( 'NONE',  ( -1.475000000000000533, 0.4800000000000017031, 0.000000000000000000 ) ) ;
#5579 = VECTOR ( 'NONE', #1928, 1000.000000000000000 ) ;
#5580 = DIRECTION ( 'NONE',  ( 0.000000000000000000, -1.000000000000000000, 0.000000000000000000 ) ) ;
#5581 = CARTESIAN_POINT ( 'NONE',  ( -1.145000000000000240, 0.5300000000000049116, -0.3250000000000000666 ) ) ;
#5582 = ORIENTED_EDGE ( 'NONE', *, *, #6261, .T. ) ;
#5583 = VECTOR ( 'NONE', #6044, 1000.000000000000000 ) ;
#5584 = VERTEX_POINT ( 'NONE', #2633 ) ;
#5585 = LINE ( 'NONE', #264, #2522 ) ;
#5586 = LINE ( 'NONE', #265, #5494 ) ;
#5587 = DIRECTION ( 'NONE',  ( 0.000000000000000000, -1.000000000000000000, 9.239047059953170954E-17 ) ) ;
#5588 = ORIENTED_EDGE ( 'NONE', *, *, #2820, .F. ) ;
#5589 = DIRECTION ( 'NONE',  ( -0.7071067811865475727, -0.000000000000000000, -0.7071067811865475727 ) ) ;
#5590 = ORIENTED_EDGE ( 'NONE', *, *, #1431, .F. ) ;
#5591 = DIRECTION ( 'NONE',  ( 1.000000000000000000, 0.000000000000000000, 0.000000000000000000 ) ) ;
#5592 = ORIENTED_EDGE ( 'NONE', *, *, #998, .F. ) ;
#5593 = LINE ( 'NONE', #2694, #1608 ) ;
#5594 = CARTESIAN_POINT ( 'NONE',  ( -2.400000000000001243, 0.000000000000000000, 0.06499999999999994671 ) ) ;
#5595 = CARTESIAN_POINT ( 'NONE',  ( -4.223333333333322059, 3.043333333333329893, -0.4383333333333305215 ) ) ;
#5596 = ORIENTED_EDGE ( 'NONE', *, *, #896, .F. ) ;
#5597 = CARTESIAN_POINT ( 'NONE',  ( -4.474999999999999645, 1.630000000000000782, -2.024999999999999911 ) ) ;
#5598 = EDGE_CURVE ( 'NONE', #152, #4734, #6656, .T. ) ;
#5599 = PLANE ( 'NONE',  #5867 ) ;
#5600 = VECTOR ( 'NONE', #4331, 1000.000000000000000 ) ;
#5601 = LINE ( 'NONE', #5667, #7148 ) ;
#5602 = CARTESIAN_POINT ( 'NONE',  ( -4.275000000000000355, 1.855000000000000204, 0.06499999999999994671 ) ) ;
#5603 = DIRECTION ( 'NONE',  ( 0.000000000000000000, 0.7071067811865475727, -0.7071067811865475727 ) ) ;
#5604 = DIRECTION ( 'NONE',  ( -1.000000000000000000, 0.000000000000000000, 0.000000000000000000 ) ) ;
#5605 = EDGE_LOOP ( 'NONE', ( #5328, #6616, #6860, #6086 ) ) ;
#5606 = DIRECTION ( 'NONE',  ( 1.000000000000000000, 0.000000000000000000, -0.000000000000000000 ) ) ;
#5607 = FACE_OUTER_BOUND ( 'NONE', #6749, .T. ) ;
#5608 = EDGE_CURVE ( 'NONE', #4379, #5090, #1493, .T. ) ;
#5609 = LINE ( 'NONE', #2165, #712 ) ;
#5610 = EDGE_CURVE ( 'NONE', #2194, #539, #5149, .T. ) ;
#5611 = EDGE_CURVE ( 'NONE', #1120, #3901, #5068, .T. ) ;
#5612 = ORIENTED_EDGE ( 'NONE', *, *, #4434, .T. ) ;
#5613 = CARTESIAN_POINT ( 'NONE',  ( -6.363749999999999574, 0.000000000000000000, 0.06499999999999994671 ) ) ;
#5614 = CIRCLE ( 'NONE', #522, 0.08500000000000000611 ) ;
#5615 = FACE_OUTER_BOUND ( 'NONE', #1200, .T. ) ;
#5616 = CARTESIAN_POINT ( 'NONE',  ( 0.000000000000000000, 0.000000000000000000, 0.000000000000000000 ) ) ;
#5617 = CARTESIAN_POINT ( 'NONE',  ( -5.525000000000000355, 0.5500000000000010436, 0.06499999999999994671 ) ) ;
#5618 = ORIENTED_EDGE ( 'NONE', *, *, #6730, .F. ) ;
#5619 = ORIENTED_EDGE ( 'NONE', *, *, #6955, .F. ) ;
#5620 = AXIS2_PLACEMENT_3D ( 'NONE', #5520, #7151, #3129 ) ;
#5621 = LINE ( 'NONE', #6880, #5181 ) ;
#5622 = VERTEX_POINT ( 'NONE', #2672 ) ;
#5623 = ORIENTED_EDGE ( 'NONE', *, *, #6955, .T. ) ;
#5624 = DIRECTION ( 'NONE',  ( -0.000000000000000000, 1.000000000000000000, -0.000000000000000000 ) ) ;
#5625 = LINE ( 'NONE', #377, #4509 ) ;
#5626 = LINE ( 'NONE', #3241, #7115 ) ;
#5627 = VECTOR ( 'NONE', #3806, 1000.000000000000000 ) ;
#5628 = ORIENTED_EDGE ( 'NONE', *, *, #6855, .T. ) ;
#5629 = ORIENTED_EDGE ( 'NONE', *, *, #865, .T. ) ;
#5630 = DIRECTION ( 'NONE',  ( 0.000000000000000000, -1.000000000000000000, -0.000000000000000000 ) ) ;
#5631 = CARTESIAN_POINT ( 'NONE',  ( -8.750000000000000000, 2.209999999999998188, 2.024999999999999911 ) ) ;
#5632 = STYLED_ITEM ( 'NONE', ( #3233 ), #7011 ) ;
#5633 = FACE_OUTER_BOUND ( 'NONE', #5789, .T. ) ;
#5634 = LINE ( 'NONE', #5602, #2258 ) ;
#5635 = DIRECTION ( 'NONE',  ( -0.7071067811865474617, 0.000000000000000000, -0.7071067811865474617 ) ) ;
#5636 = LINE ( 'NONE', #325, #2788 ) ;
#5637 = EDGE_CURVE ( 'NONE', #1602, #6308, #2744, .T. ) ;
#5638 = ADVANCED_FACE ( 'NONE', ( #7473 ), #1647, .F. ) ;
#5639 = ORIENTED_EDGE ( 'NONE', *, *, #1723, .F. ) ;
#5640 = CARTESIAN_POINT ( 'NONE',  ( -6.974999999999996980, 0.1800000000000000488, -0.2750000000000000777 ) ) ;
#5641 = DIRECTION ( 'NONE',  ( 1.000000000000000000, 0.000000000000000000, 0.000000000000000000 ) ) ;
#5642 = VECTOR ( 'NONE', #1136, 1000.000000000000000 ) ;
#5643 = LINE ( 'NONE', #5071, #6163 ) ;
#5644 = ORIENTED_EDGE ( 'NONE', *, *, #2012, .T. ) ;
#5645 = LINE ( 'NONE', #809, #6447 ) ;
#5646 = LINE ( 'NONE', #6944, #4897 ) ;
#5647 = LINE ( 'NONE', #2128, #2909 ) ;
#5648 = EDGE_CURVE ( 'NONE', #3938, #2215, #5103, .T. ) ;
#5649 = EDGE_CURVE ( 'NONE', #1546, #6085, #6229, .T. ) ;
#5650 = ORIENTED_EDGE ( 'NONE', *, *, #5326, .T. ) ;
#5651 = ORIENTED_EDGE ( 'NONE', *, *, #7548, .F. ) ;
#5652 = ORIENTED_EDGE ( 'NONE', *, *, #5185, .F. ) ;
#5653 = LINE ( 'NONE', #4398, #4137 ) ;
#5654 = CARTESIAN_POINT ( 'NONE',  ( -7.375000000000000888, -1.828238918348616824E-15, -0.1250000000000009992 ) ) ;
#5655 = PLANE ( 'NONE',  #6158 ) ;
#5656 = ORIENTED_EDGE ( 'NONE', *, *, #2636, .F. ) ;
#5657 = VECTOR ( 'NONE', #2029, 1000.000000000000000 ) ;
#5658 = VERTEX_POINT ( 'NONE', #6942 ) ;
#5659 = CARTESIAN_POINT ( 'NONE',  ( -7.605000000000000426, -1.828238918348616824E-15, -2.496936092690336118 ) ) ;
#5660 = ORIENTED_EDGE ( 'NONE', *, *, #3015, .F. ) ;
#5661 = VECTOR ( 'NONE', #2115, 1000.000000000000000 ) ;
#5662 = DIRECTION ( 'NONE',  ( 0.000000000000000000, -1.000000000000000000, 0.000000000000000000 ) ) ;
#5663 = CARTESIAN_POINT ( 'NONE',  ( -5.525000000000000355, 1.080000000000000071, 0.000000000000000000 ) ) ;
#5664 = ORIENTED_EDGE ( 'NONE', *, *, #613, .T. ) ;
#5665 = PRESENTATION_LAYER_ASSIGNMENT (  '', '', ( #1977 ) ) ;
#5666 = FACE_OUTER_BOUND ( 'NONE', #6306, .T. ) ;
#5667 = CARTESIAN_POINT ( 'NONE',  ( -5.724999999999999645, 1.080000000000000071, 0.000000000000000000 ) ) ;
#5668 = PLANE ( 'NONE',  #555 ) ;
#5669 = CARTESIAN_POINT ( 'NONE',  ( -8.750000000000000000, 1.855000000000000204, 0.06499999999999994671 ) ) ;
#5670 = VERTEX_POINT ( 'NONE', #1020 ) ;
#5671 = DIRECTION ( 'NONE',  ( 0.000000000000000000, 0.000000000000000000, -1.000000000000000000 ) ) ;
#5672 = LINE ( 'NONE', #3989, #4749 ) ;
#5673 = LINE ( 'NONE', #3334, #7120 ) ;
#5674 = EDGE_CURVE ( 'NONE', #2851, #4633, #7360, .T. ) ;
#5675 = CARTESIAN_POINT ( 'NONE',  ( -6.439999999999997726, 3.820000000000000728, -2.024999999999999911 ) ) ;
#5676 = LINE ( 'NONE', #6876, #5015 ) ;
#5677 = DIRECTION ( 'NONE',  ( 0.000000000000000000, -0.000000000000000000, -1.000000000000000000 ) ) ;
#5678 = ORIENTED_EDGE ( 'NONE', *, *, #7041, .T. ) ;
#5679 = ORIENTED_EDGE ( 'NONE', *, *, #2347, .T. ) ;
#5680 = ORIENTED_EDGE ( 'NONE', *, *, #4225, .T. ) ;
#5681 = ORIENTED_EDGE ( 'NONE', *, *, #3377, .T. ) ;
#5682 = CARTESIAN_POINT ( 'NONE',  ( -7.725000000000000533, 0.7799999999999999156, -0.3250000000000000666 ) ) ;
#5683 = AXIS2_PLACEMENT_3D ( 'NONE', #3099, #2549, #4346 ) ;
#5684 = EDGE_CURVE ( 'NONE', #5331, #3173, #2201, .T. ) ;
#5685 = EDGE_CURVE ( 'NONE', #5754, #5110, #3261, .T. ) ;
#5686 = CARTESIAN_POINT ( 'NONE',  ( 6.790000000000000036, 0.7800000000000015810, 1.824999999999999289 ) ) ;
#5687 = ADVANCED_FACE ( 'NONE', ( #4573 ), #4031, .T. ) ;
#5688 = DIRECTION ( 'NONE',  ( 0.000000000000000000, -1.445602896647339508E-15, -1.000000000000000000 ) ) ;
#5689 = ORIENTED_EDGE ( 'NONE', *, *, #915, .T. ) ;
#5690 = ORIENTED_EDGE ( 'NONE', *, *, #2773, .F. ) ;
#5691 = DIRECTION ( 'NONE',  ( 0.000000000000000000, 1.000000000000000000, 0.000000000000000000 ) ) ;
#5692 = ORIENTED_EDGE ( 'NONE', *, *, #4345, .T. ) ;
#5693 = ADVANCED_FACE ( 'NONE', ( #5607 ), #7426, .F. ) ;
#5694 = ORIENTED_EDGE ( 'NONE', *, *, #4852, .F. ) ;
#5695 = EDGE_CURVE ( 'NONE', #3143, #4796, #329, .T. ) ;
#5696 = CIRCLE ( 'NONE', #2366, 0.07500000000000019151 ) ;
#5697 = LINE ( 'NONE', #5094, #6921 ) ;
#5698 = LINE ( 'NONE', #5021, #3197 ) ;
#5699 = ORIENTED_EDGE ( 'NONE', *, *, #101, .F. ) ;
#5700 = ORIENTED_EDGE ( 'NONE', *, *, #3958, .F. ) ;
#5701 = LINE ( 'NONE', #6326, #3402 ) ;
#5702 = CARTESIAN_POINT ( 'NONE',  ( -8.750000000000000000, 0.7800000000000006928, 1.824999999999999289 ) ) ;
#5703 = DIRECTION ( 'NONE',  ( 1.000000000000000000, 0.000000000000000000, 0.000000000000000000 ) ) ;
#5704 = VERTEX_POINT ( 'NONE', #6832 ) ;
#5705 = DIRECTION ( 'NONE',  ( -1.000000000000000000, 0.000000000000000000, 0.000000000000000000 ) ) ;
#5706 = CARTESIAN_POINT ( 'NONE',  ( -7.605000000000000426, 0.5300000000000049116, -0.3250000000000000666 ) ) ;
#5707 = LINE ( 'NONE', #2703, #4281 ) ;
#5708 = ORIENTED_EDGE ( 'NONE', *, *, #677, .F. ) ;
#5709 = DIRECTION ( 'NONE',  ( 1.000000000000000000, 0.000000000000000000, -0.000000000000000000 ) ) ;
#5710 = LINE ( 'NONE', #401, #6225 ) ;
#5711 = DIRECTION ( 'NONE',  ( -1.000000000000000000, 0.000000000000000000, -0.000000000000000000 ) ) ;
#5712 = LINE ( 'NONE', #403, #6076 ) ;
#5713 = FACE_OUTER_BOUND ( 'NONE', #2239, .T. ) ;
#5714 = FILL_AREA_STYLE ('',( #7590 ) ) ;
#5715 = VECTOR ( 'NONE', #218, 1000.000000000000000 ) ;
#5716 = DIRECTION ( 'NONE',  ( 0.000000000000000000, 0.000000000000000000, -1.000000000000000000 ) ) ;
#5717 = ORIENTED_EDGE ( 'NONE', *, *, #1820, .T. ) ;
#5718 = ADVANCED_FACE ( 'NONE', ( #3919 ), #1533, .T. ) ;
#5719 = ORIENTED_EDGE ( 'NONE', *, *, #1881, .F. ) ;
#5720 = LINE ( 'NONE', #6768, #5188 ) ;
#5721 = ORIENTED_EDGE ( 'NONE', *, *, #3942, .F. ) ;
#5722 = VECTOR ( 'NONE', #2487, 1000.000000000000000 ) ;
#5723 = ORIENTED_EDGE ( 'NONE', *, *, #603, .T. ) ;
#5724 = CARTESIAN_POINT ( 'NONE',  ( -7.275000000000000355, 0.7800000000000000266, -0.2750000000000000777 ) ) ;
#5725 = AXIS2_PLACEMENT_3D ( 'NONE', #6440, #425, #5901 ) ;
#5726 = FACE_OUTER_BOUND ( 'NONE', #2520, .T. ) ;
#5727 = DIRECTION ( 'NONE',  ( 0.000000000000000000, -0.000000000000000000, 1.000000000000000000 ) ) ;
#5728 = DIRECTION ( 'NONE',  ( 0.000000000000000000, 0.7071067811865490160, -0.7071067811865460184 ) ) ;
#5729 = VECTOR ( 'NONE', #355, 1000.000000000000000 ) ;
#5730 = EDGE_LOOP ( 'NONE', ( #5876, #2554, #261, #2541 ) ) ;
#5731 = VECTOR ( 'NONE', #1032, 1000.000000000000000 ) ;
#5732 = EDGE_CURVE ( 'NONE', #1503, #1754, #5672, .T. ) ;
#5733 = ORIENTED_EDGE ( 'NONE', *, *, #6173, .T. ) ;
#5734 = EDGE_CURVE ( 'NONE', #1718, #3723, #5710, .T. ) ;
#5735 = PLANE ( 'NONE',  #3201 ) ;
#5736 = VERTEX_POINT ( 'NONE', #1812 ) ;
#5737 = LINE ( 'NONE', #5857, #7309 ) ;
#5738 = ORIENTED_EDGE ( 'NONE', *, *, #346, .F. ) ;
#5739 = VECTOR ( 'NONE', #4683, 1000.000000000000000 ) ;
#5740 = LINE ( 'NONE', #6750, #616 ) ;
#5741 = MANIFOLD_SOLID_BREP ( 'Boss-Extrude3', #5781 ) ;
#5742 = CARTESIAN_POINT ( 'NONE',  ( -5.937500000000000000, 0.000000000000000000, 0.06499999999999994671 ) ) ;
#5743 = EDGE_CURVE ( 'NONE', #6605, #6919, #6067, .T. ) ;
#5744 = EDGE_CURVE ( 'NONE', #4661, #1962, #5298, .T. ) ;
#5745 = VECTOR ( 'NONE', #1569, 1000.000000000000000 ) ;
#5746 = ADVANCED_FACE ( 'NONE', ( #1892 ), #5527, .T. ) ;
#5747 = AXIS2_PLACEMENT_3D ( 'NONE', #5702, #281, #1055 ) ;
#5748 = ORIENTED_EDGE ( 'NONE', *, *, #1759, .T. ) ;
#5749 = DIRECTION ( 'NONE',  ( -0.000000000000000000, -0.000000000000000000, 1.000000000000000000 ) ) ;
#5750 = ORIENTED_EDGE ( 'NONE', *, *, #7332, .F. ) ;
#5751 = CARTESIAN_POINT ( 'NONE',  ( -7.875000000000000000, 0.1800000000000000488, -0.2750000000000000777 ) ) ;
#5752 = DIRECTION ( 'NONE',  ( -1.000000000000000000, 0.000000000000000000, 0.000000000000000000 ) ) ;
#5753 = CARTESIAN_POINT ( 'NONE',  ( -5.724999999999999645, 0.5999999999999999778, -2.024999999999999911 ) ) ;
#5754 = VERTEX_POINT ( 'NONE', #2622 ) ;
#5755 = VECTOR ( 'NONE', #4992, 1000.000000000000000 ) ;
#5756 = LINE ( 'NONE', #4106, #4668 ) ;
#5757 = DIRECTION ( 'NONE',  ( 0.000000000000000000, 0.7071067811865485719, -0.7071067811865465735 ) ) ;
#5758 = CARTESIAN_POINT ( 'NONE',  ( -1.735000000000000320, 0.000000000000000000, -1.724999999999999867 ) ) ;
#5759 = LINE ( 'NONE', #445, #172 ) ;
#5760 = SURFACE_SIDE_STYLE ('',( #2833 ) ) ;
#5761 = LINE ( 'NONE', #6339, #4764 ) ;
#5762 = ORIENTED_EDGE ( 'NONE', *, *, #5228, .F. ) ;
#5763 = ORIENTED_EDGE ( 'NONE', *, *, #5695, .T. ) ;
#5764 = AXIS2_PLACEMENT_3D ( 'NONE', #4070, #6422, #2384 ) ;
#5765 = VERTEX_POINT ( 'NONE', #1971 ) ;
#5766 = ORIENTED_EDGE ( 'NONE', *, *, #3349, .F. ) ;
#5767 = DIRECTION ( 'NONE',  ( 1.000000000000000000, 0.000000000000000000, 0.000000000000000000 ) ) ;
#5768 = LINE ( 'NONE', #5197, #5251 ) ;
#5769 = FACE_OUTER_BOUND ( 'NONE', #161, .T. ) ;
#5770 = EDGE_CURVE ( 'NONE', #2175, #6967, #2501, .T. ) ;
#5771 = DIRECTION ( 'NONE',  ( 0.000000000000000000, -0.7071067811865460184, -0.7071067811865490160 ) ) ;
#5772 = VECTOR ( 'NONE', #2808, 1000.000000000000000 ) ;
#5773 = FACE_OUTER_BOUND ( 'NONE', #162, .T. ) ;
#5774 = ORIENTED_EDGE ( 'NONE', *, *, #6173, .F. ) ;
#5775 = VERTEX_POINT ( 'NONE', #5490 ) ;
#5776 = LINE ( 'NONE', #6144, #5538 ) ;
#5777 = VERTEX_POINT ( 'NONE', #209 ) ;
#5778 = CARTESIAN_POINT ( 'NONE',  ( -1.375000000000000444, 1.644999999999999352, 1.949999999999999067 ) ) ;
#5779 = ORIENTED_EDGE ( 'NONE', *, *, #6274, .T. ) ;
#5780 = CARTESIAN_POINT ( 'NONE',  ( -1.852139257101876488E-16, 1.630000000000001226, -1.464999999999999636 ) ) ;
#5781 = CLOSED_SHELL ( 'NONE', ( #4609, #5480, #5893, #3673, #2876, #6596, #6800, #6817, #2899, #5880, #5458, #3350, #3689, #6631, #3240, #6992, #722, #1345, #3614, #6994, #236, #1409, #6595, #6497, #4822, #4862, #6935, #771, #1671, #2803, #5470, #823, #6295, #5069, #6027, #585, #1715, #5315, #146, #7236, #3005, #4653, #3597, #889, #4302, #1682, #1765, #6418, #3138, #7330, #2237, #508, #3774, #4352, #939, #2875, #7401, #2150, #2524, #5570, #7463, #948, #2432, #1674, #806, #3828, #3969, #864, #5932, #3368, #1660, #3420, #4052, #5088, #440, #2491, #940, #5638, #5790, #1974, #2762, #3390, #3070, #5687, #5450, #6359, #4884, #2823, #7508, #626, #919, #1421, #1975, #1242, #560, #6273, #1858, #3292, #4155, #5479, #345, #4823, #5718, #4518, #514, #4151, #1910, #2922, #484, #5079, #6039, #2490, #199, #246, #571, #5007, #1135, #3164, #2583, #5542, #31, #6984, #2637, #5984, #6646, #6181, #1051, #2772, #4527, #1133, #6457, #3307, #2387, #6710, #2719, #2273, #535, #6019, #2625, #3161, #1367, #5891, #7612, #2108, #5261, #290, #2186, #4883, #2955, #6969, #5803, #6732, #3516, #5693, #4986, #713, #3725, #7465, #3174, #602, #3784, #1040, #6801, #2422, #7042, #2536, #6966, #6082, #7233, #5746, #4571, #6856 ) ) ;
#5782 = LINE ( 'NONE', #1561, #3459 ) ;
#5783 = ORIENTED_EDGE ( 'NONE', *, *, #111, .T. ) ;
#5784 = DIRECTION ( 'NONE',  ( -1.000000000000000000, -0.000000000000000000, -0.000000000000000000 ) ) ;
#5785 = ORIENTED_EDGE ( 'NONE', *, *, #4705, .T. ) ;
#5786 = AXIS2_PLACEMENT_3D ( 'NONE', #7524, #5771, #5728 ) ;
#5787 = EDGE_CURVE ( 'NONE', #5930, #3964, #6683, .T. ) ;
#5788 = DIRECTION ( 'NONE',  ( 0.000000000000000000, 0.000000000000000000, -1.000000000000000000 ) ) ;
#5789 = EDGE_LOOP ( 'NONE', ( #7377, #3845, #7229, #3563 ) ) ;
#5790 = ADVANCED_FACE ( 'NONE', ( #4988 ), #2589, .F. ) ;
#5791 = CARTESIAN_POINT ( 'NONE',  ( -1.735000000000000320, 4.120000000000000107, 0.09499999999999961253 ) ) ;
#5792 = EDGE_CURVE ( 'NONE', #6597, #3293, #3058, .T. ) ;
#5793 = LINE ( 'NONE', #4138, #4295 ) ;
#5794 = DIRECTION ( 'NONE',  ( 0.000000000000000000, 1.000000000000000000, 0.000000000000000000 ) ) ;
#5795 = VECTOR ( 'NONE', #337, 1000.000000000000000 ) ;
#5796 = MANIFOLD_SOLID_BREP ( 'NONE', #2578 ) ;
#5797 = VERTEX_POINT ( 'NONE', #6256 ) ;
#5798 = CARTESIAN_POINT ( 'NONE',  ( 7.875000000000000000, 4.250000000000000000, 2.024999999999999911 ) ) ;
#5799 = DIRECTION ( 'NONE',  ( 1.000000000000000000, -0.000000000000000000, -0.000000000000000000 ) ) ;
#5800 = CIRCLE ( 'NONE', #1717, 0.08500000000000000611 ) ;
#5801 = EDGE_CURVE ( 'NONE', #1788, #5513, #7310, .T. ) ;
#5802 = CARTESIAN_POINT ( 'NONE',  ( -7.375000000000000888, -0.06250000000000049960, -0.06250000000000077716 ) ) ;
#5803 = ADVANCED_FACE ( 'NONE', ( #5666 ), #6901, .F. ) ;
#5804 = FACE_OUTER_BOUND ( 'NONE', #2596, .T. ) ;
#5805 = DIRECTION ( 'NONE',  ( 1.000000000000000000, -0.000000000000000000, -0.000000000000000000 ) ) ;
#5806 = ORIENTED_EDGE ( 'NONE', *, *, #5872, .F. ) ;
#5807 = LINE ( 'NONE', #6464, #3095 ) ;
#5808 = ORIENTED_EDGE ( 'NONE', *, *, #5240, .T. ) ;
#5809 = CARTESIAN_POINT ( 'NONE',  ( -5.525000000000000355, 2.085000000000000409, -2.024999999999999467 ) ) ;
#5810 = FACE_OUTER_BOUND ( 'NONE', #5283, .T. ) ;
#5811 = CARTESIAN_POINT ( 'NONE',  ( -7.605000000000000426, 0.1499999999999998002, -0.2750000000000000777 ) ) ;
#5812 = ORIENTED_EDGE ( 'NONE', *, *, #1027, .T. ) ;
#5813 = PLANE ( 'NONE',  #1339 ) ;
#5814 = ORIENTED_EDGE ( 'NONE', *, *, #3999, .F. ) ;
#5815 = AXIS2_PLACEMENT_3D ( 'NONE', #4178, #791, #708 ) ;
#5816 = DIRECTION ( 'NONE',  ( -0.000000000000000000, -0.000000000000000000, 1.000000000000000000 ) ) ;
#5817 = ORIENTED_EDGE ( 'NONE', *, *, #6118, .T. ) ;
#5818 = CARTESIAN_POINT ( 'NONE',  ( -1.375000000000000444, 1.094999999999999085, 1.949999999999999289 ) ) ;
#5819 = LINE ( 'NONE', #3514, #7333 ) ;
#5820 = DIRECTION ( 'NONE',  ( 1.000000000000000000, -0.000000000000000000, -0.000000000000000000 ) ) ;
#5821 = MANIFOLD_SOLID_BREP ( 'NONE', #2827 ) ;
#5822 = ORIENTED_EDGE ( 'NONE', *, *, #5414, .T. ) ;
#5823 = CARTESIAN_POINT ( 'NONE',  ( -5.525000000000000355, 0.000000000000000000, 0.06499999999999994671 ) ) ;
#5824 = EDGE_CURVE ( 'NONE', #1846, #4800, #4561, .T. ) ;
#5825 = AXIS2_PLACEMENT_3D ( 'NONE', #4146, #3573, #3690 ) ;
#5826 = ORIENTED_EDGE ( 'NONE', *, *, #7383, .F. ) ;
#5827 = DIRECTION ( 'NONE',  ( -8.468115335143821308E-17, 0.7071067811865475727, 0.7071067811865474617 ) ) ;
#5828 = ORIENTED_EDGE ( 'NONE', *, *, #4391, .F. ) ;
#5829 = FACE_OUTER_BOUND ( 'NONE', #6285, .T. ) ;
#5830 = CARTESIAN_POINT ( 'NONE',  ( -1.250000000000001110, 3.965000000000001634, 0.6399999999999999023 ) ) ;
#5831 = EDGE_CURVE ( 'NONE', #7536, #4652, #5173, .T. ) ;
#5832 = EDGE_LOOP ( 'NONE', ( #4396, #6247, #704, #2154 ) ) ;
#5833 = EDGE_CURVE ( 'NONE', #4984, #7166, #943, .T. ) ;
#5834 = LINE ( 'NONE', #3453, #6986 ) ;
#5835 = DIRECTION ( 'NONE',  ( -1.000000000000000000, 0.000000000000000000, -0.000000000000000000 ) ) ;
#5836 = FACE_OUTER_BOUND ( 'NONE', #5475, .T. ) ;
#5837 = PLANE ( 'NONE',  #548 ) ;
#5838 =( NAMED_UNIT ( * ) PLANE_ANGLE_UNIT ( ) SI_UNIT ( $, .RADIAN. ) );
#5839 = DIRECTION ( 'NONE',  ( 1.734723475976806306E-15, -1.000000000000000000, 0.000000000000000000 ) ) ;
#5840 = VECTOR ( 'NONE', #5939, 1000.000000000000000 ) ;
#5841 = AXIS2_PLACEMENT_3D ( 'NONE', #3850, #2056, #2710 ) ;
#5842 = EDGE_CURVE ( 'NONE', #5931, #2446, #392, .T. ) ;
#5843 = EDGE_LOOP ( 'NONE', ( #5692, #5363, #892, #6737 ) ) ;
#5844 = ADVANCED_FACE ( 'NONE', ( #2661 ), #5024, .T. ) ;
#5845 = PLANE ( 'NONE',  #4830 ) ;
#5846 = ORIENTED_EDGE ( 'NONE', *, *, #3735, .T. ) ;
#5847 = ORIENTED_EDGE ( 'NONE', *, *, #2856, .F. ) ;
#5848 = CARTESIAN_POINT ( 'NONE',  ( -9.341064372665991643E-17, 0.7800000000000006928, 0.06499999999999994671 ) ) ;
#5849 = DIRECTION ( 'NONE',  ( 0.000000000000000000, 0.000000000000000000, -1.000000000000000000 ) ) ;
#5850 = DIRECTION ( 'NONE',  ( 0.7071067811865474617, -0.000000000000000000, -0.7071067811865474617 ) ) ;
#5851 = ORIENTED_EDGE ( 'NONE', *, *, #816, .F. ) ;
#5852 = ORIENTED_EDGE ( 'NONE', *, *, #862, .T. ) ;
#5853 = AXIS2_PLACEMENT_3D ( 'NONE', #4343, #757, #2465 ) ;
#5854 = AXIS2_PLACEMENT_3D ( 'NONE', #2149, #7347, #3216 ) ;
#5855 = ORIENTED_EDGE ( 'NONE', *, *, #5186, .F. ) ;
#5856 = ORIENTED_EDGE ( 'NONE', *, *, #4799, .F. ) ;
#5857 = CARTESIAN_POINT ( 'NONE',  ( -7.605000000000000426, 2.209999999999999520, 1.274999999999999911 ) ) ;
#5858 = ORIENTED_EDGE ( 'NONE', *, *, #5610, .F. ) ;
#5859 = DIRECTION ( 'NONE',  ( 0.000000000000000000, -1.000000000000000000, 0.000000000000000000 ) ) ;
#5860 = DIRECTION ( 'NONE',  ( -0.7071067811865495711, -0.7071067811865454633, 0.000000000000000000 ) ) ;
#5861 = AXIS2_PLACEMENT_3D ( 'NONE', #4979, #7299, #350 ) ;
#5862 = ORIENTED_EDGE ( 'NONE', *, *, #4475, .F. ) ;
#5863 = DIRECTION ( 'NONE',  ( -0.000000000000000000, -0.000000000000000000, 1.000000000000000000 ) ) ;
#5864 = VECTOR ( 'NONE', #2907, 1000.000000000000000 ) ;
#5865 = VECTOR ( 'NONE', #2913, 1000.000000000000000 ) ;
#5866 = ORIENTED_EDGE ( 'NONE', *, *, #4441, .F. ) ;
#5867 = AXIS2_PLACEMENT_3D ( 'NONE', #4775, #3660, #4728 ) ;
#5868 = LINE ( 'NONE', #6374, #1148 ) ;
#5869 = ORIENTED_EDGE ( 'NONE', *, *, #7273, .T. ) ;
#5870 = DIRECTION ( 'NONE',  ( 0.000000000000000000, 0.000000000000000000, 1.000000000000000000 ) ) ;
#5871 = ORIENTED_EDGE ( 'NONE', *, *, #2059, .F. ) ;
#5872 = EDGE_CURVE ( 'NONE', #3857, #7502, #3981, .T. ) ;
#5873 = FACE_OUTER_BOUND ( 'NONE', #4477, .T. ) ;
#5874 = VECTOR ( 'NONE', #1107, 1000.000000000000000 ) ;
#5875 = VECTOR ( 'NONE', #2721, 1000.000000000000000 ) ;
#5876 = ORIENTED_EDGE ( 'NONE', *, *, #1105, .F. ) ;
#5877 = DIRECTION ( 'NONE',  ( -0.000000000000000000, -0.000000000000000000, 1.000000000000000000 ) ) ;
#5878 = LINE ( 'NONE', #597, #5499 ) ;
#5879 = EDGE_CURVE ( 'NONE', #3056, #663, #5701, .T. ) ;
#5880 = ADVANCED_FACE ( 'NONE', ( #2080 ), #1484, .T. ) ;
#5881 = CARTESIAN_POINT ( 'NONE',  ( -6.349999999999999645, 3.325000000000000178, 2.024999999999999911 ) ) ;
#5882 = FACE_OUTER_BOUND ( 'NONE', #4254, .T. ) ;
#5883 = ORIENTED_EDGE ( 'NONE', *, *, #2975, .T. ) ;
#5884 = DIRECTION ( 'NONE',  ( 0.000000000000000000, 0.000000000000000000, 1.000000000000000000 ) ) ;
#5885 = DIRECTION ( 'NONE',  ( 0.000000000000000000, -1.000000000000000000, 0.000000000000000000 ) ) ;
#5886 = ORIENTED_EDGE ( 'NONE', *, *, #2157, .T. ) ;
#5887 = VERTEX_POINT ( 'NONE', #3287 ) ;
#5888 = CARTESIAN_POINT ( 'NONE',  ( -7.375000000000000888, 1.112733808603542986E-15, 1.949999999999999956 ) ) ;
#5889 = DIRECTION ( 'NONE',  ( 0.000000000000000000, -1.000000000000000000, 0.000000000000000000 ) ) ;
#5890 = VECTOR ( 'NONE', #2497, 1000.000000000000000 ) ;
#5891 = ADVANCED_FACE ( 'NONE', ( #5633 ), #2151, .F. ) ;
#5892 = CARTESIAN_POINT ( 'NONE',  ( -5.724999999999999645, 0.2250000000000000056, -1.584999999999999964 ) ) ;
#5893 = ADVANCED_FACE ( 'NONE', ( #1564 ), #7386, .T. ) ;
#5894 = EDGE_CURVE ( 'NONE', #3192, #6583, #5908, .T. ) ;
#5895 = DIRECTION ( 'NONE',  ( -0.000000000000000000, 0.000000000000000000, 1.000000000000000000 ) ) ;
#5896 = ORIENTED_EDGE ( 'NONE', *, *, #4142, .T. ) ;
#5897 = ORIENTED_EDGE ( 'NONE', *, *, #6442, .F. ) ;
#5898 = AXIS2_PLACEMENT_3D ( 'NONE', #2461, #6679, #5982 ) ;
#5899 = VERTEX_POINT ( 'NONE', #3564 ) ;
#5900 = EDGE_LOOP ( 'NONE', ( #3684, #115, #4117, #7537 ) ) ;
#5901 = DIRECTION ( 'NONE',  ( 1.000000000000000000, 0.000000000000000000, 0.000000000000000000 ) ) ;
#5902 = AXIS2_PLACEMENT_3D ( 'NONE', #6299, #5709, #400 ) ;
#5903 = DIRECTION ( 'NONE',  ( 1.000000000000000000, 1.197572355469997778E-16, 0.000000000000000000 ) ) ;
#5904 = EDGE_CURVE ( 'NONE', #6072, #2683, #7006, .T. ) ;
#5905 = ORIENTED_EDGE ( 'NONE', *, *, #4580, .F. ) ;
#5906 = DIRECTION ( 'NONE',  ( -0.000000000000000000, 1.000000000000000000, 0.000000000000000000 ) ) ;
#5907 = ORIENTED_EDGE ( 'NONE', *, *, #6130, .T. ) ;
#5908 = LINE ( 'NONE', #2937, #1911 ) ;
#5909 = ORIENTED_EDGE ( 'NONE', *, *, #5369, .F. ) ;
#5910 = AXIS2_PLACEMENT_3D ( 'NONE', #3664, #2993, #4820 ) ;
#5911 = DIRECTION ( 'NONE',  ( -1.000000000000000000, 0.000000000000000000, -0.000000000000000000 ) ) ;
#5912 = EDGE_LOOP ( 'NONE', ( #859, #4241, #1598, #4158, #2512, #1987, #1720 ) ) ;
#5913 = LINE ( 'NONE', #2981, #3562 ) ;
#5914 = EDGE_CURVE ( 'NONE', #4980, #6878, #7080, .T. ) ;
#5915 = CARTESIAN_POINT ( 'NONE',  ( -4.275000000000000355, 0.7800000000000002487, 1.824999999999999289 ) ) ;
#5916 = DIRECTION ( 'NONE',  ( -1.000000000000000000, 1.197572355469997778E-16, 0.000000000000000000 ) ) ;
#5917 = DIRECTION ( 'NONE',  ( -1.000000000000000000, -0.000000000000000000, -0.000000000000000000 ) ) ;
#5918 = SHAPE_DEFINITION_REPRESENTATION ( #4767, #3205 ) ;
#5919 = VECTOR ( 'NONE', #1968, 1000.000000000000114 ) ;
#5920 = LINE ( 'NONE', #5382, #2275 ) ;
#5921 = ORIENTED_EDGE ( 'NONE', *, *, #537, .T. ) ;
#5922 = LINE ( 'NONE', #7638, #2457 ) ;
#5923 = DIRECTION ( 'NONE',  ( -8.468115335143821308E-17, 0.7071067811865475727, 0.7071067811865474617 ) ) ;
#5924 = ORIENTED_EDGE ( 'NONE', *, *, #2814, .F. ) ;
#5925 = EDGE_LOOP ( 'NONE', ( #3374, #819, #2124, #6298, #4649, #7173, #1543, #5855, #6430 ) ) ;
#5926 = DIRECTION ( 'NONE',  ( -0.7071067811865475727, 0.000000000000000000, -0.7071067811865475727 ) ) ;
#5927 = DIRECTION ( 'NONE',  ( 0.000000000000000000, 1.000000000000000000, 0.000000000000000000 ) ) ;
#5928 = CARTESIAN_POINT ( 'NONE',  ( -1.024999999999999023, 2.209999999999999520, 1.274999999999999911 ) ) ;
#5929 = DIRECTION ( 'NONE',  ( 0.000000000000000000, -1.445602896647339508E-15, -1.000000000000000000 ) ) ;
#5930 = VERTEX_POINT ( 'NONE', #4063 ) ;
#5931 = VERTEX_POINT ( 'NONE', #4710 ) ;
#5932 = ADVANCED_FACE ( 'NONE', ( #4135 ), #1206, .F. ) ;
#5933 = VERTEX_POINT ( 'NONE', #1719 ) ;
#5934 = ADVANCED_FACE ( 'NONE', ( #5327 ), #5, .F. ) ;
#5935 = ORIENTED_EDGE ( 'NONE', *, *, #2148, .T. ) ;
#5936 = CARTESIAN_POINT ( 'NONE',  ( -7.605000000000000426, 1.112733808603542986E-15, 1.949999999999999956 ) ) ;
#5937 = EDGE_LOOP ( 'NONE', ( #2797, #4669, #7208, #1879, #1710, #4397, #409, #220, #5588, #5945, #5623 ) ) ;
#5938 = LINE ( 'NONE', #1202, #3671 ) ;
#5939 = DIRECTION ( 'NONE',  ( -1.000000000000000000, -7.477256361968995247E-17, 0.000000000000000000 ) ) ;
#5940 = DIRECTION ( 'NONE',  ( 0.000000000000000000, 0.000000000000000000, 1.000000000000000000 ) ) ;
#5941 = DIRECTION ( 'NONE',  ( 0.000000000000000000, -0.7071067811865461294, 0.7071067811865490160 ) ) ;
#5942 = EDGE_CURVE ( 'NONE', #3422, #2750, #5290, .T. ) ;
#5943 = EDGE_CURVE ( 'NONE', #5294, #2397, #2655, .T. ) ;
#5944 = VERTEX_POINT ( 'NONE', #1129 ) ;
#5945 = ORIENTED_EDGE ( 'NONE', *, *, #1750, .T. ) ;
#5946 = AXIS2_PLACEMENT_3D ( 'NONE', #4548, #6351, #5727 ) ;
#5947 = CARTESIAN_POINT ( 'NONE',  ( -7.605000000000000426, 1.009999999999999121, 1.949999999999999289 ) ) ;
#5948 = ORIENTED_EDGE ( 'NONE', *, *, #6451, .T. ) ;
#5949 = DIRECTION ( 'NONE',  ( 0.000000000000000000, 0.000000000000000000, -1.000000000000000000 ) ) ;
#5950 = CARTESIAN_POINT ( 'NONE',  ( -3.225000000000000533, 0.7800000000000004707, 1.824999999999998845 ) ) ;
#5951 = PLANE ( 'NONE',  #5825 ) ;
#5952 = AXIS2_PLACEMENT_3D ( 'NONE', #921, #6729, #4536 ) ;
#5953 = CARTESIAN_POINT ( 'NONE',  ( -5.724999999999999645, 1.604999999999999982, 1.362867965644034118 ) ) ;
#5954 = ITEM_DEFINED_TRANSFORMATION ( 'NONE', 'NONE', #3426,  #7217 ) ;
#5955 = CARTESIAN_POINT ( 'NONE',  ( -1.715000000000001190, 0.2400000000000022671, -0.2750000000000000777 ) ) ;
#5956 = ORIENTED_EDGE ( 'NONE', *, *, #4060, .F. ) ;
#5957 = LINE ( 'NONE', #4612, #4454 ) ;
#5958 = ORIENTED_EDGE ( 'NONE', *, *, #2316, .T. ) ;
#5959 = ORIENTED_EDGE ( 'NONE', *, *, #4665, .F. ) ;
#5960 = CARTESIAN_POINT ( 'NONE',  ( -7.605000000000000426, 0.7800000000000000266, -0.2750000000000000777 ) ) ;
#5961 = FACE_OUTER_BOUND ( 'NONE', #7256, .T. ) ;
#5962 = DIRECTION ( 'NONE',  ( -1.000000000000000000, -0.000000000000000000, -0.000000000000000000 ) ) ;
#5963 = EDGE_CURVE ( 'NONE', #2110, #4271, #5868, .T. ) ;
#5964 = ORIENTED_EDGE ( 'NONE', *, *, #2476, .F. ) ;
#5965 = ORIENTED_EDGE ( 'NONE', *, *, #4651, .F. ) ;
#5966 = ORIENTED_EDGE ( 'NONE', *, *, #1422, .F. ) ;
#5967 = VECTOR ( 'NONE', #4452, 1000.000000000000000 ) ;
#5968 = DIRECTION ( 'NONE',  ( 1.000000000000000000, 0.000000000000000000, 0.000000000000000000 ) ) ;
#5969 = ORIENTED_EDGE ( 'NONE', *, *, #4414, .F. ) ;
#5970 = CARTESIAN_POINT ( 'NONE',  ( -1.375000000000000444, 1.644999999999999352, 1.949999999999999067 ) ) ;
#5971 = CARTESIAN_POINT ( 'NONE',  ( -5.724999999999999645, 1.629999999999999893, 0.9136038969321070846 ) ) ;
#5972 = DIRECTION ( 'NONE',  ( 0.000000000000000000, -0.000000000000000000, 1.000000000000000000 ) ) ;
#5973 = EDGE_CURVE ( 'NONE', #3331, #7248, #510, .T. ) ;
#5974 = VERTEX_POINT ( 'NONE', #1637 ) ;
#5975 = DIRECTION ( 'NONE',  ( 1.000000000000000000, -0.000000000000000000, -0.000000000000000000 ) ) ;
#5976 = ORIENTED_EDGE ( 'NONE', *, *, #5685, .T. ) ;
#5977 = LINE ( 'NONE', #3051, #4275 ) ;
#5978 = ORIENTED_EDGE ( 'NONE', *, *, #2341, .T. ) ;
#5979 = AXIS2_PLACEMENT_3D ( 'NONE', #3414, #4605, #6869 ) ;
#5980 = VECTOR ( 'NONE', #851, 1000.000000000000000 ) ;
#5981 = CARTESIAN_POINT ( 'NONE',  ( -4.062499999999999112, 2.055000000000001048, 2.024999999999999911 ) ) ;
#5982 = DIRECTION ( 'NONE',  ( 0.000000000000000000, 0.000000000000000000, 1.000000000000000000 ) ) ;
#5983 = EDGE_CURVE ( 'NONE', #5125, #3830, #1094, .T. ) ;
#5984 = ADVANCED_FACE ( 'NONE', ( #2376 ), #473, .T. ) ;
#5985 = DIRECTION ( 'NONE',  ( 0.000000000000000000, -0.000000000000000000, 1.000000000000000000 ) ) ;
#5986 =( LENGTH_UNIT ( ) NAMED_UNIT ( * ) SI_UNIT ( .MILLI., .METRE. ) );
#5987 = FACE_OUTER_BOUND ( 'NONE', #3027, .T. ) ;
#5988 = CARTESIAN_POINT ( 'NONE',  ( -5.800000000000000711, 3.820000000000000728, -1.224999999999999867 ) ) ;
#5989 = CIRCLE ( 'NONE', #6366, 0.1499999999999999667 ) ;
#5990 = AXIS2_PLACEMENT_3D ( 'NONE', #989, #7478, #1498 ) ;
#5991 = AXIS2_PLACEMENT_3D ( 'NONE', #5467, #5926, #5390 ) ;
#5992 = FACE_OUTER_BOUND ( 'NONE', #7413, .T. ) ;
#5993 = PRODUCT_CONTEXT ( 'NONE', #2735, 'mechanical' ) ;
#5994 = DIRECTION ( 'NONE',  ( 0.000000000000000000, 0.000000000000000000, 1.000000000000000000 ) ) ;
#5995 = VERTEX_POINT ( 'NONE', #1168 ) ;
#5996 = AXIS2_PLACEMENT_3D ( 'NONE', #5669, #7470, #2197 ) ;
#5997 = LINE ( 'NONE', #5385, #5064 ) ;
#5998 = VECTOR ( 'NONE', #3346, 1000.000000000000000 ) ;
#5999 = CARTESIAN_POINT ( 'NONE',  ( -7.375000000000000888, 1.559999999999999609, 1.864999999999999547 ) ) ;
#6000 = ORIENTED_EDGE ( 'NONE', *, *, #3951, .T. ) ;
#6001 = DIRECTION ( 'NONE',  ( 0.000000000000000000, 1.000000000000000000, 0.000000000000000000 ) ) ;
#6002 = CARTESIAN_POINT ( 'NONE',  ( -1.375000000000001332, 0.000000000000000000, 0.06499999999999994671 ) ) ;
#6003 = DIRECTION ( 'NONE',  ( 0.000000000000000000, -0.000000000000000000, -1.000000000000000000 ) ) ;
#6004 = FACE_OUTER_BOUND ( 'NONE', #2714, .T. ) ;
#6005 = EDGE_LOOP ( 'NONE', ( #3464, #5501, #4072, #3560 ) ) ;
#6006 = ORIENTED_EDGE ( 'NONE', *, *, #2593, .F. ) ;
#6007 = AXIS2_PLACEMENT_3D ( 'NONE', #2244, #4608, #1653 ) ;
#6008 = ORIENTED_EDGE ( 'NONE', *, *, #6149, .F. ) ;
#6009 = ORIENTED_EDGE ( 'NONE', *, *, #3327, .F. ) ;
#6010 = LINE ( 'NONE', #5352, #5002 ) ;
#6011 = CARTESIAN_POINT ( 'NONE',  ( 7.875000000000000000, 1.030000000000000027, -1.464999999999999636 ) ) ;
#6012 = CARTESIAN_POINT ( 'NONE',  ( -1.375000000000000444, -0.9375000000000012212, 0.9375000000000056621 ) ) ;
#6013 = LINE ( 'NONE', #699, #4682 ) ;
#6014 = ORIENTED_EDGE ( 'NONE', *, *, #5221, .F. ) ;
#6015 = CARTESIAN_POINT ( 'NONE',  ( -1.735000000000000320, 4.120000000000000107, 0.09499999999999961253 ) ) ;
#6016 = VECTOR ( 'NONE', #5102, 1000.000000000000227 ) ;
#6017 = ORIENTED_EDGE ( 'NONE', *, *, #2109, .T. ) ;
#6018 = DIRECTION ( 'NONE',  ( -0.000000000000000000, -0.000000000000000000, 1.000000000000000000 ) ) ;
#6019 = ADVANCED_FACE ( 'NONE', ( #2231 ), #4597, .F. ) ;
#6020 = VERTEX_POINT ( 'NONE', #2264 ) ;
#6021 = DIRECTION ( 'NONE',  ( 0.000000000000000000, 0.000000000000000000, -1.000000000000000000 ) ) ;
#6022 = CARTESIAN_POINT ( 'NONE',  ( -5.525000000000000355, 0.000000000000000000, 0.06499999999999998834 ) ) ;
#6023 = LINE ( 'NONE', #3249, #6894 ) ;
#6024 = VERTEX_POINT ( 'NONE', #4635 ) ;
#6025 = DIRECTION ( 'NONE',  ( 0.000000000000000000, 0.000000000000000000, -1.000000000000000000 ) ) ;
#6026 = CARTESIAN_POINT ( 'NONE',  ( 0.000000000000000000, 1.855000000000000204, 0.06499999999999994671 ) ) ;
#6027 = ADVANCED_FACE ( 'NONE', ( #2894 ), #3481, .T. ) ;
#6028 = AXIS2_PLACEMENT_3D ( 'NONE', #610, #1600, #690 ) ;
#6029 = DIRECTION ( 'NONE',  ( 0.000000000000000000, 0.000000000000000000, -1.000000000000000000 ) ) ;
#6030 = FACE_OUTER_BOUND ( 'NONE', #5195, .T. ) ;
#6031 = PLANE ( 'NONE',  #7581 ) ;
#6032 = APPLICATION_PROTOCOL_DEFINITION ( 'draft international standard', 'automotive_design', 1998, #5012 ) ;
#6033 = CARTESIAN_POINT ( 'NONE',  ( -0.9850000000000006528, 3.400000000000000355, 2.024999999999999911 ) ) ;
#6034 = VECTOR ( 'NONE', #4248, 1000.000000000000114 ) ;
#6035 = ORIENTED_EDGE ( 'NONE', *, *, #1766, .F. ) ;
#6036 = PLANE ( 'NONE',  #7132 ) ;
#6037 = LINE ( 'NONE', #727, #4871 ) ;
#6038 = DIRECTION ( 'NONE',  ( 0.000000000000000000, 0.000000000000000000, -1.000000000000000000 ) ) ;
#6039 = ADVANCED_FACE ( 'NONE', ( #7579 ), #1398, .T. ) ;
#6040 = EDGE_CURVE ( 'NONE', #6841, #2130, #664, .T. ) ;
#6041 = ORIENTED_EDGE ( 'NONE', *, *, #1996, .F. ) ;
#6042 = DIRECTION ( 'NONE',  ( -2.123691444757744601E-16, 0.7071067811865474617, 0.7071067811865474617 ) ) ;
#6043 = VECTOR ( 'NONE', #2091, 1000.000000000000114 ) ;
#6044 = DIRECTION ( 'NONE',  ( 1.000000000000000000, 0.000000000000000000, 0.000000000000000000 ) ) ;
#6045 = CARTESIAN_POINT ( 'NONE',  ( -5.724999999999999645, 0.000000000000000000, -2.024999999999999911 ) ) ;
#6046 = PRODUCT_DEFINITION_CONTEXT ( 'detailed design', #6329, 'design' ) ;
#6047 = CARTESIAN_POINT ( 'NONE',  ( -3.437500000000001332, 2.255000000000000338, -10.40208472228517778 ) ) ;
#6048 = LINE ( 'NONE', #2519, #4515 ) ;
#6049 = VERTEX_POINT ( 'NONE', #6676 ) ;
#6050 = EDGE_LOOP ( 'NONE', ( #5461, #5008, #5935, #4128, #5086, #2724, #5453, #3269, #1662, #3544, #920, #1645, #5337, #1874, #936, #7640, #3250, #3878, #6738, #3087 ) ) ;
#6051 = EDGE_LOOP ( 'NONE', ( #991, #5858, #2753, #5289 ) ) ;
#6052 = LINE ( 'NONE', #2570, #5489 ) ;
#6053 = ORIENTED_EDGE ( 'NONE', *, *, #6555, .T. ) ;
#6054 = DIRECTION ( 'NONE',  ( 1.000000000000000000, 0.000000000000000000, 0.000000000000000000 ) ) ;
#6055 = CARTESIAN_POINT ( 'NONE',  ( -1.375000000000001332, 3.500000000000000444, 0.000000000000000000 ) ) ;
#6056 = DIRECTION ( 'NONE',  ( 0.000000000000000000, 0.000000000000000000, -1.000000000000000000 ) ) ;
#6057 = DIRECTION ( 'NONE',  ( 0.000000000000000000, -1.000000000000000000, 0.000000000000000000 ) ) ;
#6058 = ORIENTED_EDGE ( 'NONE', *, *, #1726, .F. ) ;
#6059 = CARTESIAN_POINT ( 'NONE',  ( 0.000000000000000000, 2.209999999999998188, -2.496936092690336118 ) ) ;
#6060 = VERTEX_POINT ( 'NONE', #84 ) ;
#6061 = LINE ( 'NONE', #6678, #3484 ) ;
#6062 = DIRECTION ( 'NONE',  ( 0.000000000000000000, 0.000000000000000000, -1.000000000000000000 ) ) ;
#6063 = DIRECTION ( 'NONE',  ( -0.000000000000000000, 1.000000000000000000, 0.000000000000000000 ) ) ;
#6064 = EDGE_CURVE ( 'NONE', #7515, #2861, #7264, .T. ) ;
#6065 = ORIENTED_EDGE ( 'NONE', *, *, #4187, .T. ) ;
#6066 = PLANE ( 'NONE',  #565 ) ;
#6067 = LINE ( 'NONE', #3180, #2390 ) ;
#6068 = CARTESIAN_POINT ( 'NONE',  ( -1.852139257101876488E-16, 1.630000000000001226, -2.024999999999999911 ) ) ;
#6069 = DIRECTION ( 'NONE',  ( -1.000000000000000000, 2.403995947861434526E-16, 0.000000000000000000 ) ) ;
#6070 = DIRECTION ( 'NONE',  ( 0.000000000000000000, -1.000000000000000000, 0.000000000000000000 ) ) ;
#6071 = EDGE_CURVE ( 'NONE', #2927, #6290, #7113, .T. ) ;
#6072 = VERTEX_POINT ( 'NONE', #2417 ) ;
#6073 = PLANE ( 'NONE',  #728 ) ;
#6074 = CARTESIAN_POINT ( 'NONE',  ( 7.875000000000000000, 0.000000000000000000, -1.464999999999999636 ) ) ;
#6075 = LINE ( 'NONE', #7320, #4687 ) ;
#6076 = VECTOR ( 'NONE', #4034, 1000.000000000000000 ) ;
#6077 = VERTEX_POINT ( 'NONE', #4795 ) ;
#6078 = DIRECTION ( 'NONE',  ( 0.000000000000000000, 0.000000000000000000, -1.000000000000000000 ) ) ;
#6079 = PLANE ( 'NONE',  #50 ) ;
#6080 = CARTESIAN_POINT ( 'NONE',  ( 0.000000000000000000, 2.255000000000000338, 0.06499999999999994671 ) ) ;
#6081 = LINE ( 'NONE', #4205, #5013 ) ;
#6082 = ADVANCED_FACE ( 'NONE', ( #6636 ), #3088, .T. ) ;
#6083 = EDGE_CURVE ( 'NONE', #5213, #1655, #1847, .T. ) ;
#6084 = ORIENTED_EDGE ( 'NONE', *, *, #3450, .F. ) ;
#6085 = VERTEX_POINT ( 'NONE', #4912 ) ;
#6086 = ORIENTED_EDGE ( 'NONE', *, *, #2297, .F. ) ;
#6087 = DIRECTION ( 'NONE',  ( -1.000000000000000000, 0.000000000000000000, 0.000000000000000000 ) ) ;
#6088 = CARTESIAN_POINT ( 'NONE',  ( -1.424999999999999156, 0.000000000000000000, 2.024999999999999911 ) ) ;
#6089 = DIRECTION ( 'NONE',  ( 0.000000000000000000, -1.000000000000000000, 0.000000000000000000 ) ) ;
#6090 = EDGE_LOOP ( 'NONE', ( #5407, #7607, #3355, #2576 ) ) ;
#6091 = LINE ( 'NONE', #1281, #4336 ) ;
#6092 = AXIS2_PLACEMENT_3D ( 'NONE', #5377, #57, #3100 ) ;
#6093 = EDGE_LOOP ( 'NONE', ( #700, #3375, #2609, #4126 ) ) ;
#6094 = DIRECTION ( 'NONE',  ( -1.000000000000000000, 0.000000000000000000, 0.000000000000000000 ) ) ;
#6095 = ORIENTED_EDGE ( 'NONE', *, *, #6700, .T. ) ;
#6096 = DIRECTION ( 'NONE',  ( 0.000000000000000000, 0.000000000000000000, -1.000000000000000000 ) ) ;
#6097 = AXIS2_PLACEMENT_3D ( 'NONE', #3029, #1823, #5885 ) ;
#6098 = LINE ( 'NONE', #204, #2560 ) ;
#6099 = PLANE ( 'NONE',  #5301 ) ;
#6100 = DIRECTION ( 'NONE',  ( 1.000000000000000000, 0.000000000000000000, 0.000000000000000000 ) ) ;
#6101 = AXIS2_PLACEMENT_3D ( 'NONE', #3906, #6179, #4479 ) ;
#6102 = FILL_AREA_STYLE ('',( #4107 ) ) ;
#6103 = CARTESIAN_POINT ( 'NONE',  ( -7.725000000000000533, 0.7799999999999999156, -0.2750000000000000777 ) ) ;
#6104 = EDGE_CURVE ( 'NONE', #970, #5296, #6604, .T. ) ;
#6105 = DIRECTION ( 'NONE',  ( 0.000000000000000000, 0.000000000000000000, -1.000000000000000000 ) ) ;
#6106 = FACE_OUTER_BOUND ( 'NONE', #1684, .T. ) ;
#6107 = VECTOR ( 'NONE', #280, 1000.000000000000000 ) ;
#6108 = VECTOR ( 'NONE', #3504, 1000.000000000000000 ) ;
#6109 = CARTESIAN_POINT ( 'NONE',  ( -4.474999999999999645, 0.7799999999999999156, 0.06499999999999994671 ) ) ;
#6110 = VERTEX_POINT ( 'NONE', #1321 ) ;
#6111 = ORIENTED_EDGE ( 'NONE', *, *, #4481, .T. ) ;
#6112 = CARTESIAN_POINT ( 'NONE',  ( -2.812500000000000888, 2.255000000000000338, 0.06499999999999994671 ) ) ;
#6113 = DIRECTION ( 'NONE',  ( -1.000000000000000000, 0.000000000000000000, 0.000000000000000000 ) ) ;
#6114 = DIRECTION ( 'NONE',  ( 2.168404344971008079E-15, 1.000000000000000000, 0.000000000000000000 ) ) ;
#6115 = AXIS2_PLACEMENT_3D ( 'NONE', #7240, #833, #1335 ) ;
#6116 = ORIENTED_EDGE ( 'NONE', *, *, #7164, .T. ) ;
#6117 = EDGE_CURVE ( 'NONE', #6476, #4079, #5977, .T. ) ;
#6118 = EDGE_CURVE ( 'NONE', #650, #1491, #4255, .T. ) ;
#6119 = DIRECTION ( 'NONE',  ( 0.000000000000000000, 0.000000000000000000, 1.000000000000000000 ) ) ;
#6120 = DIRECTION ( 'NONE',  ( 0.000000000000000000, 0.000000000000000000, -1.000000000000000000 ) ) ;
#6121 =( NAMED_UNIT ( * ) PLANE_ANGLE_UNIT ( ) SI_UNIT ( $, .RADIAN. ) );
#6122 = UNCERTAINTY_MEASURE_WITH_UNIT (LENGTH_MEASURE( 1.000000000000000082E-05 ), #3338, 'distance_accuracy_value', 'NONE');
#6123 = PLANE ( 'NONE',  #4065 ) ;
#6124 = AXIS2_PLACEMENT_3D ( 'NONE', #1978, #6687, #4957 ) ;
#6125 = VECTOR ( 'NONE', #2610, 1000.000000000000114 ) ;
#6126 = ORIENTED_EDGE ( 'NONE', *, *, #5648, .T. ) ;
#6127 = ORIENTED_EDGE ( 'NONE', *, *, #3253, .F. ) ;
#6128 = EDGE_LOOP ( 'NONE', ( #4934, #4591, #5779, #6438 ) ) ;
#6129 = LINE ( 'NONE', #3893, #4018 ) ;
#6130 = EDGE_CURVE ( 'NONE', #5775, #6476, #3678, .T. ) ;
#6131 = DIRECTION ( 'NONE',  ( 0.000000000000000000, -0.7071067811865475727, 0.7071067811865475727 ) ) ;
#6132 = ADVANCED_FACE ( 'NONE', ( #123 ), #705, .T. ) ;
#6133 = CARTESIAN_POINT ( 'NONE',  ( -6.924999999999999822, 3.325000000000000178, 0.06499999999999994671 ) ) ;
#6134 = CARTESIAN_POINT ( 'NONE',  ( -6.790000000000000036, 0.5799999999999995159, 2.024999999999999911 ) ) ;
#6135 = VECTOR ( 'NONE', #4806, 1000.000000000000114 ) ;
#6136 = VERTEX_POINT ( 'NONE', #2143 ) ;
#6137 = DIRECTION ( 'NONE',  ( 0.000000000000000000, -1.000000000000000000, -0.000000000000000000 ) ) ;
#6138 = ORIENTED_EDGE ( 'NONE', *, *, #5185, .T. ) ;
#6139 = DIRECTION ( 'NONE',  ( -1.000000000000000000, 1.197572355469997778E-16, 0.000000000000000000 ) ) ;
#6140 = AXIS2_PLACEMENT_3D ( 'NONE', #5947, #1967, #6526 ) ;
#6141 = LINE ( 'NONE', #239, #1644 ) ;
#6142 = VECTOR ( 'NONE', #4305, 1000.000000000000000 ) ;
#6143 = VERTEX_POINT ( 'NONE', #5091 ) ;
#6144 = CARTESIAN_POINT ( 'NONE',  ( -3.437500000000001332, 0.000000000000000000, 0.06499999999999994671 ) ) ;
#6145 = DIRECTION ( 'NONE',  ( -0.000000000000000000, 0.000000000000000000, -1.000000000000000000 ) ) ;
#6146 = CARTESIAN_POINT ( 'NONE',  ( -1.145000000000000240, 0.4800000000000017031, -0.2750000000000000777 ) ) ;
#6147 = CARTESIAN_POINT ( 'NONE',  ( -4.275000000000000355, 1.030000000000000027, -1.464999999999999636 ) ) ;
#6148 = LINE ( 'NONE', #836, #3170 ) ;
#6149 = EDGE_CURVE ( 'NONE', #1119, #4091, #271, .T. ) ;
#6150 = ORIENTED_EDGE ( 'NONE', *, *, #1626, .T. ) ;
#6151 = VECTOR ( 'NONE', #2364, 1000.000000000000000 ) ;
#6152 = FACE_OUTER_BOUND ( 'NONE', #7593, .T. ) ;
#6153 = CARTESIAN_POINT ( 'NONE',  ( -7.375000000000000888, 1.559999999999999609, 1.864999999999999547 ) ) ;
#6154 = PLANE ( 'NONE',  #2213 ) ;
#6155 = ORIENTED_EDGE ( 'NONE', *, *, #4739, .T. ) ;
#6156 = DIRECTION ( 'NONE',  ( 1.000000000000000000, 7.477256361968996479E-17, 0.000000000000000000 ) ) ;
#6157 = DIRECTION ( 'NONE',  ( -0.000000000000000000, 0.000000000000000000, 1.000000000000000000 ) ) ;
#6158 = AXIS2_PLACEMENT_3D ( 'NONE', #378, #310, #2136 ) ;
#6159 = CARTESIAN_POINT ( 'NONE',  ( -5.724999999999999645, -5.913830031739109626E-16, -2.024999999999999911 ) ) ;
#6160 = ORIENTED_EDGE ( 'NONE', *, *, #2624, .T. ) ;
#6161 = EDGE_CURVE ( 'NONE', #7599, #7065, #2727, .T. ) ;
#6162 = ORIENTED_EDGE ( 'NONE', *, *, #7304, .F. ) ;
#6163 = VECTOR ( 'NONE', #4535, 1000.000000000000000 ) ;
#6164 = ORIENTED_EDGE ( 'NONE', *, *, #3059, .F. ) ;
#6165 = ORIENTED_EDGE ( 'NONE', *, *, #6161, .T. ) ;
#6166 = CIRCLE ( 'NONE', #463, 0.08500000000000000611 ) ;
#6167 = FACE_OUTER_BOUND ( 'NONE', #620, .T. ) ;
#6168 = DIRECTION ( 'NONE',  ( -0.000000000000000000, 1.000000000000000000, -0.000000000000000000 ) ) ;
#6169 = CARTESIAN_POINT ( 'NONE',  ( -6.163749999999999396, 0.000000000000000000, 2.024999999999999911 ) ) ;
#6170 = EDGE_LOOP ( 'NONE', ( #2539, #1031, #1692, #1514 ) ) ;
#6171 = PLANE ( 'NONE',  #7499 ) ;
#6172 = EDGE_CURVE ( 'NONE', #1465, #1690, #7451, .T. ) ;
#6173 = EDGE_CURVE ( 'NONE', #1602, #3211, #5126, .T. ) ;
#6174 = ORIENTED_EDGE ( 'NONE', *, *, #6689, .T. ) ;
#6175 = DIRECTION ( 'NONE',  ( 0.000000000000000000, 0.000000000000000000, 1.000000000000000000 ) ) ;
#6176 = AXIS2_PLACEMENT_3D ( 'NONE', #1736, #5306, #5338 ) ;
#6177 = ORIENTED_EDGE ( 'NONE', *, *, #6674, .T. ) ;
#6178 = FACE_OUTER_BOUND ( 'NONE', #5276, .T. ) ;
#6179 = DIRECTION ( 'NONE',  ( -0.000000000000000000, 1.000000000000000000, 0.000000000000000000 ) ) ;
#6180 = DIRECTION ( 'NONE',  ( -0.000000000000000000, 1.000000000000000000, -0.000000000000000000 ) ) ;
#6181 = ADVANCED_FACE ( 'NONE', ( #858 ), #315, .T. ) ;
#6182 = EDGE_CURVE ( 'NONE', #638, #6308, #2653, .T. ) ;
#6183 = ORIENTED_EDGE ( 'NONE', *, *, #5050, .F. ) ;
#6184 = EDGE_CURVE ( 'NONE', #5899, #3293, #2035, .T. ) ;
#6185 = ORIENTED_EDGE ( 'NONE', *, *, #783, .T. ) ;
#6186 =( LENGTH_UNIT ( ) NAMED_UNIT ( * ) SI_UNIT ( .MILLI., .METRE. ) );
#6187 = DIRECTION ( 'NONE',  ( -0.000000000000000000, -0.000000000000000000, 1.000000000000000000 ) ) ;
#6188 = CARTESIAN_POINT ( 'NONE',  ( -1.375000000000000444, 1.009999999999999121, 1.949999999999999289 ) ) ;
#6189 = LINE ( 'NONE', #3326, #3763 ) ;
#6190 = CYLINDRICAL_SURFACE ( 'NONE', #5025, 0.07500000000000019151 ) ;
#6191 = DIRECTION ( 'NONE',  ( 1.226634733346698916E-15, 0.7071067811865474617, -0.7071067811865474617 ) ) ;
#6192 = VECTOR ( 'NONE', #4617, 1000.000000000000000 ) ;
#6193 = EDGE_LOOP ( 'NONE', ( #2795, #665, #5216, #4826 ) ) ;
#6194 = DIRECTION ( 'NONE',  ( 0.000000000000000000, 0.000000000000000000, -1.000000000000000000 ) ) ;
#6195 = CARTESIAN_POINT ( 'NONE',  ( -4.687500000000000000, 1.855000000000000204, 0.06499999999999994671 ) ) ;
#6196 = DIRECTION ( 'NONE',  ( -0.7071067811865536790, -0.000000000000000000, -0.7071067811865414665 ) ) ;
#6197 = ORIENTED_EDGE ( 'NONE', *, *, #1243, .F. ) ;
#6198 = LINE ( 'NONE', #1496, #5212 ) ;
#6199 = LINE ( 'NONE', #2095, #4032 ) ;
#6200 = SURFACE_STYLE_USAGE ( .BOTH. , #223 ) ;
#6201 = DIRECTION ( 'NONE',  ( -2.403995947861434526E-16, 1.000000000000000000, 0.000000000000000000 ) ) ;
#6202 = EDGE_LOOP ( 'NONE', ( #6642, #5883, #7020, #6513 ) ) ;
#6203 = PRESENTATION_STYLE_ASSIGNMENT (( #1501 ) ) ;
#6204 = ORIENTED_EDGE ( 'NONE', *, *, #4215, .T. ) ;
#6205 = VERTEX_POINT ( 'NONE', #6892 ) ;
#6206 = LINE ( 'NONE', #308, #3773 ) ;
#6207 = CARTESIAN_POINT ( 'NONE',  ( -2.386250000000001315, 2.760000000000000231, 1.824999999999999289 ) ) ;
#6208 = EDGE_CURVE ( 'NONE', #1119, #314, #7343, .T. ) ;
#6209 = DIRECTION ( 'NONE',  ( -1.000000000000000000, 0.000000000000000000, 0.000000000000000000 ) ) ;
#6210 = DIRECTION ( 'NONE',  ( 0.000000000000000000, 0.000000000000000000, -1.000000000000000000 ) ) ;
#6211 = ORIENTED_EDGE ( 'NONE', *, *, #6531, .F. ) ;
#6212 = VERTEX_POINT ( 'NONE', #1597 ) ;
#6213 = CARTESIAN_POINT ( 'NONE',  ( -7.375000000000000888, 1.719999999999999529, 2.024999999999999911 ) ) ;
#6214 = EDGE_CURVE ( 'NONE', #6637, #7133, #6854, .T. ) ;
#6215 = FACE_OUTER_BOUND ( 'NONE', #3404, .T. ) ;
#6216 = VECTOR ( 'NONE', #78, 1000.000000000000000 ) ;
#6217 = ORIENTED_EDGE ( 'NONE', *, *, #7562, .F. ) ;
#6218 = DIRECTION ( 'NONE',  ( 0.000000000000000000, -1.000000000000000000, 0.000000000000000000 ) ) ;
#6219 = FACE_OUTER_BOUND ( 'NONE', #5466, .T. ) ;
#6220 = EDGE_CURVE ( 'NONE', #1932, #3511, #1513, .T. ) ;
#6221 = LINE ( 'NONE', #7388, #2641 ) ;
#6222 = ADVANCED_FACE ( 'NONE', ( #1668 ), #2925, .T. ) ;
#6223 = CARTESIAN_POINT ( 'NONE',  ( 0.000000000000000000, 0.000000000000000000, 0.06499999999999994671 ) ) ;
#6224 = DIRECTION ( 'NONE',  ( -1.000000000000000000, 0.000000000000000000, 0.000000000000000000 ) ) ;
#6225 = VECTOR ( 'NONE', #4223, 1000.000000000000000 ) ;
#6226 = VECTOR ( 'NONE', #1401, 1000.000000000000000 ) ;
#6227 = ORIENTED_EDGE ( 'NONE', *, *, #2856, .T. ) ;
#6228 = DIRECTION ( 'NONE',  ( -0.000000000000000000, -0.000000000000000000, 1.000000000000000000 ) ) ;
#6229 = LINE ( 'NONE', #6910, #5244 ) ;
#6230 = CARTESIAN_POINT ( 'NONE',  ( -1.145000000000000240, 0.8499999999999992006, 2.024999999999999911 ) ) ;
#6231 = ORIENTED_EDGE ( 'NONE', *, *, #1584, .F. ) ;
#6232 = CARTESIAN_POINT ( 'NONE',  ( 2.204364238465228735E-17, 3.820000000000000728, -1.224999999999999867 ) ) ;
#6233 = VECTOR ( 'NONE', #1757, 1000.000000000000000 ) ;
#6234 = VECTOR ( 'NONE', #5927, 1000.000000000000000 ) ;
#6235 = DIRECTION ( 'NONE',  ( -0.000000000000000000, -0.000000000000000000, 1.000000000000000000 ) ) ;
#6236 = DIRECTION ( 'NONE',  ( 0.000000000000000000, -1.000000000000000000, 0.000000000000000000 ) ) ;
#6237 = VERTEX_POINT ( 'NONE', #7565 ) ;
#6238 = VERTEX_POINT ( 'NONE', #6353 ) ;
#6239 = VECTOR ( 'NONE', #3744, 1000.000000000000000 ) ;
#6240 = CARTESIAN_POINT ( 'NONE',  ( -1.024999999999999911, 0.7799999999999999156, -0.2750000000000000777 ) ) ;
#6241 = ORIENTED_EDGE ( 'NONE', *, *, #4103, .F. ) ;
#6242 = ORIENTED_EDGE ( 'NONE', *, *, #6117, .F. ) ;
#6243 = CARTESIAN_POINT ( 'NONE',  ( -5.724999999999999645, 1.049567419867294182, 1.469141641133302034 ) ) ;
#6244 = DIRECTION ( 'NONE',  ( 0.000000000000000000, 0.000000000000000000, 1.000000000000000000 ) ) ;
#6245 = DIRECTION ( 'NONE',  ( -0.000000000000000000, 1.000000000000000000, 0.000000000000000000 ) ) ;
#6246 = VECTOR ( 'NONE', #6378, 1000.000000000000000 ) ;
#6247 = ORIENTED_EDGE ( 'NONE', *, *, #6874, .T. ) ;
#6248 = EDGE_CURVE ( 'NONE', #5704, #3856, #576, .T. ) ;
#6249 = EDGE_LOOP ( 'NONE', ( #4463, #5573, #1793, #6388 ) ) ;
#6250 = ORIENTED_EDGE ( 'NONE', *, *, #2814, .T. ) ;
#6251 = LINE ( 'NONE', #937, #4099 ) ;
#6252 = CARTESIAN_POINT ( 'NONE',  ( -2.400000000000001243, 3.965000000000001634, 2.024999999999999911 ) ) ;
#6253 = VECTOR ( 'NONE', #3101, 1000.000000000000000 ) ;
#6254 = PRODUCT_RELATED_PRODUCT_CATEGORY ( 'part', '', ( #303 ) ) ;
#6255 = VERTEX_POINT ( 'NONE', #3432 ) ;
#6256 = CARTESIAN_POINT ( 'NONE',  ( -7.765000000000000568, 3.400000000000000355, 0.06499999999999994671 ) ) ;
#6257 = PLANE ( 'NONE',  #2666 ) ;
#6258 = CARTESIAN_POINT ( 'NONE',  ( -1.375000000000001332, 3.965000000000001634, 0.000000000000000000 ) ) ;
#6259 = LINE ( 'NONE', #5706, #6978 ) ;
#6260 = LINE ( 'NONE', #4455, #2049 ) ;
#6261 = EDGE_CURVE ( 'NONE', #4661, #6077, #2365, .T. ) ;
#6262 = EDGE_LOOP ( 'NONE', ( #4500, #2103, #4824, #6009 ) ) ;
#6263 = DIRECTION ( 'NONE',  ( 0.000000000000000000, -1.000000000000000000, 0.000000000000000000 ) ) ;
#6264 = CARTESIAN_POINT ( 'NONE',  ( 0.000000000000000000, 2.255000000000000338, 0.06499999999999994671 ) ) ;
#6265 = AXIS2_PLACEMENT_3D ( 'NONE', #7544, #2270, #1691 ) ;
#6266 = CARTESIAN_POINT ( 'NONE',  ( 0.000000000000000000, 1.855000000000000204, 0.06499999999999994671 ) ) ;
#6267 = DIRECTION ( 'NONE',  ( 0.000000000000000000, -1.000000000000000000, 0.000000000000000000 ) ) ;
#6268 = CARTESIAN_POINT ( 'NONE',  ( -7.765000000000000568, 2.400000000000000355, 0.06499999999999994671 ) ) ;
#6269 =( LENGTH_UNIT ( ) NAMED_UNIT ( * ) SI_UNIT ( .MILLI., .METRE. ) );
#6270 = FACE_OUTER_BOUND ( 'NONE', #1454, .T. ) ;
#6271 = EDGE_LOOP ( 'NONE', ( #6035, #3079, #5907, #6357 ) ) ;
#6272 = VERTEX_POINT ( 'NONE', #4123 ) ;
#6273 = ADVANCED_FACE ( 'NONE', ( #5773 ), #459, .F. ) ;
#6274 = EDGE_CURVE ( 'NONE', #7527, #5246, #5989, .T. ) ;
#6275 = VERTEX_POINT ( 'NONE', #4048 ) ;
#6276 = ORIENTED_EDGE ( 'NONE', *, *, #1410, .F. ) ;
#6277 = DIRECTION ( 'NONE',  ( 0.000000000000000000, -1.000000000000000000, 0.000000000000000000 ) ) ;
#6278 = CARTESIAN_POINT ( 'NONE',  ( -7.875000000000000000, -0.000000000000000000, 2.024999999999999911 ) ) ;
#6279 = LINE ( 'NONE', #6532, #6192 ) ;
#6280 = CARTESIAN_POINT ( 'NONE',  ( -7.605000000000000426, 0.1499999999999974964, 2.024999999999999911 ) ) ;
#6281 = ORIENTED_EDGE ( 'NONE', *, *, #2680, .F. ) ;
#6282 = VECTOR ( 'NONE', #3896, 1000.000000000000000 ) ;
#6283 = CARTESIAN_POINT ( 'NONE',  ( -5.724999999999999645, 0.2999999999999999889, 0.000000000000000000 ) ) ;
#6284 = ORIENTED_EDGE ( 'NONE', *, *, #1472, .T. ) ;
#6285 = EDGE_LOOP ( 'NONE', ( #2930, #3630, #6439, #3212 ) ) ;
#6286 = AXIS2_PLACEMENT_3D ( 'NONE', #6520, #5941, #624 ) ;
#6287 = PLANE ( 'NONE',  #2354 ) ;
#6288 = LINE ( 'NONE', #975, #1060 ) ;
#6289 = DIRECTION ( 'NONE',  ( 0.000000000000000000, 1.000000000000000000, -0.000000000000000000 ) ) ;
#6290 = VERTEX_POINT ( 'NONE', #4003 ) ;
#6291 = DIRECTION ( 'NONE',  ( 0.000000000000000000, 5.706327223607912624E-16, 1.000000000000000000 ) ) ;
#6292 = LINE ( 'NONE', #1565, #5202 ) ;
#6293 = ORIENTED_EDGE ( 'NONE', *, *, #2634, .F. ) ;
#6294 = CARTESIAN_POINT ( 'NONE',  ( -7.605000000000000426, 0.9249999999999991562, 1.949999999999999067 ) ) ;
#6295 = ADVANCED_FACE ( 'NONE', ( #6472 ), #4778, .T. ) ;
#6296 = CARTESIAN_POINT ( 'NONE',  ( -5.525000000000000355, 0.6805981797501089448, 1.824999999999999956 ) ) ;
#6297 = LINE ( 'NONE', #2741, #7444 ) ;
#6298 = ORIENTED_EDGE ( 'NONE', *, *, #6778, .T. ) ;
#6299 = CARTESIAN_POINT ( 'NONE',  ( -1.375000000000000444, 0.000000000000000000, 0.06499999999999994671 ) ) ;
#6300 = DIRECTION ( 'NONE',  ( 0.000000000000000000, -1.000000000000000000, 0.000000000000000000 ) ) ;
#6301 = CARTESIAN_POINT ( 'NONE',  ( -3.025000000000000799, 2.085000000000000409, 0.06499999999999994671 ) ) ;
#6302 = CARTESIAN_POINT ( 'NONE',  ( -1.145000000000000240, 1.559999999999999609, 1.949999999999999512 ) ) ;
#6303 = EDGE_CURVE ( 'NONE', #4456, #4733, #3549, .T. ) ;
#6304 = DIRECTION ( 'NONE',  ( 0.000000000000000000, -1.000000000000000000, -0.000000000000000000 ) ) ;
#6305 = ORIENTED_EDGE ( 'NONE', *, *, #2004, .F. ) ;
#6306 = EDGE_LOOP ( 'NONE', ( #4664, #6347, #5279, #4621 ) ) ;
#6307 = DIRECTION ( 'NONE',  ( -0.7071067811865414665, -0.000000000000000000, -0.7071067811865536790 ) ) ;
#6308 = VERTEX_POINT ( 'NONE', #5811 ) ;
#6309 = VERTEX_POINT ( 'NONE', #2287 ) ;
#6310 = LINE ( 'NONE', #2800, #7431 ) ;
#6311 = VECTOR ( 'NONE', #4307, 1000.000000000000114 ) ;
#6312 = CARTESIAN_POINT ( 'NONE',  ( -5.312499999999999112, 2.055000000000001048, 2.024999999999999911 ) ) ;
#6313 = CARTESIAN_POINT ( 'NONE',  ( -8.750000000000000000, 1.759999999999999121, 1.274999999999999911 ) ) ;
#6314 = EDGE_CURVE ( 'NONE', #6948, #306, #6508, .T. ) ;
#6315 = EDGE_CURVE ( 'NONE', #5340, #6560, #1628, .T. ) ;
#6316 = ORIENTED_EDGE ( 'NONE', *, *, #2294, .F. ) ;
#6317 = ORIENTED_EDGE ( 'NONE', *, *, #4529, .F. ) ;
#6318 = LINE ( 'NONE', #4053, #1697 ) ;
#6319 = ORIENTED_EDGE ( 'NONE', *, *, #7225, .F. ) ;
#6320 = CARTESIAN_POINT ( 'NONE',  ( -1.375000000000000444, 1.474999999999999423, 1.949999999999999067 ) ) ;
#6321 = ORIENTED_EDGE ( 'NONE', *, *, #3069, .F. ) ;
#6322 = CARTESIAN_POINT ( 'NONE',  ( -5.724999999999999645, 2.084999999999999964, -2.024999999999999911 ) ) ;
#6323 = DIRECTION ( 'NONE',  ( -1.000000000000000000, -0.000000000000000000, -0.000000000000000000 ) ) ;
#6324 = EDGE_LOOP ( 'NONE', ( #300, #3354, #1800, #4498 ) ) ;
#6325 = ORIENTED_EDGE ( 'NONE', *, *, #3959, .F. ) ;
#6326 = CARTESIAN_POINT ( 'NONE',  ( -7.375000000000000000, 3.500000000000000444, 0.000000000000000000 ) ) ;
#6327 = LINE ( 'NONE', #6934, #4898 ) ;
#6328 = DIRECTION ( 'NONE',  ( -1.000000000000000000, 0.000000000000000000, 0.000000000000000000 ) ) ;
#6329 = APPLICATION_CONTEXT ( 'automotive_design' ) ;
#6330 = CARTESIAN_POINT ( 'NONE',  ( -1.375000000000000444, 0.8499999999999992006, 1.949999999999999289 ) ) ;
#6331 = LINE ( 'NONE', #7507, #3044 ) ;
#6332 = ORIENTED_EDGE ( 'NONE', *, *, #3724, .F. ) ;
#6333 = CARTESIAN_POINT ( 'NONE',  ( -1.475000000000000533, 0.4800000000000017031, 2.024999999999999911 ) ) ;
#6334 = CARTESIAN_POINT ( 'NONE',  ( -7.150416666666665755, 1.973333333333333828, 1.038333333333332886 ) ) ;
#6335 = EDGE_CURVE ( 'NONE', #1364, #4325, #5275, .T. ) ;
#6336 = DIRECTION ( 'NONE',  ( 0.000000000000000000, -1.000000000000000000, 0.000000000000000000 ) ) ;
#6337 = CARTESIAN_POINT ( 'NONE',  ( -1.375000000000000444, -0.9375000000000012212, 0.9375000000000056621 ) ) ;
#6338 = VECTOR ( 'NONE', #5339, 1000.000000000000000 ) ;
#6339 = CARTESIAN_POINT ( 'NONE',  ( -6.974999999999996980, 0.1800000000000000488, -0.2750000000000000777 ) ) ;
#6340 = VERTEX_POINT ( 'NONE', #7604 ) ;
#6341 = VERTEX_POINT ( 'NONE', #7646 ) ;
#6342 = CARTESIAN_POINT ( 'NONE',  ( -7.500000000000000000, 3.500000000000000444, 0.000000000000000000 ) ) ;
#6343 = EDGE_CURVE ( 'NONE', #5125, #4660, #2402, .T. ) ;
#6344 = EDGE_CURVE ( 'NONE', #5446, #3659, #7063, .T. ) ;
#6345 = ORIENTED_EDGE ( 'NONE', *, *, #2015, .T. ) ;
#6346 = EDGE_CURVE ( 'NONE', #482, #3798, #5473, .T. ) ;
#6347 = ORIENTED_EDGE ( 'NONE', *, *, #6510, .T. ) ;
#6348 = DIRECTION ( 'NONE',  ( 1.000000000000000000, 0.000000000000000000, 0.000000000000000000 ) ) ;
#6349 = VECTOR ( 'NONE', #4667, 1000.000000000000000 ) ;
#6350 = DIRECTION ( 'NONE',  ( 0.000000000000000000, -1.000000000000000000, 0.000000000000000000 ) ) ;
#6351 = DIRECTION ( 'NONE',  ( -0.000000000000000000, 1.000000000000000000, 0.000000000000000000 ) ) ;
#6352 = CARTESIAN_POINT ( 'NONE',  ( 7.275000000000000355, 0.000000000000000000, -0.2750000000000000777 ) ) ;
#6353 = CARTESIAN_POINT ( 'NONE',  ( -3.437500000000001332, 1.855000000000000204, 0.06499999999999994671 ) ) ;
#6354 = VECTOR ( 'NONE', #4524, 1000.000000000000000 ) ;
#6355 = VECTOR ( 'NONE', #5271, 1000.000000000000000 ) ;
#6356 = ORIENTED_EDGE ( 'NONE', *, *, #3208, .F. ) ;
#6357 = ORIENTED_EDGE ( 'NONE', *, *, #5303, .F. ) ;
#6358 = EDGE_CURVE ( 'NONE', #7368, #254, #150, .T. ) ;
#6359 = ADVANCED_FACE ( 'NONE', ( #3036 ), #5504, .T. ) ;
#6360 = DIRECTION ( 'NONE',  ( 0.000000000000000000, 2.555260885332105185E-16, -1.000000000000000000 ) ) ;
#6361 = EDGE_CURVE ( 'NONE', #4735, #6519, #1907, .T. ) ;
#6362 = ORIENTED_EDGE ( 'NONE', *, *, #1966, .F. ) ;
#6363 = CARTESIAN_POINT ( 'NONE',  ( -5.525000000000000355, 2.085000000000000409, -1.464999999999999636 ) ) ;
#6364 = ORIENTED_EDGE ( 'NONE', *, *, #3876, .F. ) ;
#6365 = CARTESIAN_POINT ( 'NONE',  ( -5.724999999999999645, 0.6805981797501089448, 1.625000000000000000 ) ) ;
#6366 = AXIS2_PLACEMENT_3D ( 'NONE', #26, #1785, #5929 ) ;
#6367 = VECTOR ( 'NONE', #7367, 1000.000000000000000 ) ;
#6368 = VECTOR ( 'NONE', #6187, 1000.000000000000000 ) ;
#6369 = CARTESIAN_POINT ( 'NONE',  ( -6.439999999999997726, 3.820000000000000728, -2.024999999999999911 ) ) ;
#6370 = VECTOR ( 'NONE', #5604, 1000.000000000000000 ) ;
#6371 = VECTOR ( 'NONE', #5440, 1000.000000000000000 ) ;
#6372 = EDGE_CURVE ( 'NONE', #6275, #7372, #6048, .T. ) ;
#6373 = ORIENTED_EDGE ( 'NONE', *, *, #5801, .T. ) ;
#6374 = CARTESIAN_POINT ( 'NONE',  ( -0.9850000000000006528, 2.400000000000000355, 2.024999999999999911 ) ) ;
#6375 = ORIENTED_EDGE ( 'NONE', *, *, #5144, .F. ) ;
#6376 = DIRECTION ( 'NONE',  ( 0.000000000000000000, 0.000000000000000000, -1.000000000000000000 ) ) ;
#6377 = DIRECTION ( 'NONE',  ( 1.000000000000000000, 0.000000000000000000, 0.000000000000000000 ) ) ;
#6378 = DIRECTION ( 'NONE',  ( 1.000000000000000000, 0.000000000000000000, 0.000000000000000000 ) ) ;
#6379 = ORIENTED_EDGE ( 'NONE', *, *, #2920, .T. ) ;
#6380 = VECTOR ( 'NONE', #3063, 1000.000000000000000 ) ;
#6381 = LINE ( 'NONE', #5798, #2188 ) ;
#6382 = CARTESIAN_POINT ( 'NONE',  ( -7.275000000000000355, 2.209999999999999520, 1.975000000000001865 ) ) ;
#6383 = DIRECTION ( 'NONE',  ( 0.000000000000000000, 0.000000000000000000, 1.000000000000000000 ) ) ;
#6384 = LINE ( 'NONE', #4647, #2548 ) ;
#6385 = AXIS2_PLACEMENT_3D ( 'NONE', #5523, #6564, #89 ) ;
#6386 = PLANE ( 'NONE',  #5990 ) ;
#6387 = VERTEX_POINT ( 'NONE', #1829 ) ;
#6388 = ORIENTED_EDGE ( 'NONE', *, *, #3104, .T. ) ;
#6389 = AXIS2_PLACEMENT_3D ( 'NONE', #2053, #1610, #6194 ) ;
#6390 = CARTESIAN_POINT ( 'NONE',  ( -5.724999999999999645, 1.498933982822020061, 1.468933982822018036 ) ) ;
#6391 = VERTEX_POINT ( 'NONE', #648 ) ;
#6392 = VERTEX_POINT ( 'NONE', #3623 ) ;
#6393 = DIRECTION ( 'NONE',  ( -1.000000000000000000, -0.000000000000000000, -0.000000000000000000 ) ) ;
#6394 = CARTESIAN_POINT ( 'NONE',  ( -6.439999999999997726, 3.240000000000001101, -1.224999999999999867 ) ) ;
#6395 = DIRECTION ( 'NONE',  ( 1.000000000000000000, -0.000000000000000000, -0.000000000000000000 ) ) ;
#6396 = DIRECTION ( 'NONE',  ( -0.5773502691896257311, 0.5773502691896257311, 0.5773502691896257311 ) ) ;
#6397 = EDGE_CURVE ( 'NONE', #4512, #4411, #6081, .T. ) ;
#6398 = ORIENTED_EDGE ( 'NONE', *, *, #1090, .T. ) ;
#6399 = SURFACE_STYLE_USAGE ( .BOTH. , #502 ) ;
#6400 = ORIENTED_EDGE ( 'NONE', *, *, #854, .F. ) ;
#6401 = CARTESIAN_POINT ( 'NONE',  ( -1.375000000000000444, 2.259999999999999343, 2.024999999999999911 ) ) ;
#6402 = ORIENTED_EDGE ( 'NONE', *, *, #7410, .T. ) ;
#6403 = CARTESIAN_POINT ( 'NONE',  ( -7.375000000000000888, 1.009999999999999121, 1.949999999999999289 ) ) ;
#6404 = ORIENTED_EDGE ( 'NONE', *, *, #3493, .T. ) ;
#6405 = DIRECTION ( 'NONE',  ( 0.000000000000000000, -1.000000000000000000, 0.000000000000000000 ) ) ;
#6406 = EDGE_CURVE ( 'NONE', #3178, #7189, #6547, .T. ) ;
#6407 = EDGE_CURVE ( 'NONE', #1655, #3162, #110, .T. ) ;
#6408 = VECTOR ( 'NONE', #4016, 1000.000000000000000 ) ;
#6409 = PLANE ( 'NONE',  #1081 ) ;
#6410 = ORIENTED_EDGE ( 'NONE', *, *, #4758, .T. ) ;
#6411 = DIRECTION ( 'NONE',  ( -0.000000000000000000, -0.7071067811865474617, -0.7071067811865474617 ) ) ;
#6412 = VECTOR ( 'NONE', #2301, 1000.000000000000000 ) ;
#6413 = ORIENTED_EDGE ( 'NONE', *, *, #7116, .F. ) ;
#6414 = CIRCLE ( 'NONE', #3460, 0.07500000000000019151 ) ;
#6415 = CARTESIAN_POINT ( 'NONE',  ( -0.000000000000000000, 2.255000000000000338, 2.024999999999999911 ) ) ;
#6416 = CARTESIAN_POINT ( 'NONE',  ( -7.605000000000000426, 1.644999999999999352, 1.949999999999999067 ) ) ;
#6417 = CARTESIAN_POINT ( 'NONE',  ( -1.760000000000001119, 2.760000000000000231, 2.024999999999999911 ) ) ;
#6418 = ADVANCED_FACE ( 'NONE', ( #4280 ), #1311, .F. ) ;
#6419 = EDGE_CURVE ( 'NONE', #6707, #1942, #70, .T. ) ;
#6420 = VECTOR ( 'NONE', #1699, 1000.000000000000000 ) ;
#6421 = ORIENTED_EDGE ( 'NONE', *, *, #206, .T. ) ;
#6422 = DIRECTION ( 'NONE',  ( 1.000000000000000000, -0.000000000000000000, -0.000000000000000000 ) ) ;
#6423 = CARTESIAN_POINT ( 'NONE',  ( -7.188175319642949646, 4.190000000000000391, 1.354999999999998206 ) ) ;
#6424 = VECTOR ( 'NONE', #4771, 1000.000000000000000 ) ;
#6425 = DIRECTION ( 'NONE',  ( 1.000000000000000000, 0.000000000000000000, -0.000000000000000000 ) ) ;
#6426 = FACE_OUTER_BOUND ( 'NONE', #6193, .T. ) ;
#6427 = ORIENTED_EDGE ( 'NONE', *, *, #6361, .T. ) ;
#6428 = DIRECTION ( 'NONE',  ( 1.000000000000000000, 0.000000000000000000, 0.000000000000000000 ) ) ;
#6429 = ORIENTED_EDGE ( 'NONE', *, *, #5563, .T. ) ;
#6430 = ORIENTED_EDGE ( 'NONE', *, *, #3527, .F. ) ;
#6431 = DIRECTION ( 'NONE',  ( 0.000000000000000000, -1.000000000000000000, -0.000000000000000000 ) ) ;
#6432 = CARTESIAN_POINT ( 'NONE',  ( 7.875000000000000000, 4.250000000000000000, 0.000000000000000000 ) ) ;
#6433 = FACE_OUTER_BOUND ( 'NONE', #5730, .T. ) ;
#6434 = CARTESIAN_POINT ( 'NONE',  ( -5.525000000000000355, 0.000000000000000000, 1.824999999999999956 ) ) ;
#6435 = ORIENTED_EDGE ( 'NONE', *, *, #1193, .T. ) ;
#6436 = ORIENTED_EDGE ( 'NONE', *, *, #6407, .T. ) ;
#6437 = VECTOR ( 'NONE', #6139, 1000.000000000000000 ) ;
#6438 = ORIENTED_EDGE ( 'NONE', *, *, #3275, .T. ) ;
#6439 = ORIENTED_EDGE ( 'NONE', *, *, #4060, .T. ) ;
#6440 = CARTESIAN_POINT ( 'NONE',  ( -8.750000000000000000, 0.000000000000000000, -0.3250000000000000666 ) ) ;
#6441 = EDGE_CURVE ( 'NONE', #4029, #7205, #3115, .T. ) ;
#6442 = EDGE_CURVE ( 'NONE', #5545, #2072, #41, .T. ) ;
#6443 = ORIENTED_EDGE ( 'NONE', *, *, #4606, .F. ) ;
#6444 = LINE ( 'NONE', #4130, #5135 ) ;
#6445 = CARTESIAN_POINT ( 'NONE',  ( 6.790000000000000036, 0.7800000000000015810, 1.824999999999999289 ) ) ;
#6446 = LINE ( 'NONE', #5823, #6412 ) ;
#6447 = VECTOR ( 'NONE', #954, 1000.000000000000000 ) ;
#6448 = ORIENTED_EDGE ( 'NONE', *, *, #679, .F. ) ;
#6449 = CARTESIAN_POINT ( 'NONE',  ( -9.341064372665991643E-17, 0.7800000000000006928, 1.824999999999999289 ) ) ;
#6450 = ORIENTED_EDGE ( 'NONE', *, *, #2967, .T. ) ;
#6451 = EDGE_CURVE ( 'NONE', #3178, #5200, #6581, .T. ) ;
#6452 = CARTESIAN_POINT ( 'NONE',  ( -7.375000000000000888, 2.209999999999998188, -0.2750000000000000777 ) ) ;
#6453 = ORIENTED_EDGE ( 'NONE', *, *, #2923, .T. ) ;
#6454 = LINE ( 'NONE', #4104, #3554 ) ;
#6455 = ORIENTED_EDGE ( 'NONE', *, *, #3539, .T. ) ;
#6456 = CARTESIAN_POINT ( 'NONE',  ( -2.400000000000001243, 0.000000000000000000, 0.06499999999999994671 ) ) ;
#6457 = ADVANCED_FACE ( 'NONE', ( #3153 ), #2563, .F. ) ;
#6458 = EDGE_CURVE ( 'NONE', #6392, #4709, #3786, .T. ) ;
#6459 = LINE ( 'NONE', #4720, #1528 ) ;
#6460 = CARTESIAN_POINT ( 'NONE',  ( -3.225000000000000533, 2.085000000000000409, -2.024999999999999467 ) ) ;
#6461 = DIRECTION ( 'NONE',  ( 1.000000000000000000, 0.000000000000000000, 0.000000000000000000 ) ) ;
#6462 = LINE ( 'NONE', #5955, #5865 ) ;
#6463 = VERTEX_POINT ( 'NONE', #2351 ) ;
#6464 = CARTESIAN_POINT ( 'NONE',  ( -7.605000000000000426, -0.9375000000000012212, 0.9375000000000056621 ) ) ;
#6465 = EDGE_LOOP ( 'NONE', ( #1796, #4197, #3595, #4165 ) ) ;
#6466 = EDGE_CURVE ( 'NONE', #192, #2335, #559, .T. ) ;
#6467 = ORIENTED_EDGE ( 'NONE', *, *, #439, .T. ) ;
#6468 = LINE ( 'NONE', #1151, #1529 ) ;
#6469 = LINE ( 'NONE', #2881, #2902 ) ;
#6470 = DIRECTION ( 'NONE',  ( 1.000000000000000000, 0.000000000000000000, 0.000000000000000000 ) ) ;
#6471 = DIRECTION ( 'NONE',  ( -1.000000000000000000, 0.000000000000000000, 0.000000000000000000 ) ) ;
#6472 = FACE_OUTER_BOUND ( 'NONE', #5832, .T. ) ;
#6473 = ORIENTED_EDGE ( 'NONE', *, *, #4481, .F. ) ;
#6474 = ORIENTED_EDGE ( 'NONE', *, *, #5471, .F. ) ;
#6475 = VECTOR ( 'NONE', #4263, 1000.000000000000000 ) ;
#6476 = VERTEX_POINT ( 'NONE', #486 ) ;
#6477 = ORIENTED_EDGE ( 'NONE', *, *, #3680, .F. ) ;
#6478 = DIRECTION ( 'NONE',  ( -1.000000000000000000, 0.000000000000000000, 0.000000000000000000 ) ) ;
#6479 = LINE ( 'NONE', #7033, #3045 ) ;
#6480 = CARTESIAN_POINT ( 'NONE',  ( -3.225000000000000533, 2.085000000000000409, 2.024999999999999911 ) ) ;
#6481 = AXIS2_PLACEMENT_3D ( 'NONE', #3872, #6218, #904 ) ;
#6482 = VECTOR ( 'NONE', #2066, 1000.000000000000000 ) ;
#6483 = EDGE_CURVE ( 'NONE', #7065, #6255, #7633, .T. ) ;
#6484 = AXIS2_PLACEMENT_3D ( 'NONE', #4804, #6383, #6980 ) ;
#6485 = ORIENTED_EDGE ( 'NONE', *, *, #1868, .F. ) ;
#6486 = CARTESIAN_POINT ( 'NONE',  ( 7.875000000000000000, 4.250000000000000000, -2.024999999999999467 ) ) ;
#6487 = ORIENTED_EDGE ( 'NONE', *, *, #6943, .F. ) ;
#6488 = CARTESIAN_POINT ( 'NONE',  ( -7.375000000000000000, 3.500000000000000444, 0.06499999999999994671 ) ) ;
#6489 = VECTOR ( 'NONE', #2747, 1000.000000000000000 ) ;
#6490 = VECTOR ( 'NONE', #3072, 1000.000000000000000 ) ;
#6491 = ORIENTED_EDGE ( 'NONE', *, *, #5240, .F. ) ;
#6492 = LINE ( 'NONE', #7046, #5642 ) ;
#6493 = DIRECTION ( 'NONE',  ( 0.000000000000000000, -1.000000000000000000, 5.706327223607912624E-16 ) ) ;
#6494 = LINE ( 'NONE', #5262, #2544 ) ;
#6495 = STYLED_ITEM ( 'NONE', ( #446 ), #100 ) ;
#6496 = CARTESIAN_POINT ( 'NONE',  ( -4.275000000000000355, 1.030000000000000027, -2.024999999999999911 ) ) ;
#6497 = ADVANCED_FACE ( 'NONE', ( #1813 ), #4185, .T. ) ;
#6498 = VECTOR ( 'NONE', #7203, 1000.000000000000000 ) ;
#6499 = EDGE_CURVE ( 'NONE', #3227, #6792, #6459, .T. ) ;
#6500 = ORIENTED_EDGE ( 'NONE', *, *, #6769, .T. ) ;
#6501 = LINE ( 'NONE', #1185, #6424 ) ;
#6502 = EDGE_LOOP ( 'NONE', ( #5232, #1609, #3126, #1445 ) ) ;
#6503 = EDGE_LOOP ( 'NONE', ( #6845, #2620, #661, #4418 ) ) ;
#6504 = LINE ( 'NONE', #1189, #2533 ) ;
#6505 = LINE ( 'NONE', #6394, #4140 ) ;
#6506 = CARTESIAN_POINT ( 'NONE',  ( -7.375000000000000888, 0.8499999999999992006, 1.949999999999999289 ) ) ;
#6507 = LINE ( 'NONE', #575, #2077 ) ;
#6508 = LINE ( 'NONE', #611, #2781 ) ;
#6509 = CIRCLE ( 'NONE', #2306, 0.1499999999999999667 ) ;
#6510 = EDGE_CURVE ( 'NONE', #1072, #1655, #56, .T. ) ;
#6511 = ORIENTED_EDGE ( 'NONE', *, *, #408, .F. ) ;
#6512 =( LENGTH_UNIT ( ) NAMED_UNIT ( * ) SI_UNIT ( .MILLI., .METRE. ) );
#6513 = ORIENTED_EDGE ( 'NONE', *, *, #3959, .T. ) ;
#6514 = VERTEX_POINT ( 'NONE', #1693 ) ;
#6515 = ORIENTED_EDGE ( 'NONE', *, *, #2478, .F. ) ;
#6516 = LINE ( 'NONE', #1676, #2391 ) ;
#6517 = VERTEX_POINT ( 'NONE', #2869 ) ;
#6518 = LINE ( 'NONE', #1203, #834 ) ;
#6519 = VERTEX_POINT ( 'NONE', #6423 ) ;
#6520 = CARTESIAN_POINT ( 'NONE',  ( -5.724999999999999645, 0.9050000000000000266, -0.9050000000000000266 ) ) ;
#6521 = AXIS2_PLACEMENT_3D ( 'NONE', #5742, #430, #5895 ) ;
#6522 = EDGE_LOOP ( 'NONE', ( #1601, #7114, #1184, #3032, #1211, #5314, #226 ) ) ;
#6523 = CARTESIAN_POINT ( 'NONE',  ( -3.225000000000000533, 2.055000000000001048, 2.024999999999999911 ) ) ;
#6524 = ORIENTED_EDGE ( 'NONE', *, *, #4552, .F. ) ;
#6525 = VECTOR ( 'NONE', #4290, 1000.000000000000000 ) ;
#6526 = DIRECTION ( 'NONE',  ( 0.000000000000000000, 0.000000000000000000, -1.000000000000000000 ) ) ;
#6527 = ORIENTED_EDGE ( 'NONE', *, *, #7043, .F. ) ;
#6528 = CLOSED_SHELL ( 'NONE', ( #1050, #1627, #7623, #6819, #1831, #2538, #3116, #5405, #6132, #384, #4438, #5070, #5143, #2005, #7125, #4955 ) ) ;
#6529 = VECTOR ( 'NONE', #2882, 1000.000000000000000 ) ;
#6530 = CARTESIAN_POINT ( 'NONE',  ( -7.875000000000000000, 1.030000000000000027, -2.024999999999999911 ) ) ;
#6531 = EDGE_CURVE ( 'NONE', #7150, #963, #1104, .T. ) ;
#6532 = CARTESIAN_POINT ( 'NONE',  ( -2.310000000000003162, 3.240000000000001101, -2.024999999999999911 ) ) ;
#6533 = CYLINDRICAL_SURFACE ( 'NONE', #3012, 0.08500000000000000611 ) ;
#6534 = LINE ( 'NONE', #3021, #5874 ) ;
#6535 = AXIS2_PLACEMENT_3D ( 'NONE', #2493, #7296, #3086 ) ;
#6536 = DIRECTION ( 'NONE',  ( 0.5000000000000003331, 0.000000000000000000, -0.8660254037844383745 ) ) ;
#6537 = VERTEX_POINT ( 'NONE', #7546 ) ;
#6538 = DIRECTION ( 'NONE',  ( 0.000000000000000000, -0.000000000000000000, 1.000000000000000000 ) ) ;
#6539 = VECTOR ( 'NONE', #7490, 1000.000000000000000 ) ;
#6540 = EDGE_LOOP ( 'NONE', ( #2092, #3552, #6917, #3437 ) ) ;
#6541 = EDGE_LOOP ( 'NONE', ( #2319, #1622, #5041, #4423, #3665, #1234, #258, #673, #6467, #5267, #4231, #1177, #4588, #5317, #5438, #2368, #1988, #5629, #2842 ) ) ;
#6542 = CARTESIAN_POINT ( 'NONE',  ( -7.375000000000000000, 0.000000000000000000, -1.724999999999999867 ) ) ;
#6543 = EDGE_CURVE ( 'NONE', #2404, #2819, #1178, .T. ) ;
#6544 = LINE ( 'NONE', #145, #3031 ) ;
#6545 = EDGE_CURVE ( 'NONE', #2982, #2887, #3494, .T. ) ;
#6546 = CYLINDRICAL_SURFACE ( 'NONE', #7111, 0.08500000000000000611 ) ;
#6547 = LINE ( 'NONE', #1951, #5128 ) ;
#6548 = ORIENTED_EDGE ( 'NONE', *, *, #5732, .T. ) ;
#6549 = ORIENTED_EDGE ( 'NONE', *, *, #2669, .T. ) ;
#6550 = EDGE_LOOP ( 'NONE', ( #3305, #3637, #2906, #2359, #1291 ) ) ;
#6551 = ORIENTED_EDGE ( 'NONE', *, *, #6553, .F. ) ;
#6552 = CARTESIAN_POINT ( 'NONE',  ( -7.015000000000000568, 3.965000000000001634, 0.09499999999999962641 ) ) ;
#6553 = EDGE_CURVE ( 'NONE', #4559, #7611, #3572, .T. ) ;
#6554 = CARTESIAN_POINT ( 'NONE',  ( -7.015000000000000568, 0.000000000000000000, -1.724999999999999867 ) ) ;
#6555 = EDGE_CURVE ( 'NONE', #7520, #6072, #2983, .T. ) ;
#6556 = FACE_OUTER_BOUND ( 'NONE', #2708, .T. ) ;
#6557 = LINE ( 'NONE', #3047, #6034 ) ;
#6558 = EDGE_LOOP ( 'NONE', ( #2088, #4296, #4196, #7480, #5808, #7344, #5862, #6443, #7334, #737, #527, #2002, #3699, #4105, #5664, #5721, #5383, #228, #5909, #2438, #7175, #3900, #1698, #4323 ) ) ;
#6559 = CARTESIAN_POINT ( 'NONE',  ( -3.437500000000001332, 0.000000000000000000, 0.06499999999999994671 ) ) ;
#6560 = VERTEX_POINT ( 'NONE', #5915 ) ;
#6561 = DIRECTION ( 'NONE',  ( 1.000000000000000000, -0.000000000000000000, -0.000000000000000000 ) ) ;
#6562 = ORIENTED_EDGE ( 'NONE', *, *, #7363, .F. ) ;
#6563 = AXIS2_PLACEMENT_3D ( 'NONE', #1972, #676, #4990 ) ;
#6564 = DIRECTION ( 'NONE',  ( 0.000000000000000000, 0.7071067811865475727, -0.7071067811865475727 ) ) ;
#6565 = ORIENTED_EDGE ( 'NONE', *, *, #3827, .T. ) ;
#6566 = PLANE ( 'NONE',  #4921 ) ;
#6567 = DIRECTION ( 'NONE',  ( 0.000000000000000000, -1.000000000000000000, 0.000000000000000000 ) ) ;
#6568 = CARTESIAN_POINT ( 'NONE',  ( -6.439999999999997726, 3.820000000000000728, -2.024999999999999911 ) ) ;
#6569 = FACE_OUTER_BOUND ( 'NONE', #5605, .T. ) ;
#6570 = LINE ( 'NONE', #60, #7322 ) ;
#6571 = EDGE_CURVE ( 'NONE', #927, #3286, #2271, .T. ) ;
#6572 = ORIENTED_EDGE ( 'NONE', *, *, #750, .T. ) ;
#6573 = LINE ( 'NONE', #3654, #6782 ) ;
#6574 = ORIENTED_EDGE ( 'NONE', *, *, #276, .T. ) ;
#6575 = VERTEX_POINT ( 'NONE', #3531 ) ;
#6576 = LINE ( 'NONE', #731, #3908 ) ;
#6577 = LINE ( 'NONE', #2514, #5583 ) ;
#6578 = DIRECTION ( 'NONE',  ( -1.000000000000000000, 0.000000000000000000, -0.000000000000000000 ) ) ;
#6579 = VECTOR ( 'NONE', #6788, 1000.000000000000000 ) ;
#6580 = LINE ( 'NONE', #2961, #1961 ) ;
#6581 = LINE ( 'NONE', #1873, #6239 ) ;
#6582 = EDGE_CURVE ( 'NONE', #612, #5448, #5878, .T. ) ;
#6583 = VERTEX_POINT ( 'NONE', #6530 ) ;
#6584 = ORIENTED_EDGE ( 'NONE', *, *, #48, .F. ) ;
#6585 = AXIS2_PLACEMENT_3D ( 'NONE', #2488, #4247, #1317 ) ;
#6586 = ORIENTED_EDGE ( 'NONE', *, *, #2760, .T. ) ;
#6587 = FACE_OUTER_BOUND ( 'NONE', #7143, .T. ) ;
#6588 = PLANE ( 'NONE',  #2031 ) ;
#6589 = CARTESIAN_POINT ( 'NONE',  ( 7.875000000000000000, 1.030000000000000027, -2.024999999999999911 ) ) ;
#6590 = FACE_OUTER_BOUND ( 'NONE', #1842, .T. ) ;
#6591 = VECTOR ( 'NONE', #5757, 1000.000000000000000 ) ;
#6592 = ORIENTED_EDGE ( 'NONE', *, *, #6915, .T. ) ;
#6593 = CARTESIAN_POINT ( 'NONE',  ( -7.725000000000001421, 2.209999999999999520, 1.324999999999999734 ) ) ;
#6594 = EDGE_CURVE ( 'NONE', #6637, #2101, #5333, .T. ) ;
#6595 = ADVANCED_FACE ( 'NONE', ( #4644, #2385, #4761, #1214 ), #5374, .T. ) ;
#6596 = ADVANCED_FACE ( 'NONE', ( #4920 ), #7311, .T. ) ;
#6597 = VERTEX_POINT ( 'NONE', #7200 ) ;
#6598 = CARTESIAN_POINT ( 'NONE',  ( -7.375000000000000000, 1.903000000000000025, -1.334999999999999742 ) ) ;
#6599 = ORIENTED_EDGE ( 'NONE', *, *, #2730, .T. ) ;
#6600 = VECTOR ( 'NONE', #3320, 1000.000000000000000 ) ;
#6601 = PLANE ( 'NONE',  #120 ) ;
#6602 = DIRECTION ( 'NONE',  ( -0.000000000000000000, 0.000000000000000000, 1.000000000000000000 ) ) ;
#6603 = ADVANCED_FACE ( 'NONE', ( #3646 ), #5417, .F. ) ;
#6605 = VERTEX_POINT ( 'NONE', #7157 ) ;
#6604 = CIRCLE ( 'NONE', #7566, 0.07500000000000084377 ) ;
#6606 = EDGE_CURVE ( 'NONE', #2851, #6925, #133, .T. ) ;
#6607 = CARTESIAN_POINT ( 'NONE',  ( -4.474999999999999645, 0.000000000000000000, 2.024999999999999911 ) ) ;
#6608 = CARTESIAN_POINT ( 'NONE',  ( -6.800000000000001599, 3.820000000000000728, -1.224999999999999867 ) ) ;
#6609 = AXIS2_PLACEMENT_3D ( 'NONE', #2168, #1460, #5189 ) ;
#6610 = CARTESIAN_POINT ( 'NONE',  ( -0.9850000000000006528, 2.400000000000000355, 0.000000000000000000 ) ) ;
#6611 = CARTESIAN_POINT ( 'NONE',  ( -1.145000000000000240, 0.000000000000000000, 1.324999999999999734 ) ) ;
#6612 = ORIENTED_EDGE ( 'NONE', *, *, #4552, .T. ) ;
#6613 = DIRECTION ( 'NONE',  ( 1.000000000000000000, 0.000000000000000000, 0.000000000000000000 ) ) ;
#6614 = DIRECTION ( 'NONE',  ( 1.000000000000000000, 0.000000000000000000, 0.000000000000000000 ) ) ;
#6615 = CARTESIAN_POINT ( 'NONE',  ( -0.9850000000000006528, 2.400000000000000355, 0.06499999999999994671 ) ) ;
#6616 = ORIENTED_EDGE ( 'NONE', *, *, #4142, .F. ) ;
#6617 = PLANE ( 'NONE',  #5991 ) ;
#6618 = DIRECTION ( 'NONE',  ( 1.000000000000000000, -0.000000000000000000, 0.000000000000000000 ) ) ;
#6619 = LINE ( 'NONE', #3151, #6735 ) ;
#6620 = LINE ( 'NONE', #4321, #4558 ) ;
#6621 = CARTESIAN_POINT ( 'NONE',  ( -6.790000000000000036, 2.760000000000000231, 0.06499999999999994671 ) ) ;
#6622 = EDGE_LOOP ( 'NONE', ( #2691, #5287, #4782, #6813 ) ) ;
#6623 = COLOUR_RGB ( '',0.7960784313725489669, 0.8235294117647058432, 0.9372549019607843146 ) ;
#6624 = ORIENTED_EDGE ( 'NONE', *, *, #2760, .F. ) ;
#6625 = VECTOR ( 'NONE', #5330, 1000.000000000000000 ) ;
#6626 = VERTEX_POINT ( 'NONE', #3728 ) ;
#6627 = DIRECTION ( 'NONE',  ( 0.000000000000000000, 0.7071067811865490160, -0.7071067811865460184 ) ) ;
#6628 = VERTEX_POINT ( 'NONE', #3764 ) ;
#6629 = LINE ( 'NONE', #779, #6371 ) ;
#6630 = LINE ( 'NONE', #6088, #6216 ) ;
#6631 = ADVANCED_FACE ( 'NONE', ( #5987 ), #1254, .T. ) ;
#6632 = CARTESIAN_POINT ( 'NONE',  ( -6.790000000000000036, 2.760000000000000231, 0.06499999999999994671 ) ) ;
#6633 = FACE_OUTER_BOUND ( 'NONE', #5123, .T. ) ;
#6634 = VECTOR ( 'NONE', #3607, 1000.000000000000000 ) ;
#6635 = ORIENTED_EDGE ( 'NONE', *, *, #677, .T. ) ;
#6636 = FACE_OUTER_BOUND ( 'NONE', #1011, .T. ) ;
#6637 = VERTEX_POINT ( 'NONE', #3223 ) ;
#6638 = CARTESIAN_POINT ( 'NONE',  ( -1.375000000000001332, 4.120000000000000107, 0.000000000000000000 ) ) ;
#6639 = EDGE_CURVE ( 'NONE', #6085, #2982, #4763, .T. ) ;
#6640 = DIRECTION ( 'NONE',  ( -0.000000000000000000, -0.000000000000000000, -1.000000000000000000 ) ) ;
#6641 = DIRECTION ( 'NONE',  ( -1.204669080539440518E-15, -1.000000000000000000, 0.000000000000000000 ) ) ;
#6642 = ORIENTED_EDGE ( 'NONE', *, *, #646, .F. ) ;
#6643 = FACE_OUTER_BOUND ( 'NONE', #1167, .T. ) ;
#6644 = AXIS2_PLACEMENT_3D ( 'NONE', #923, #3304, #5677 ) ;
#6645 = PLANE ( 'NONE',  #1477 ) ;
#6646 = ADVANCED_FACE ( 'NONE', ( #7275 ), #2503, .F. ) ;
#6647 = LINE ( 'NONE', #3729, #7053 ) ;
#6648 = EDGE_CURVE ( 'NONE', #7269, #2220, #96, .T. ) ;
#6649 = DIRECTION ( 'NONE',  ( -1.000000000000000000, -0.000000000000000000, -0.000000000000000000 ) ) ;
#6650 = APPLICATION_PROTOCOL_DEFINITION ( 'draft international standard', 'automotive_design', 1998, #2735 ) ;
#6651 = DIRECTION ( 'NONE',  ( 1.000000000000000000, 0.000000000000000000, -0.000000000000000000 ) ) ;
#6652 = AXIS2_PLACEMENT_3D ( 'NONE', #1261, #1379, #4927 ) ;
#6653 = CIRCLE ( 'NONE', #7620, 0.1499999999999999667 ) ;
#6654 = ORIENTED_EDGE ( 'NONE', *, *, #1172, .F. ) ;
#6655 = FACE_OUTER_BOUND ( 'NONE', #433, .T. ) ;
#6656 = LINE ( 'NONE', #2786, #4261 ) ;
#6657 = DIRECTION ( 'NONE',  ( 0.000000000000000000, -0.7071067811865464625, -0.7071067811865485719 ) ) ;
#6658 = VERTEX_POINT ( 'NONE', #170 ) ;
#6659 = CARTESIAN_POINT ( 'NONE',  ( -5.525000000000000355, 1.454999999999999849, 1.362867965644034118 ) ) ;
#6660 = VECTOR ( 'NONE', #4303, 1000.000000000000000 ) ;
#6661 = LINE ( 'NONE', #1307, #1522 ) ;
#6662 = PLANE ( 'NONE',  #2441 ) ;
#6663 = CARTESIAN_POINT ( 'NONE',  ( -5.724999999999999645, 0.000000000000000000, -2.824999999999999734 ) ) ;
#6664 = VERTEX_POINT ( 'NONE', #2466 ) ;
#6665 = ORIENTED_EDGE ( 'NONE', *, *, #6582, .F. ) ;
#6666 = EDGE_LOOP ( 'NONE', ( #7641, #2019, #3472, #7555 ) ) ;
#6667 = CARTESIAN_POINT ( 'NONE',  ( -7.275000000000000355, 0.7800000000000000266, 0.000000000000000000 ) ) ;
#6668 = ORIENTED_EDGE ( 'NONE', *, *, #3818, .F. ) ;
#6669 = CARTESIAN_POINT ( 'NONE',  ( -0.000000000000000000, 3.965000000000001634, 2.024999999999999911 ) ) ;
#6670 = CARTESIAN_POINT ( 'NONE',  ( -2.499999999999997780, -3.491398145536332954E-15, 2.024999999999999911 ) ) ;
#6671 = LINE ( 'NONE', #157, #587 ) ;
#6672 = VERTEX_POINT ( 'NONE', #245 ) ;
#6673 = CARTESIAN_POINT ( 'NONE',  ( -5.525000000000000355, 2.084999999999999964, -2.024999999999999911 ) ) ;
#6674 = EDGE_CURVE ( 'NONE', #4442, #5072, #1993, .T. ) ;
#6675 = ORIENTED_EDGE ( 'NONE', *, *, #947, .F. ) ;
#6676 = CARTESIAN_POINT ( 'NONE',  ( -5.800000000000000711, 3.820000000000000728, -2.024999999999999911 ) ) ;
#6677 = ORIENTED_EDGE ( 'NONE', *, *, #4390, .F. ) ;
#6678 = CARTESIAN_POINT ( 'NONE',  ( -0.8750000000000007772, 0.3399999999999997469, 0.000000000000000000 ) ) ;
#6679 = DIRECTION ( 'NONE',  ( -1.000000000000000000, 0.000000000000000000, 0.000000000000000000 ) ) ;
#6680 = LINE ( 'NONE', #127, #3712 ) ;
#6681 = EDGE_CURVE ( 'NONE', #5448, #7372, #4840, .T. ) ;
#6682 = LINE ( 'NONE', #3179, #5162 ) ;
#6683 = LINE ( 'NONE', #674, #2515 ) ;
#6684 = VECTOR ( 'NONE', #4264, 1000.000000000000000 ) ;
#6685 = LINE ( 'NONE', #3687, #6684 ) ;
#6686 = DIRECTION ( 'NONE',  ( 1.197572355469997778E-16, -1.000000000000000000, 0.000000000000000000 ) ) ;
#6687 = DIRECTION ( 'NONE',  ( 1.000000000000000000, -0.000000000000000000, -0.000000000000000000 ) ) ;
#6688 = ORIENTED_EDGE ( 'NONE', *, *, #5228, .T. ) ;
#6689 = EDGE_CURVE ( 'NONE', #6077, #6340, #6685, .T. ) ;
#6690 = ORIENTED_EDGE ( 'NONE', *, *, #1931, .T. ) ;
#6691 = EDGE_CURVE ( 'NONE', #3619, #3979, #5455, .T. ) ;
#6692 = CARTESIAN_POINT ( 'NONE',  ( -5.724999999999999645, 0.000000000000000000, 1.824999999999999956 ) ) ;
#6693 = DIRECTION ( 'NONE',  ( 0.000000000000000000, 0.000000000000000000, -1.000000000000000000 ) ) ;
#6694 = VERTEX_POINT ( 'NONE', #6103 ) ;
#6695 = VECTOR ( 'NONE', #4841, 1000.000000000000000 ) ;
#6696 = ORIENTED_EDGE ( 'NONE', *, *, #5423, .T. ) ;
#6697 = CARTESIAN_POINT ( 'NONE',  ( -6.790000000000000036, 0.7799999999999999156, 1.824999999999999289 ) ) ;
#6698 = FACE_OUTER_BOUND ( 'NONE', #6093, .T. ) ;
#6699 = ORIENTED_EDGE ( 'NONE', *, *, #5368, .T. ) ;
#6700 = EDGE_CURVE ( 'NONE', #4080, #1932, #715, .T. ) ;
#6701 = ORIENTED_EDGE ( 'NONE', *, *, #154, .T. ) ;
#6702 = ORIENTED_EDGE ( 'NONE', *, *, #5356, .F. ) ;
#6703 = DIRECTION ( 'NONE',  ( 1.000000000000000000, 0.000000000000000000, 0.000000000000000000 ) ) ;
#6704 = CYLINDRICAL_SURFACE ( 'NONE', #4033, 0.07500000000000084377 ) ;
#6705 = CARTESIAN_POINT ( 'NONE',  ( -7.375000000000000888, 1.009999999999999121, 1.864999999999999325 ) ) ;
#6706 = FACE_OUTER_BOUND ( 'NONE', #2342, .T. ) ;
#6707 = VERTEX_POINT ( 'NONE', #4877 ) ;
#6708 = ORIENTED_EDGE ( 'NONE', *, *, #4011, .T. ) ;
#6709 = DIRECTION ( 'NONE',  ( 0.000000000000000000, 0.000000000000000000, -1.000000000000000000 ) ) ;
#6710 = ADVANCED_FACE ( 'NONE', ( #211 ), #6645, .T. ) ;
#6711 = DIRECTION ( 'NONE',  ( -1.000000000000000000, 0.000000000000000000, 0.000000000000000000 ) ) ;
#6712 = DIRECTION ( 'NONE',  ( 0.000000000000000000, -1.000000000000000000, 0.000000000000000000 ) ) ;
#6713 = VECTOR ( 'NONE', #5033, 1000.000000000000000 ) ;
#6714 = VECTOR ( 'NONE', #4828, 1000.000000000000000 ) ;
#6715 = CARTESIAN_POINT ( 'NONE',  ( -1.145000000000000240, 1.484999999999999432, 1.549999999999999378 ) ) ;
#6716 = SURFACE_STYLE_FILL_AREA ( #1293 ) ;
#6717 = FACE_OUTER_BOUND ( 'NONE', #2806, .T. ) ;
#6718 = CARTESIAN_POINT ( 'NONE',  ( -1.145000000000000240, 2.620487515035475390, -0.2750000000000000777 ) ) ;
#6719 = VECTOR ( 'NONE', #5749, 1000.000000000000000 ) ;
#6720 = VECTOR ( 'NONE', #3932, 1000.000000000000000 ) ;
#6721 = LINE ( 'NONE', #1415, #5627 ) ;
#6722 = ORIENTED_EDGE ( 'NONE', *, *, #6499, .T. ) ;
#6723 = DIRECTION ( 'NONE',  ( 0.000000000000000000, 0.000000000000000000, 1.000000000000000000 ) ) ;
#6724 = DIRECTION ( 'NONE',  ( 1.000000000000000000, 0.000000000000000000, 0.000000000000000000 ) ) ;
#6725 = LINE ( 'NONE', #5999, #4324 ) ;
#6726 = VECTOR ( 'NONE', #7525, 1000.000000000000000 ) ;
#6727 = VECTOR ( 'NONE', #1375, 1000.000000000000000 ) ;
#6728 = EDGE_LOOP ( 'NONE', ( #6739, #4913, #4540, #53 ) ) ;
#6729 = DIRECTION ( 'NONE',  ( 1.000000000000000000, -0.000000000000000000, -0.000000000000000000 ) ) ;
#6730 = EDGE_CURVE ( 'NONE', #6212, #933, #2008, .T. ) ;
#6731 = CARTESIAN_POINT ( 'NONE',  ( 0.000000000000000000, 0.000000000000000000, -1.224999999999999867 ) ) ;
#6732 = ADVANCED_FACE ( 'NONE', ( #6717 ), #1408, .F. ) ;
#6733 = EDGE_CURVE ( 'NONE', #5045, #4673, #906, .T. ) ;
#6734 = CARTESIAN_POINT ( 'NONE',  ( -7.275000000000000355, 0.000000000000000000, 1.324999999999999734 ) ) ;
#6735 = VECTOR ( 'NONE', #2640, 1000.000000000000114 ) ;
#6736 = VECTOR ( 'NONE', #2970, 1000.000000000000000 ) ;
#6737 = ORIENTED_EDGE ( 'NONE', *, *, #1819, .T. ) ;
#6738 = ORIENTED_EDGE ( 'NONE', *, *, #247, .T. ) ;
#6739 = ORIENTED_EDGE ( 'NONE', *, *, #1213, .T. ) ;
#6740 = CARTESIAN_POINT ( 'NONE',  ( -8.750000000000000000, 0.5300000000000049116, -0.3250000000000000666 ) ) ;
#6741 = CARTESIAN_POINT ( 'NONE',  ( -1.145000000000000240, -1.828238918348616824E-15, -2.496936092690336118 ) ) ;
#6742 = EDGE_CURVE ( 'NONE', #3923, #4271, #2047, .T. ) ;
#6743 = PLANE ( 'NONE',  #94 ) ;
#6744 = EDGE_CURVE ( 'NONE', #3771, #1465, #3357, .T. ) ;
#6745 = EDGE_CURVE ( 'NONE', #2138, #1364, #5601, .T. ) ;
#6746 = ORIENTED_EDGE ( 'NONE', *, *, #2187, .F. ) ;
#6747 = FACE_OUTER_BOUND ( 'NONE', #3379, .T. ) ;
#6748 = ORIENTED_EDGE ( 'NONE', *, *, #2317, .F. ) ;
#6749 = EDGE_LOOP ( 'NONE', ( #4928, #2729, #5101, #1849, #5388 ) ) ;
#6750 = CARTESIAN_POINT ( 'NONE',  ( -7.375000000000000888, -1.772945837721657397E-15, -2.496936092690336118 ) ) ;
#6751 = CARTESIAN_POINT ( 'NONE',  ( -1.960000000000000853, 0.5799999999999995159, 2.024999999999999911 ) ) ;
#6752 = LINE ( 'NONE', #3093, #7007 ) ;
#6753 = VECTOR ( 'NONE', #1970, 1000.000000000000000 ) ;
#6754 = EDGE_LOOP ( 'NONE', ( #1360, #124, #1429, #4118 ) ) ;
#6755 = CARTESIAN_POINT ( 'NONE',  ( -1.250000000000001110, 3.500000000000000444, 0.09499999999999966804 ) ) ;
#6756 = CARTESIAN_POINT ( 'NONE',  ( -0.8750000000000007772, 4.250000000000000000, 0.09499999999999959865 ) ) ;
#6757 = DIRECTION ( 'NONE',  ( -1.000000000000000000, 0.000000000000000000, 0.000000000000000000 ) ) ;
#6758 = VERTEX_POINT ( 'NONE', #2663 ) ;
#6759 = DIRECTION ( 'NONE',  ( 0.000000000000000000, 0.000000000000000000, 1.000000000000000000 ) ) ;
#6760 = PLANE ( 'NONE',  #3767 ) ;
#6761 = DIRECTION ( 'NONE',  ( -0.000000000000000000, 0.000000000000000000, 1.000000000000000000 ) ) ;
#6762 = ORIENTED_EDGE ( 'NONE', *, *, #4225, .F. ) ;
#6763 = CARTESIAN_POINT ( 'NONE',  ( -3.025000000000000799, 0.5500000000000010436, 0.06499999999999994671 ) ) ;
#6764 = DIRECTION ( 'NONE',  ( 1.000000000000000000, -0.000000000000000000, -0.000000000000000000 ) ) ;
#6765 = VECTOR ( 'NONE', #3738, 1000.000000000000114 ) ;
#6766 = CARTESIAN_POINT ( 'NONE',  ( -1.018584112077820793E-45, 4.237045877651918877E-30, -2.496936092690336118 ) ) ;
#6767 = ORIENTED_EDGE ( 'NONE', *, *, #6943, .T. ) ;
#6768 = CARTESIAN_POINT ( 'NONE',  ( -1.375000000000000444, 1.559999999999999609, 1.864999999999999547 ) ) ;
#6769 = EDGE_CURVE ( 'NONE', #2742, #6792, #6292, .T. ) ;
#6770 = AXIS2_PLACEMENT_3D ( 'NONE', #3836, #6786, #2818 ) ;
#6771 = EDGE_LOOP ( 'NONE', ( #743, #5462, #1128, #1545 ) ) ;
#6772 = EDGE_CURVE ( 'NONE', #2595, #1916, #2081, .T. ) ;
#6773 = VECTOR ( 'NONE', #5850, 1000.000000000000114 ) ;
#6774 = CARTESIAN_POINT ( 'NONE',  ( -5.525000000000000355, 0.000000000000000000, -2.824999999999999734 ) ) ;
#6775 = DIRECTION ( 'NONE',  ( 0.000000000000000000, -0.000000000000000000, -1.000000000000000000 ) ) ;
#6776 = FACE_OUTER_BOUND ( 'NONE', #3202, .T. ) ;
#6777 = VECTOR ( 'NONE', #6210, 1000.000000000000000 ) ;
#6778 = EDGE_CURVE ( 'NONE', #2064, #2841, #3945, .T. ) ;
#6779 = EDGE_CURVE ( 'NONE', #5242, #4800, #6862, .T. ) ;
#6780 = EDGE_CURVE ( 'NONE', #4654, #692, #6279, .T. ) ;
#6781 = ORIENTED_EDGE ( 'NONE', *, *, #2681, .F. ) ;
#6782 = VECTOR ( 'NONE', #6723, 1000.000000000000000 ) ;
#6783 = EDGE_LOOP ( 'NONE', ( #191, #4209, #5393, #813, #241, #3499, #4245, #3120, #7571, #3513, #7134, #4404, #4006, #3653 ) ) ;
#6784 = CARTESIAN_POINT ( 'NONE',  ( -5.525000000000000355, 2.085000000000000409, 2.024999999999999911 ) ) ;
#6785 = CARTESIAN_POINT ( 'NONE',  ( -1.145000000000000240, -0.9375000000000012212, 0.9375000000000056621 ) ) ;
#6786 = DIRECTION ( 'NONE',  ( 0.000000000000000000, -0.7071067811865457964, 0.7071067811865492381 ) ) ;
#6787 = EDGE_LOOP ( 'NONE', ( #3039, #3396, #272, #3071 ) ) ;
#6788 = DIRECTION ( 'NONE',  ( 0.000000000000000000, 0.000000000000000000, 1.000000000000000000 ) ) ;
#6789 = DIRECTION ( 'NONE',  ( 0.000000000000000000, -0.7071067811865489050, -0.7071067811865460184 ) ) ;
#6790 = DIRECTION ( 'NONE',  ( 0.000000000000000000, 0.000000000000000000, -1.000000000000000000 ) ) ;
#6791 = AXIS2_PLACEMENT_3D ( 'NONE', #282, #944, #2153 ) ;
#6792 = VERTEX_POINT ( 'NONE', #2178 ) ;
#6793 = DIRECTION ( 'NONE',  ( 1.000000000000000000, -0.000000000000000000, -0.000000000000000000 ) ) ;
#6794 = DIRECTION ( 'NONE',  ( -1.000000000000000000, -0.000000000000000000, -0.000000000000000000 ) ) ;
#6795 = CARTESIAN_POINT ( 'NONE',  ( -5.525000000000000355, 1.454999999999999849, 0.000000000000000000 ) ) ;
#6796 = ORIENTED_EDGE ( 'NONE', *, *, #2160, .T. ) ;
#6797 = LINE ( 'NONE', #3884, #3125 ) ;
#6798 = FACE_OUTER_BOUND ( 'NONE', #6540, .T. ) ;
#6799 = LINE ( 'NONE', #1067, #5014 ) ;
#6800 = ADVANCED_FACE ( 'NONE', ( #3430 ), #3385, .T. ) ;
#6801 = ADVANCED_FACE ( 'NONE', ( #5769 ), #3647, .T. ) ;
#6802 = ORIENTED_EDGE ( 'NONE', *, *, #3788, .F. ) ;
#6803 = EDGE_LOOP ( 'NONE', ( #6364, #2978, #190, #6853 ) ) ;
#6804 =( NAMED_UNIT ( * ) PLANE_ANGLE_UNIT ( ) SI_UNIT ( $, .RADIAN. ) );
#6805 = ORIENTED_EDGE ( 'NONE', *, *, #5376, .F. ) ;
#6806 = ORIENTED_EDGE ( 'NONE', *, *, #1526, .T. ) ;
#6807 = DIRECTION ( 'NONE',  ( 0.000000000000000000, 0.000000000000000000, 1.000000000000000000 ) ) ;
#6808 = LINE ( 'NONE', #6884, #7430 ) ;
#6809 = CARTESIAN_POINT ( 'NONE',  ( -1.375000000000000444, 0.4800000000000000377, 2.024999999999999911 ) ) ;
#6810 = ADVANCED_FACE ( 'NONE', ( #6956 ), #1075, .F. ) ;
#6811 = EDGE_CURVE ( 'NONE', #2893, #5765, #7087, .T. ) ;
#6812 = VERTEX_POINT ( 'NONE', #6452 ) ;
#6813 = ORIENTED_EDGE ( 'NONE', *, *, #4443, .T. ) ;
#6814 = CARTESIAN_POINT ( 'NONE',  ( -5.724999999999999645, 2.084999999999999964, 1.824999999999999956 ) ) ;
#6815 = ORIENTED_EDGE ( 'NONE', *, *, #2975, .F. ) ;
#6816 = CARTESIAN_POINT ( 'NONE',  ( -8.750000000000000000, 2.085000000000000409, -2.024999999999999911 ) ) ;
#6817 = ADVANCED_FACE ( 'NONE', ( #4677 ), #4797, .F. ) ;
#6818 = LINE ( 'NONE', #6859, #6600 ) ;
#6819 = ADVANCED_FACE ( 'NONE', ( #1686 ), #1171, .T. ) ;
#6820 = CIRCLE ( 'NONE', #3510, 0.07500000000000084377 ) ;
#6821 = VERTEX_POINT ( 'NONE', #477 ) ;
#6822 = CARTESIAN_POINT ( 'NONE',  ( 7.875000000000000000, 1.030000000000000027, 0.000000000000000000 ) ) ;
#6823 = DIRECTION ( 'NONE',  ( 1.000000000000000000, -0.000000000000000000, -0.000000000000000000 ) ) ;
#6824 = LINE ( 'NONE', #395, #1425 ) ;
#6825 = EDGE_CURVE ( 'NONE', #4640, #650, #2345, .T. ) ;
#6826 = EDGE_CURVE ( 'NONE', #3994, #4093, #7628, .T. ) ;
#6827 = LINE ( 'NONE', #5145, #1666 ) ;
#6828 = AXIS2_PLACEMENT_3D ( 'NONE', #132, #4950, #4306 ) ;
#6829 = VECTOR ( 'NONE', #696, 1000.000000000000000 ) ;
#6830 = ORIENTED_EDGE ( 'NONE', *, *, #6182, .F. ) ;
#6831 = CARTESIAN_POINT ( 'NONE',  ( -7.375000000000000888, 2.209999999999999520, 0.06499999999999994671 ) ) ;
#6832 = CARTESIAN_POINT ( 'NONE',  ( -0.8750000000000007772, 3.400000000000000355, 2.024999999999999911 ) ) ;
#6833 = LINE ( 'NONE', #4574, #7249 ) ;
#6834 = ORIENTED_EDGE ( 'NONE', *, *, #4187, .F. ) ;
#6835 = CARTESIAN_POINT ( 'NONE',  ( -0.8750000000000007772, 0.000000000000000000, -1.334999999999999742 ) ) ;
#6836 = VECTOR ( 'NONE', #7230, 1000.000000000000000 ) ;
#6837 = VECTOR ( 'NONE', #496, 1000.000000000000114 ) ;
#6838 = DIRECTION ( 'NONE',  ( 0.000000000000000000, 0.000000000000000000, 1.000000000000000000 ) ) ;
#6839 = DIRECTION ( 'NONE',  ( -1.000000000000000000, 0.000000000000000000, 0.000000000000000000 ) ) ;
#6840 = ORIENTED_EDGE ( 'NONE', *, *, #1605, .F. ) ;
#6841 = VERTEX_POINT ( 'NONE', #1097 ) ;
#6842 = VECTOR ( 'NONE', #634, 1000.000000000000000 ) ;
#6843 = CIRCLE ( 'NONE', #4027, 0.08500000000000000611 ) ;
#6844 = EDGE_LOOP ( 'NONE', ( #4380, #3434, #2853, #961 ) ) ;
#6845 = ORIENTED_EDGE ( 'NONE', *, *, #4717, .F. ) ;
#6846 = CARTESIAN_POINT ( 'NONE',  ( -4.474999999999999645, 2.085000000000000409, -2.024999999999999911 ) ) ;
#6847 = CARTESIAN_POINT ( 'NONE',  ( -6.801350639285898225, 4.190000000000000391, 2.024999999999999911 ) ) ;
#6848 = CARTESIAN_POINT ( 'NONE',  ( -6.349999999999999645, 3.325000000000000178, 0.06499999999999994671 ) ) ;
#6849 = VECTOR ( 'NONE', #3885, 1000.000000000000000 ) ;
#6850 = VECTOR ( 'NONE', #4330, 1000.000000000000000 ) ;
#6851 = EDGE_LOOP ( 'NONE', ( #4450, #6572, #830, #6084 ) ) ;
#6852 = DIRECTION ( 'NONE',  ( -0.000000000000000000, 1.000000000000000000, 0.000000000000000000 ) ) ;
#6853 = ORIENTED_EDGE ( 'NONE', *, *, #4015, .F. ) ;
#6854 = LINE ( 'NONE', #6814, #4508 ) ;
#6855 = EDGE_CURVE ( 'NONE', #2893, #6575, #3485, .T. ) ;
#6856 = ADVANCED_FACE ( 'NONE', ( #5829 ), #1721, .T. ) ;
#6857 = ORIENTED_EDGE ( 'NONE', *, *, #3483, .T. ) ;
#6858 = CARTESIAN_POINT ( 'NONE',  ( -4.474999999999999645, 0.7800000000000002487, 0.06499999999999994671 ) ) ;
#6859 = CARTESIAN_POINT ( 'NONE',  ( -4.474999999999999645, 2.085000000000000409, -1.464999999999999636 ) ) ;
#6860 = ORIENTED_EDGE ( 'NONE', *, *, #2564, .F. ) ;
#6861 = FILL_AREA_STYLE ('',( #4412 ) ) ;
#6862 = LINE ( 'NONE', #4563, #490 ) ;
#6863 = ORIENTED_EDGE ( 'NONE', *, *, #7564, .F. ) ;
#6864 = CARTESIAN_POINT ( 'NONE',  ( -1.960000000000000853, 0.000000000000000000, 0.06499999999999994671 ) ) ;
#6865 = CARTESIAN_POINT ( 'NONE',  ( -5.525000000000000355, 0.5999999999999999778, -2.024999999999999911 ) ) ;
#6866 = LINE ( 'NONE', #875, #4639 ) ;
#6867 = ORIENTED_EDGE ( 'NONE', *, *, #6639, .T. ) ;
#6868 = DIRECTION ( 'NONE',  ( -0.7071067811865491270, 0.000000000000000000, 0.7071067811865460184 ) ) ;
#6869 = DIRECTION ( 'NONE',  ( 1.734723475976806503E-15, -1.000000000000000000, 0.000000000000000000 ) ) ;
#6870 = EDGE_CURVE ( 'NONE', #2866, #202, #4839, .T. ) ;
#6871 = VECTOR ( 'NONE', #3413, 1000.000000000000000 ) ;
#6872 = LINE ( 'NONE', #3955, #5056 ) ;
#6873 = EDGE_CURVE ( 'NONE', #884, #4815, #3175, .T. ) ;
#6874 = EDGE_CURVE ( 'NONE', #7378, #3997, #7266, .T. ) ;
#6875 = CARTESIAN_POINT ( 'NONE',  ( -7.875000000000000000, 0.1800000000000000488, -1.315000000000000169 ) ) ;
#6876 = CARTESIAN_POINT ( 'NONE',  ( -7.375000000000000000, 0.000000000000000000, 0.06499999999999994671 ) ) ;
#6877 = DIRECTION ( 'NONE',  ( -0.000000000000000000, -0.7071067811865474617, -0.7071067811865474617 ) ) ;
#6878 = VERTEX_POINT ( 'NONE', #2459 ) ;
#6879 = ORIENTED_EDGE ( 'NONE', *, *, #7214, .F. ) ;
#6880 = CARTESIAN_POINT ( 'NONE',  ( -7.375000000000000000, 3.500000000000000444, -1.334999999999999742 ) ) ;
#6881 = ORIENTED_EDGE ( 'NONE', *, *, #5089, .T. ) ;
#6882 = ORIENTED_EDGE ( 'NONE', *, *, #5770, .T. ) ;
#6883 = CARTESIAN_POINT ( 'NONE',  ( -1.145000000000000240, -1.828238918348616824E-15, -0.1250000000000009992 ) ) ;
#6884 = CARTESIAN_POINT ( 'NONE',  ( -3.025000000000000799, 1.030000000000000027, -2.024999999999999911 ) ) ;
#6885 = FACE_OUTER_BOUND ( 'NONE', #2817, .T. ) ;
#6886 = EDGE_LOOP ( 'NONE', ( #642, #2716, #6654, #4626 ) ) ;
#6887 = LINE ( 'NONE', #4473, #6539 ) ;
#6888 = EDGE_LOOP ( 'NONE', ( #2144, #7190, #6796, #7118 ) ) ;
#6889 = VECTOR ( 'NONE', #7182, 1000.000000000000000 ) ;
#6890 = DIRECTION ( 'NONE',  ( 1.000000000000000000, 0.000000000000000000, 0.000000000000000000 ) ) ;
#6891 = VERTEX_POINT ( 'NONE', #3795 ) ;
#6892 = CARTESIAN_POINT ( 'NONE',  ( -1.250000000000001110, 3.965000000000001634, 0.09499999999999962641 ) ) ;
#6893 = EDGE_LOOP ( 'NONE', ( #2375, #2966, #4958, #4097 ) ) ;
#6894 = VECTOR ( 'NONE', #6180, 1000.000000000000000 ) ;
#6895 = CARTESIAN_POINT ( 'NONE',  ( -7.375000000000000000, 4.120000000000000107, 0.000000000000000000 ) ) ;
#6896 = CARTESIAN_POINT ( 'NONE',  ( -7.605000000000000426, -1.828238918348616824E-15, -0.1250000000000009992 ) ) ;
#6897 = ADVANCED_FACE ( 'NONE', ( #5484 ), #164, .T. ) ;
#6898 = DIRECTION ( 'NONE',  ( 0.000000000000000000, -1.000000000000000000, 0.000000000000000000 ) ) ;
#6899 = EDGE_CURVE ( 'NONE', #2175, #972, #3091, .T. ) ;
#6900 = EDGE_LOOP ( 'NONE', ( #3890, #5681, #3258, #43, #6999, #617, #6095, #3971, #1618 ) ) ;
#6901 = PLANE ( 'NONE',  #3657 ) ;
#6902 = DIRECTION ( 'NONE',  ( 0.000000000000000000, 0.000000000000000000, -1.000000000000000000 ) ) ;
#6903 = CARTESIAN_POINT ( 'NONE',  ( -7.875000000000000000, 0.7800000000000000266, -0.2750000000000000777 ) ) ;
#6904 = CARTESIAN_POINT ( 'NONE',  ( -5.724999999999999645, 1.629999999999999893, -1.464999999999999858 ) ) ;
#6905 = DIRECTION ( 'NONE',  ( 0.000000000000000000, -1.000000000000000000, 0.000000000000000000 ) ) ;
#6906 = EDGE_CURVE ( 'NONE', #1473, #3173, #237, .T. ) ;
#6907 = EDGE_CURVE ( 'NONE', #4652, #1821, #7153, .T. ) ;
#6908 = ORIENTED_EDGE ( 'NONE', *, *, #2316, .F. ) ;
#6909 = PLANE ( 'NONE',  #1312 ) ;
#6910 = CARTESIAN_POINT ( 'NONE',  ( -5.724999999999999645, 1.796421356237309919, 1.766421356237310114 ) ) ;
#6911 = DIRECTION ( 'NONE',  ( -1.000000000000000000, -0.000000000000000000, -0.000000000000000000 ) ) ;
#6912 = CARTESIAN_POINT ( 'NONE',  ( -5.724999999999999645, 0.000000000000000000, -2.824999999999999734 ) ) ;
#6913 = LINE ( 'NONE', #6268, #1282 ) ;
#6914 = CARTESIAN_POINT ( 'NONE',  ( -1.250000000000001110, 3.325000000000000178, 0.6399999999999999023 ) ) ;
#6915 = EDGE_CURVE ( 'NONE', #6946, #29, #1999, .T. ) ;
#6916 = EDGE_CURVE ( 'NONE', #5127, #5899, #1400, .T. ) ;
#6917 = ORIENTED_EDGE ( 'NONE', *, *, #1723, .T. ) ;
#6918 = VERTEX_POINT ( 'NONE', #5522 ) ;
#6919 = VERTEX_POINT ( 'NONE', #203 ) ;
#6920 = LINE ( 'NONE', #7558, #6837 ) ;
#6921 = VECTOR ( 'NONE', #2145, 1000.000000000000000 ) ;
#6922 = CARTESIAN_POINT ( 'NONE',  ( -2.310000000000003162, 3.240000000000001101, -2.024999999999999467 ) ) ;
#6923 = DIRECTION ( 'NONE',  ( 0.000000000000000000, 0.000000000000000000, -1.000000000000000000 ) ) ;
#6924 = EDGE_CURVE ( 'NONE', #2938, #2492, #1324, .T. ) ;
#6925 = VERTEX_POINT ( 'NONE', #4981 ) ;
#6926 = ORIENTED_EDGE ( 'NONE', *, *, #1672, .F. ) ;
#6927 = DIRECTION ( 'NONE',  ( 0.000000000000000000, 1.000000000000000000, 0.000000000000000000 ) ) ;
#6928 = ORIENTED_EDGE ( 'NONE', *, *, #7304, .T. ) ;
#6929 = FACE_OUTER_BOUND ( 'NONE', #3501, .T. ) ;
#6930 = VERTEX_POINT ( 'NONE', #125 ) ;
#6931 = PLANE ( 'NONE',  #5422 ) ;
#6932 = ORIENTED_EDGE ( 'NONE', *, *, #5426, .T. ) ;
#6933 = CARTESIAN_POINT ( 'NONE',  ( -1.825000000000001066, 3.965000000000001634, 0.06499999999999994671 ) ) ;
#6934 = CARTESIAN_POINT ( 'NONE',  ( -7.605000000000000426, 0.000000000000000000, 1.324999999999999734 ) ) ;
#6935 = ADVANCED_FACE ( 'NONE', ( #749, #7301, #2542, #2039 ), #4945, .F. ) ;
#6936 = CARTESIAN_POINT ( 'NONE',  ( -7.375000000000000888, 0.8499999999999992006, 2.024999999999999911 ) ) ;
#6937 = CARTESIAN_POINT ( 'NONE',  ( -7.275000000000000355, 0.000000000000000000, -0.2750000000000000777 ) ) ;
#6938 = CARTESIAN_POINT ( 'NONE',  ( 0.000000000000000000, 1.855000000000000204, 0.06499999999999994671 ) ) ;
#6939 = ORIENTED_EDGE ( 'NONE', *, *, #968, .T. ) ;
#6940 = VECTOR ( 'NONE', #35, 1000.000000000000000 ) ;
#6941 = FACE_OUTER_BOUND ( 'NONE', #2097, .T. ) ;
#6942 = CARTESIAN_POINT ( 'NONE',  ( -7.375000000000000888, 1.094999999999999085, 1.949999999999999289 ) ) ;
#6943 = EDGE_CURVE ( 'NONE', #1005, #3227, #6061, .T. ) ;
#6944 = CARTESIAN_POINT ( 'NONE',  ( -8.078333333333347355, 1.506666666666640175, 1.271666666666666501 ) ) ;
#6945 = LINE ( 'NONE', #2748, #4320 ) ;
#6946 = VERTEX_POINT ( 'NONE', #1365 ) ;
#6947 = DIRECTION ( 'NONE',  ( 0.000000000000000000, 0.000000000000000000, 1.000000000000000000 ) ) ;
#6948 = VERTEX_POINT ( 'NONE', #5981 ) ;
#6949 = VECTOR ( 'NONE', #2830, 1000.000000000000000 ) ;
#6950 = AXIS2_PLACEMENT_3D ( 'NONE', #3383, #2284, #5849 ) ;
#6951 = ORIENTED_EDGE ( 'NONE', *, *, #5684, .F. ) ;
#6952 = LINE ( 'NONE', #532, #1781 ) ;
#6953 = VECTOR ( 'NONE', #5561, 1000.000000000000000 ) ;
#6954 = CARTESIAN_POINT ( 'NONE',  ( -7.875000000000000000, 8.777094706955511913E-18, 0.09499999999999998723 ) ) ;
#6955 = EDGE_CURVE ( 'NONE', #5736, #4393, #4407, .T. ) ;
#6956 = FACE_OUTER_BOUND ( 'NONE', #6128, .T. ) ;
#6957 = LINE ( 'NONE', #1077, #2835 ) ;
#6958 = CARTESIAN_POINT ( 'NONE',  ( -5.724999999999999645, 0.000000000000000000, -2.024999999999999911 ) ) ;
#6959 = VECTOR ( 'NONE', #629, 1000.000000000000000 ) ;
#6960 = AXIS2_PLACEMENT_3D ( 'NONE', #3184, #5994, #6651 ) ;
#6961 = ORIENTED_EDGE ( 'NONE', *, *, #6314, .T. ) ;
#6962 = ORIENTED_EDGE ( 'NONE', *, *, #7147, .T. ) ;
#6963 = CARTESIAN_POINT ( 'NONE',  ( -1.145000000000000240, 1.709999999999999520, 1.324999999999999734 ) ) ;
#6964 = ORIENTED_EDGE ( 'NONE', *, *, #3118, .F. ) ;
#6965 = CYLINDRICAL_SURFACE ( 'NONE', #3399, 0.1499999999999999667 ) ;
#6966 = ADVANCED_FACE ( 'NONE', ( #2579 ), #3054, .F. ) ;
#6967 = VERTEX_POINT ( 'NONE', #87 ) ;
#6968 = VECTOR ( 'NONE', #3652, 1000.000000000000000 ) ;
#6969 = ADVANCED_FACE ( 'NONE', ( #4257 ), #6601, .F. ) ;
#6970 = CARTESIAN_POINT ( 'NONE',  ( 0.000000000000000000, 2.084999999999999964, 1.824999999999999956 ) ) ;
#6971 = CIRCLE ( 'NONE', #6124, 0.08500000000000000611 ) ;
#6972 = ORIENTED_EDGE ( 'NONE', *, *, #854, .T. ) ;
#6973 = CARTESIAN_POINT ( 'NONE',  ( -7.500000000000000000, 3.965000000000001634, 0.6399999999999999023 ) ) ;
#6974 = ORIENTED_EDGE ( 'NONE', *, *, #1004, .T. ) ;
#6975 = DIRECTION ( 'NONE',  ( 1.000000000000000000, 0.000000000000000000, 0.000000000000000000 ) ) ;
#6976 = DIRECTION ( 'NONE',  ( 0.000000000000000000, -1.000000000000000000, 0.000000000000000000 ) ) ;
#6977 = ORIENTED_EDGE ( 'NONE', *, *, #474, .F. ) ;
#6978 = VECTOR ( 'NONE', #5099, 1000.000000000000000 ) ;
#6979 = DIRECTION ( 'NONE',  ( -1.000000000000000000, 0.000000000000000000, 0.000000000000000000 ) ) ;
#6980 = DIRECTION ( 'NONE',  ( 1.000000000000000000, 0.000000000000000000, -0.000000000000000000 ) ) ;
#6981 = DIRECTION ( 'NONE',  ( 1.000000000000000000, -0.000000000000000000, -0.000000000000000000 ) ) ;
#6982 =( LENGTH_UNIT ( ) NAMED_UNIT ( * ) SI_UNIT ( .MILLI., .METRE. ) );
#6983 = LINE ( 'NONE', #1183, #3167 ) ;
#6984 = ADVANCED_FACE ( 'NONE', ( #2656 ), #4478, .F. ) ;
#6985 = ORIENTED_EDGE ( 'NONE', *, *, #2995, .F. ) ;
#6986 = VECTOR ( 'NONE', #1810, 1000.000000000000000 ) ;
#6987 = CARTESIAN_POINT ( 'NONE',  ( -7.375000000000000888, 0.000000000000000000, 1.975000000000001865 ) ) ;
#6988 = ORIENTED_EDGE ( 'NONE', *, *, #3006, .T. ) ;
#6989 = DIRECTION ( 'NONE',  ( -1.000000000000000000, -7.477256361968995247E-17, 0.000000000000000000 ) ) ;
#6990 = LINE ( 'NONE', #4160, #3403 ) ;
#6991 = DIRECTION ( 'NONE',  ( 1.000000000000000000, 0.000000000000000000, 0.000000000000000000 ) ) ;
#6992 = ADVANCED_FACE ( 'NONE', ( #6178 ), #6287, .T. ) ;
#6993 = ORIENTED_EDGE ( 'NONE', *, *, #1096, .F. ) ;
#6994 = ADVANCED_FACE ( 'NONE', ( #2731 ), #5130, .T. ) ;
#6995 = AXIS2_PLACEMENT_3D ( 'NONE', #3076, #1872, #4240 ) ;
#6996 = ORIENTED_EDGE ( 'NONE', *, *, #3537, .F. ) ;
#6997 = ORIENTED_EDGE ( 'NONE', *, *, #1144, .T. ) ;
#6998 = DIRECTION ( 'NONE',  ( 0.000000000000000000, 0.000000000000000000, -1.000000000000000000 ) ) ;
#6999 = ORIENTED_EDGE ( 'NONE', *, *, #3788, .T. ) ;
#7000 = CARTESIAN_POINT ( 'NONE',  ( -5.525000000000000355, 1.629999999999999893, 0.9136038969321070846 ) ) ;
#7001 = CARTESIAN_POINT ( 'NONE',  ( -1.735000000000000320, 1.903000000000000025, -2.024999999999999467 ) ) ;
#7002 = EDGE_CURVE ( 'NONE', #1052, #4243, #6251, .T. ) ;
#7003 = EDGE_CURVE ( 'NONE', #7411, #1560, #5593, .T. ) ;
#7004 = EDGE_CURVE ( 'NONE', #3817, #7378, #974, .T. ) ;
#7005 = VERTEX_POINT ( 'NONE', #860 ) ;
#7006 = LINE ( 'NONE', #4674, #6233 ) ;
#7007 = VECTOR ( 'NONE', #7348, 1000.000000000000000 ) ;
#7008 = ORIENTED_EDGE ( 'NONE', *, *, #3094, .F. ) ;
#7009 = CARTESIAN_POINT ( 'NONE',  ( -1.145000000000000240, 0.7800000000000000266, 1.324999999999999734 ) ) ;
#7010 = VECTOR ( 'NONE', #745, 1000.000000000000000 ) ;
#7011 = ADVANCED_BREP_SHAPE_REPRESENTATION ( '', ( #707, #720, #5741, #7217 ), #184 ) ;
#7012 = EDGE_LOOP ( 'NONE', ( #6485, #6867, #5592, #7613, #1069, #1885, #4360, #4736, #6675, #168, #6332, #2884, #6863, #6524, #3579, #4972, #2605, #1286, #3577 ) ) ;
#7013 = LINE ( 'NONE', #1764, #320 ) ;
#7014 = CARTESIAN_POINT ( 'NONE',  ( -5.724999999999999645, 0.2999999999999999889, 0.000000000000000000 ) ) ;
#7015 = LINE ( 'NONE', #1217, #2166 ) ;
#7016 = CARTESIAN_POINT ( 'NONE',  ( 0.000000000000000000, 0.000000000000000000, 0.000000000000000000 ) ) ;
#7017 = DIRECTION ( 'NONE',  ( 0.8660254037844384856, 0.000000000000000000, 0.5000000000000004441 ) ) ;
#7018 = ORIENTED_EDGE ( 'NONE', *, *, #3736, .T. ) ;
#7019 = DIRECTION ( 'NONE',  ( 1.000000000000000000, 0.000000000000000000, 0.000000000000000000 ) ) ;
#7020 = ORIENTED_EDGE ( 'NONE', *, *, #7137, .F. ) ;
#7021 = ORIENTED_EDGE ( 'NONE', *, *, #346, .T. ) ;
#7022 = CARTESIAN_POINT ( 'NONE',  ( -1.375000000000000444, 0.8499999999999992006, 1.949999999999999289 ) ) ;
#7023 = DIRECTION ( 'NONE',  ( -1.000000000000000000, 0.000000000000000000, 0.000000000000000000 ) ) ;
#7024 = LINE ( 'NONE', #1625, #1082 ) ;
#7025 = DIRECTION ( 'NONE',  ( 0.000000000000000000, -1.000000000000000000, 0.000000000000000000 ) ) ;
#7026 = ORIENTED_EDGE ( 'NONE', *, *, #6826, .T. ) ;
#7027 = ORIENTED_EDGE ( 'NONE', *, *, #525, .T. ) ;
#7028 = VECTOR ( 'NONE', #1806, 1000.000000000000000 ) ;
#7029 = VERTEX_POINT ( 'NONE', #5020 ) ;
#7030 = ORIENTED_EDGE ( 'NONE', *, *, #3551, .T. ) ;
#7031 = CARTESIAN_POINT ( 'NONE',  ( -5.724999999999999645, 0.5999999999999999778, -2.324999999999999734 ) ) ;
#7032 = VERTEX_POINT ( 'NONE', #3397 ) ;
#7033 = CARTESIAN_POINT ( 'NONE',  ( -4.687500000000000000, 0.04750000000000037526, 0.01749999999999957839 ) ) ;
#7034 = EDGE_CURVE ( 'NONE', #2750, #5125, #3319, .T. ) ;
#7035 = PLANE ( 'NONE',  #7243 ) ;
#7036 = ORIENTED_EDGE ( 'NONE', *, *, #363, .F. ) ;
#7037 = CARTESIAN_POINT ( 'NONE',  ( -2.386250000000001315, 2.255000000000000338, 1.824999999999999289 ) ) ;
#7038 = ORIENTED_EDGE ( 'NONE', *, *, #7454, .T. ) ;
#7039 = DIRECTION ( 'NONE',  ( 0.000000000000000000, -0.000000000000000000, -1.000000000000000000 ) ) ;
#7040 = EDGE_LOOP ( 'NONE', ( #5305, #4711, #4276, #949, #942, #547, #4143, #5557, #776, #4465, #5700, #5222, #7453, #6162 ) ) ;
#7041 = EDGE_CURVE ( 'NONE', #4512, #7218, #5740, .T. ) ;
#7042 = ADVANCED_FACE ( 'NONE', ( #1441 ), #352, .T. ) ;
#7043 = EDGE_CURVE ( 'NONE', #7369, #6024, #5697, .T. ) ;
#7044 = PLANE ( 'NONE',  #4413 ) ;
#7045 = VERTEX_POINT ( 'NONE', #7345 ) ;
#7046 = CARTESIAN_POINT ( 'NONE',  ( -2.812500000000000888, 0.000000000000000000, 2.024999999999999911 ) ) ;
#7047 = CARTESIAN_POINT ( 'NONE',  ( -1.375000000000000444, 0.1499999999999998002, -0.2750000000000001332 ) ) ;
#7048 = EDGE_CURVE ( 'NONE', #2180, #630, #7414, .T. ) ;
#7049 = DIRECTION ( 'NONE',  ( 0.000000000000000000, 0.000000000000000000, 1.000000000000000000 ) ) ;
#7050 = EDGE_CURVE ( 'NONE', #3778, #2819, #2767, .T. ) ;
#7051 = CARTESIAN_POINT ( 'NONE',  ( -2.812500000000000888, 0.000000000000000000, 0.06499999999999994671 ) ) ;
#7052 = DIRECTION ( 'NONE',  ( 0.000000000000000000, 0.000000000000000000, -1.000000000000000000 ) ) ;
#7053 = VECTOR ( 'NONE', #678, 1000.000000000000000 ) ;
#7054 = ORIENTED_EDGE ( 'NONE', *, *, #3526, .F. ) ;
#7055 = LINE ( 'NONE', #605, #6420 ) ;
#7056 = ORIENTED_EDGE ( 'NONE', *, *, #2720, .T. ) ;
#7057 = ORIENTED_EDGE ( 'NONE', *, *, #7622, .F. ) ;
#7058 = CARTESIAN_POINT ( 'NONE',  ( -0.8750000000000007772, 3.500000000000000444, -1.334999999999999742 ) ) ;
#7059 = CARTESIAN_POINT ( 'NONE',  ( -7.375000000000000000, 1.903000000000000025, -1.724999999999999867 ) ) ;
#7060 = AXIS2_PLACEMENT_3D ( 'NONE', #2183, #2437, #878 ) ;
#7061 = CARTESIAN_POINT ( 'NONE',  ( -1.375000000000000444, 2.209999999999998188, -0.2750000000000000777 ) ) ;
#7062 = PLANE ( 'NONE',  #3702 ) ;
#7063 = LINE ( 'NONE', #4164, #1786 ) ;
#7064 = ORIENTED_EDGE ( 'NONE', *, *, #6372, .F. ) ;
#7065 = VERTEX_POINT ( 'NONE', #4445 ) ;
#7066 = VECTOR ( 'NONE', #444, 1000.000000000000000 ) ;
#7067 = AXIS2_PLACEMENT_3D ( 'NONE', #75, #5439, #193 ) ;
#7068 = ORIENTED_EDGE ( 'NONE', *, *, #4436, .F. ) ;
#7069 = ORIENTED_EDGE ( 'NONE', *, *, #5375, .F. ) ;
#7070 = LINE ( 'NONE', #1795, #5116 ) ;
#7071 = ORIENTED_EDGE ( 'NONE', *, *, #2040, .F. ) ;
#7072 = CARTESIAN_POINT ( 'NONE',  ( -5.525000000000000355, 1.604999999999999982, 1.212867965644033985 ) ) ;
#7073 = LINE ( 'NONE', #1799, #2959 ) ;
#7074 = AXIS2_PLACEMENT_3D ( 'NONE', #7643, #1115, #4586 ) ;
#7075 = VECTOR ( 'NONE', #6431, 1000.000000000000000 ) ;
#7076 = ORIENTED_EDGE ( 'NONE', *, *, #7374, .T. ) ;
#7077 = FACE_OUTER_BOUND ( 'NONE', #80, .T. ) ;
#7078 = VECTOR ( 'NONE', #7141, 1000.000000000000114 ) ;
#7079 = ORIENTED_EDGE ( 'NONE', *, *, #6779, .T. ) ;
#7080 = LINE ( 'NONE', #6523, #1022 ) ;
#7081 = EDGE_LOOP ( 'NONE', ( #1427, #5680, #6242, #4293, #6150 ) ) ;
#7082 = DIRECTION ( 'NONE',  ( 0.000000000000000000, 0.000000000000000000, -1.000000000000000000 ) ) ;
#7083 = VECTOR ( 'NONE', #7541, 1000.000000000000000 ) ;
#7084 = VERTEX_POINT ( 'NONE', #6784 ) ;
#7085 = CARTESIAN_POINT ( 'NONE',  ( -5.525000000000000355, 0.9300000000000000488, 1.378567737020261808 ) ) ;
#7086 = DIRECTION ( 'NONE',  ( 0.000000000000000000, 0.000000000000000000, 1.000000000000000000 ) ) ;
#7087 = LINE ( 'NONE', #1215, #2113 ) ;
#7088 = DIRECTION ( 'NONE',  ( 0.000000000000000000, 0.000000000000000000, 1.000000000000000000 ) ) ;
#7089 = CARTESIAN_POINT ( 'NONE',  ( -1.375000000000000444, 0.4800000000000000377, 1.975000000000001865 ) ) ;
#7090 = LINE ( 'NONE', #1734, #1405 ) ;
#7091 = VECTOR ( 'NONE', #1414, 1000.000000000000000 ) ;
#7092 = EDGE_LOOP ( 'NONE', ( #2189, #131, #7382, #7597 ) ) ;
#7093 = EDGE_CURVE ( 'NONE', #1727, #1941, #1476, .T. ) ;
#7094 = CARTESIAN_POINT ( 'NONE',  ( -4.474999999999999645, 1.030000000000000027, -1.464999999999999636 ) ) ;
#7095 = ORIENTED_EDGE ( 'NONE', *, *, #6208, .F. ) ;
#7096 = ORIENTED_EDGE ( 'NONE', *, *, #5423, .F. ) ;
#7097 = LINE ( 'NONE', #4816, #2782 ) ;
#7098 = VECTOR ( 'NONE', #3132, 1000.000000000000000 ) ;
#7099 = APPLICATION_CONTEXT ( 'automotive_design' ) ;
#7100 = CARTESIAN_POINT ( 'NONE',  ( -1.145000000000000240, 1.009999999999999121, 1.864999999999999325 ) ) ;
#7101 = CARTESIAN_POINT ( 'NONE',  ( -7.375000000000000888, 1.559999999999999609, 1.949999999999999512 ) ) ;
#7102 = ORIENTED_EDGE ( 'NONE', *, *, #6582, .T. ) ;
#7103 = EDGE_LOOP ( 'NONE', ( #589, #6319, #216, #1853 ) ) ;
#7104 = ORIENTED_EDGE ( 'NONE', *, *, #2378, .F. ) ;
#7105 = ORIENTED_EDGE ( 'NONE', *, *, #4377, .F. ) ;
#7106 = CARTESIAN_POINT ( 'NONE',  ( -5.724999999999999645, 0.01500000000000050078, -0.01500000000000050078 ) ) ;
#7107 = CARTESIAN_POINT ( 'NONE',  ( -1.145000000000000240, 0.000000000000000000, -2.496936092690336118 ) ) ;
#7108 = CARTESIAN_POINT ( 'NONE',  ( -7.765000000000000568, 2.400000000000000355, 0.000000000000000000 ) ) ;
#7109 = VERTEX_POINT ( 'NONE', #6213 ) ;
#7110 = FACE_OUTER_BOUND ( 'NONE', #1737, .T. ) ;
#7111 = AXIS2_PLACEMENT_3D ( 'NONE', #1008, #5274, #7140 ) ;
#7112 = ORIENTED_EDGE ( 'NONE', *, *, #3911, .F. ) ;
#7113 = LINE ( 'NONE', #5408, #1278 ) ;
#7114 = ORIENTED_EDGE ( 'NONE', *, *, #4859, .T. ) ;
#7115 = VECTOR ( 'NONE', #7295, 1000.000000000000000 ) ;
#7116 = EDGE_CURVE ( 'NONE', #7029, #4734, #5057, .T. ) ;
#7117 = LINE ( 'NONE', #3642, #3559 ) ;
#7118 = ORIENTED_EDGE ( 'NONE', *, *, #3443, .T. ) ;
#7119 = ORIENTED_EDGE ( 'NONE', *, *, #3958, .T. ) ;
#7120 = VECTOR ( 'NONE', #3920, 1000.000000000000000 ) ;
#7121 = CARTESIAN_POINT ( 'NONE',  ( 7.875000000000000000, 0.1800000000000000488, 0.000000000000000000 ) ) ;
#7122 = CIRCLE ( 'NONE', #2454, 0.2000000000000000944 ) ;
#7123 = DIRECTION ( 'NONE',  ( 0.000000000000000000, 0.000000000000000000, -1.000000000000000000 ) ) ;
#7124 = CARTESIAN_POINT ( 'NONE',  ( -5.525000000000000355, 0.5799999999999995159, 2.024999999999999911 ) ) ;
#7125 = ADVANCED_FACE ( 'NONE', ( #7455 ), #7384, .T. ) ;
#7126 = DIRECTION ( 'NONE',  ( 0.000000000000000000, 0.000000000000000000, 1.000000000000000000 ) ) ;
#7127 = MECHANICAL_DESIGN_GEOMETRIC_PRESENTATION_REPRESENTATION (  '', ( #4691 ), #7501 ) ;
#7128 = LINE ( 'NONE', #4648, #1157 ) ;
#7129 = ORIENTED_EDGE ( 'NONE', *, *, #1996, .T. ) ;
#7130 = DIRECTION ( 'NONE',  ( -0.7071067811865454633, -0.7071067811865495711, -0.000000000000000000 ) ) ;
#7131 = CARTESIAN_POINT ( 'NONE',  ( -4.062500000000003553, 8.809142651444728259E-15, 0.06499999999999994671 ) ) ;
#7132 = AXIS2_PLACEMENT_3D ( 'NONE', #7245, #4272, #7206 ) ;
#7133 = VERTEX_POINT ( 'NONE', #6322 ) ;
#7134 = ORIENTED_EDGE ( 'NONE', *, *, #1105, .T. ) ;
#7135 = LINE ( 'NONE', #3841, #6368 ) ;
#7136 = LINE ( 'NONE', #4278, #3898 ) ;
#7137 = EDGE_CURVE ( 'NONE', #4132, #2220, #1007, .T. ) ;
#7138 = EDGE_CURVE ( 'NONE', #1756, #5213, #4131, .T. ) ;
#7139 = ADVANCED_FACE ( 'NONE', ( #36 ), #7617, .T. ) ;
#7140 = DIRECTION ( 'NONE',  ( 0.000000000000000000, 0.000000000000000000, -1.000000000000000000 ) ) ;
#7141 = DIRECTION ( 'NONE',  ( 0.5000000000000003331, 0.000000000000000000, -0.8660254037844383745 ) ) ;
#7142 = ORIENTED_EDGE ( 'NONE', *, *, #3339, .T. ) ;
#7143 = EDGE_LOOP ( 'NONE', ( #4004, #4569, #2350, #2318, #2670, #7557, #122 ) ) ;
#7144 = ORIENTED_EDGE ( 'NONE', *, *, #1726, .T. ) ;
#7145 = CARTESIAN_POINT ( 'NONE',  ( -5.724999999999999645, 1.080000000000000071, 0.000000000000000000 ) ) ;
#7146 = LINE ( 'NONE', #6589, #2140 ) ;
#7147 = EDGE_CURVE ( 'NONE', #5944, #1713, #1089, .T. ) ;
#7148 = VECTOR ( 'NONE', #2699, 1000.000000000000000 ) ;
#7149 = DIRECTION ( 'NONE',  ( -1.000000000000000000, -1.136281752823236226E-16, 0.000000000000000000 ) ) ;
#7150 = VERTEX_POINT ( 'NONE', #3515 ) ;
#7151 = DIRECTION ( 'NONE',  ( -1.000000000000000000, 0.000000000000000000, 0.000000000000000000 ) ) ;
#7152 = ORIENTED_EDGE ( 'NONE', *, *, #4480, .F. ) ;
#7153 = LINE ( 'NONE', #4835, #4712 ) ;
#7154 = FACE_OUTER_BOUND ( 'NONE', #4869, .T. ) ;
#7155 = ORIENTED_EDGE ( 'NONE', *, *, #524, .F. ) ;
#7156 = DIRECTION ( 'NONE',  ( 0.000000000000000000, 0.000000000000000000, 1.000000000000000000 ) ) ;
#7157 = CARTESIAN_POINT ( 'NONE',  ( -3.025000000000000799, 1.630000000000000560, -1.464999999999999636 ) ) ;
#7158 = LINE ( 'NONE', #1895, #2756 ) ;
#7159 = CARTESIAN_POINT ( 'NONE',  ( -9.341064372665991643E-17, 0.7800000000000006928, 0.06499999999999994671 ) ) ;
#7160 = CARTESIAN_POINT ( 'NONE',  ( -7.605000000000000426, 2.209999999999999520, 1.274999999999999911 ) ) ;
#7161 = ORIENTED_EDGE ( 'NONE', *, *, #7493, .T. ) ;
#7162 = DIRECTION ( 'NONE',  ( 0.000000000000000000, 0.000000000000000000, -1.000000000000000000 ) ) ;
#7163 = LINE ( 'NONE', #1901, #7177 ) ;
#7164 = EDGE_CURVE ( 'NONE', #5182, #4115, #7073, .T. ) ;
#7165 = CARTESIAN_POINT ( 'NONE',  ( -1.375000000000000444, 1.009999999999999121, 1.949999999999999289 ) ) ;
#7166 = VERTEX_POINT ( 'NONE', #6480 ) ;
#7167 = DIRECTION ( 'NONE',  ( 1.000000000000000000, 0.000000000000000000, 0.000000000000000000 ) ) ;
#7168 = DIRECTION ( 'NONE',  ( 0.000000000000000000, -1.000000000000000000, 0.000000000000000000 ) ) ;
#7169 = DIRECTION ( 'NONE',  ( 0.000000000000000000, 1.000000000000000000, 0.000000000000000000 ) ) ;
#7170 = UNCERTAINTY_MEASURE_WITH_UNIT (LENGTH_MEASURE( 1.000000000000000082E-05 ), #6512, 'distance_accuracy_value', 'NONE');
#7171 = VECTOR ( 'NONE', #4415, 1000.000000000000000 ) ;
#7172 = DIRECTION ( 'NONE',  ( 0.000000000000000000, -1.000000000000000000, -0.000000000000000000 ) ) ;
#7173 = ORIENTED_EDGE ( 'NONE', *, *, #5734, .T. ) ;
#7174 = EDGE_CURVE ( 'NONE', #5777, #2444, #3441, .T. ) ;
#7175 = ORIENTED_EDGE ( 'NONE', *, *, #6742, .T. ) ;
#7176 = ADVANCED_FACE ( 'NONE', ( #2373 ), #7035, .T. ) ;
#7177 = VECTOR ( 'NONE', #6693, 1000.000000000000000 ) ;
#7178 = ORIENTED_EDGE ( 'NONE', *, *, #3661, .T. ) ;
#7179 = ORIENTED_EDGE ( 'NONE', *, *, #5562, .F. ) ;
#7180 = DIRECTION ( 'NONE',  ( 0.000000000000000000, 1.000000000000000000, 0.000000000000000000 ) ) ;
#7181 = CARTESIAN_POINT ( 'NONE',  ( -8.750000000000000000, 0.5500000000000010436, 2.024999999999999911 ) ) ;
#7182 = DIRECTION ( 'NONE',  ( 1.000000000000000000, -0.000000000000000000, -0.000000000000000000 ) ) ;
#7183 = VERTEX_POINT ( 'NONE', #470 ) ;
#7184 = CIRCLE ( 'NONE', #4750, 0.2999999999999999334 ) ;
#7185 = PLANE ( 'NONE',  #2964 ) ;
#7186 = EDGE_CURVE ( 'NONE', #83, #2044, #4171, .T. ) ;
#7187 = EDGE_CURVE ( 'NONE', #1788, #1718, #7533, .T. ) ;
#7188 = EDGE_CURVE ( 'NONE', #6918, #775, #3478, .T. ) ;
#7189 = VERTEX_POINT ( 'NONE', #1679 ) ;
#7190 = ORIENTED_EDGE ( 'NONE', *, *, #4015, .T. ) ;
#7191 = VECTOR ( 'NONE', #6018, 1000.000000000000000 ) ;
#7192 = VECTOR ( 'NONE', #1904, 1000.000000000000000 ) ;
#7193 = CARTESIAN_POINT ( 'NONE',  ( -15.54000000000000092, 0.7800000000000015810, 1.824999999999999289 ) ) ;
#7194 = DIRECTION ( 'NONE',  ( 0.000000000000000000, -1.000000000000000000, 0.000000000000000000 ) ) ;
#7195 = CARTESIAN_POINT ( 'NONE',  ( -1.475000000000000533, 0.7800000000000000266, 0.000000000000000000 ) ) ;
#7197 = ORIENTED_EDGE ( 'NONE', *, *, #5144, .T. ) ;
#7196 = VECTOR ( 'NONE', #4896, 1000.000000000000000 ) ;
#7198 = VECTOR ( 'NONE', #1547, 1000.000000000000000 ) ;
#7199 = CARTESIAN_POINT ( 'NONE',  ( -1.735000000000000320, 3.965000000000001634, 0.09499999999999962641 ) ) ;
#7200 = CARTESIAN_POINT ( 'NONE',  ( -2.950000000000000178, 2.490000000000001101, -2.024999999999999911 ) ) ;
#7201 = LINE ( 'NONE', #1336, #7297 ) ;
#7202 = VECTOR ( 'NONE', #7356, 1000.000000000000000 ) ;
#7203 = DIRECTION ( 'NONE',  ( 0.000000000000000000, 0.000000000000000000, -1.000000000000000000 ) ) ;
#7204 = LINE ( 'NONE', #1298, #6727 ) ;
#7205 = VERTEX_POINT ( 'NONE', #4670 ) ;
#7206 = DIRECTION ( 'NONE',  ( 0.000000000000000000, 1.000000000000000000, -9.239047059953170954E-17 ) ) ;
#7207 = FACE_OUTER_BOUND ( 'NONE', #1160, .T. ) ;
#7208 = ORIENTED_EDGE ( 'NONE', *, *, #7317, .F. ) ;
#7209 = LINE ( 'NONE', #1226, #6490 ) ;
#7210 = CARTESIAN_POINT ( 'NONE',  ( -5.525000000000000355, 0.000000000000000000, 0.000000000000000000 ) ) ;
#7211 = LINE ( 'NONE', #4279, #702 ) ;
#7212 = DIRECTION ( 'NONE',  ( -1.000000000000000000, 0.000000000000000000, 0.000000000000000000 ) ) ;
#7213 = EDGE_CURVE ( 'NONE', #5072, #4379, #5250, .T. ) ;
#7214 = EDGE_CURVE ( 'NONE', #5120, #2812, #7575, .T. ) ;
#7215 = VERTEX_POINT ( 'NONE', #2933 ) ;
#7216 = ORIENTED_EDGE ( 'NONE', *, *, #7003, .F. ) ;
#7217 = AXIS2_PLACEMENT_3D ( 'NONE', #5616, #5107, #368 ) ;
#7218 = VERTEX_POINT ( 'NONE', #5286 ) ;
#7219 = VERTEX_POINT ( 'NONE', #7000 ) ;
#7220 = DIRECTION ( 'NONE',  ( 0.000000000000000000, -1.000000000000000000, 0.000000000000000000 ) ) ;
#7221 = CARTESIAN_POINT ( 'NONE',  ( -7.015000000000000568, 0.000000000000000000, -1.724999999999999867 ) ) ;
#7222 = FACE_OUTER_BOUND ( 'NONE', #5265, .T. ) ;
#7223 = CARTESIAN_POINT ( 'NONE',  ( -5.724999999999999645, 1.030000000000000027, -1.464999999999999636 ) ) ;
#7224 = EDGE_CURVE ( 'NONE', #2758, #2064, #2298, .T. ) ;
#7225 = EDGE_CURVE ( 'NONE', #7218, #3211, #3558, .T. ) ;
#7226 = PRODUCT_DEFINITION ( 'UNKNOWN', '', #1297, #4966 ) ;
#7227 = DIRECTION ( 'NONE',  ( -1.000000000000000000, 0.000000000000000000, 0.000000000000000000 ) ) ;
#7228 = VECTOR ( 'NONE', #4801, 1000.000000000000000 ) ;
#7229 = ORIENTED_EDGE ( 'NONE', *, *, #1049, .T. ) ;
#7230 = DIRECTION ( 'NONE',  ( -1.000000000000000000, 0.000000000000000000, 0.000000000000000000 ) ) ;
#7231 = ORIENTED_EDGE ( 'NONE', *, *, #5842, .F. ) ;
#7232 = CARTESIAN_POINT ( 'NONE',  ( 7.875000000000000000, 2.727340868674716046E-16, -2.024999999999999911 ) ) ;
#7233 = ADVANCED_FACE ( 'NONE', ( #4594 ), #586, .T. ) ;
#7234 = CYLINDRICAL_SURFACE ( 'NONE', #5898, 0.2000000000000000944 ) ;
#7235 = EDGE_CURVE ( 'NONE', #2861, #4287, #6518, .T. ) ;
#7236 = ADVANCED_FACE ( 'NONE', ( #5357 ), #6931, .T. ) ;
#7237 = CARTESIAN_POINT ( 'NONE',  ( -5.525000000000000355, 0.01500000000000050078, -0.01500000000000050078 ) ) ;
#7238 = ORIENTED_EDGE ( 'NONE', *, *, #4671, .F. ) ;
#7239 = LINE ( 'NONE', #3018, #2942 ) ;
#7240 = CARTESIAN_POINT ( 'NONE',  ( -1.375000000000000444, 1.559999999999999609, 1.949999999999999512 ) ) ;
#7241 = LINE ( 'NONE', #213, #6253 ) ;
#7242 = PLANE ( 'NONE',  #4632 ) ;
#7243 = AXIS2_PLACEMENT_3D ( 'NONE', #4628, #5208, #4057 ) ;
#7244 = ORIENTED_EDGE ( 'NONE', *, *, #1923, .F. ) ;
#7245 = CARTESIAN_POINT ( 'NONE',  ( -7.015000000000000568, 8.777094706955511913E-18, 0.09499999999999998723 ) ) ;
#7246 = LINE ( 'NONE', #1456, #2025 ) ;
#7247 = LINE ( 'NONE', #141, #956 ) ;
#7248 = VERTEX_POINT ( 'NONE', #6133 ) ;
#7249 = VECTOR ( 'NONE', #6196, 1000.000000000000000 ) ;
#7250 = CARTESIAN_POINT ( 'NONE',  ( -7.375000000000000000, 4.120000000000000107, -1.724999999999999867 ) ) ;
#7251 = DIRECTION ( 'NONE',  ( 0.000000000000000000, 0.000000000000000000, -1.000000000000000000 ) ) ;
#7252 = DIRECTION ( 'NONE',  ( 0.000000000000000000, 0.000000000000000000, -1.000000000000000000 ) ) ;
#7253 = DIRECTION ( 'NONE',  ( 1.000000000000000000, -0.000000000000000000, -0.000000000000000000 ) ) ;
#7254 = ORIENTED_EDGE ( 'NONE', *, *, #5743, .T. ) ;
#7255 = VECTOR ( 'NONE', #5193, 1000.000000000000000 ) ;
#7256 = EDGE_LOOP ( 'NONE', ( #1341, #1247, #5507, #3008 ) ) ;
#7257 = ORIENTED_EDGE ( 'NONE', *, *, #3493, .F. ) ;
#7258 = EDGE_CURVE ( 'NONE', #5622, #379, #6671, .T. ) ;
#7259 = ORIENTED_EDGE ( 'NONE', *, *, #134, .T. ) ;
#7260 = FACE_OUTER_BOUND ( 'NONE', #6005, .T. ) ;
#7261 = DIRECTION ( 'NONE',  ( 1.000000000000000000, -0.000000000000000000, -0.000000000000000000 ) ) ;
#7262 = DIRECTION ( 'NONE',  ( 0.000000000000000000, 1.000000000000000000, -9.239047059953170954E-17 ) ) ;
#7263 = ORIENTED_EDGE ( 'NONE', *, *, #3539, .F. ) ;
#7264 = LINE ( 'NONE', #44, #4631 ) ;
#7265 = ORIENTED_EDGE ( 'NONE', *, *, #5872, .T. ) ;
#7266 = LINE ( 'NONE', #827, #4356 ) ;
#7267 = CARTESIAN_POINT ( 'NONE',  ( -4.474999999999999645, 0.000000000000000000, -2.024999999999999911 ) ) ;
#7268 = FACE_OUTER_BOUND ( 'NONE', #3306, .T. ) ;
#7269 = VERTEX_POINT ( 'NONE', #821 ) ;
#7270 = DIRECTION ( 'NONE',  ( 0.000000000000000000, 1.000000000000000000, 0.000000000000000000 ) ) ;
#7271 = FILL_AREA_STYLE_COLOUR ( '', #2648 ) ;
#7272 = AXIS2_PLACEMENT_3D ( 'NONE', #3905, #273, #1516 ) ;
#7273 = EDGE_CURVE ( 'NONE', #7133, #641, #3752, .T. ) ;
#7274 = EDGE_CURVE ( 'NONE', #2697, #422, #1883, .T. ) ;
#7275 = FACE_OUTER_BOUND ( 'NONE', #4555, .T. ) ;
#7276 = CARTESIAN_POINT ( 'NONE',  ( -9.341064372665991643E-17, 0.7800000000000006928, 0.06499999999999994671 ) ) ;
#7277 = CARTESIAN_POINT ( 'NONE',  ( -2.310000000000003162, 3.820000000000000728, -1.224999999999999867 ) ) ;
#7278 = ORIENTED_EDGE ( 'NONE', *, *, #112, .T. ) ;
#7279 = LINE ( 'NONE', #3188, #2811 ) ;
#7280 = FACE_OUTER_BOUND ( 'NONE', #4089, .T. ) ;
#7281 = LINE ( 'NONE', #4888, #1207 ) ;
#7282 = ADVANCED_FACE ( 'NONE', ( #2451 ), #3711, .T. ) ;
#7283 = EDGE_CURVE ( 'NONE', #6967, #7569, #79, .T. ) ;
#7284 = VERTEX_POINT ( 'NONE', #6705 ) ;
#7285 = CARTESIAN_POINT ( 'NONE',  ( -1.145000000000000240, 0.7800000000000000266, -0.3250000000000000666 ) ) ;
#7286 = CARTESIAN_POINT ( 'NONE',  ( -2.499999999999998668, 2.960000000000000853, 2.024999999999999911 ) ) ;
#7287 = SHAPE_REPRESENTATION_RELATIONSHIP ( 'NONE' , 'NONE' ,  #550, #7011 ) ;
#7288 = DIRECTION ( 'NONE',  ( -1.000000000000000000, 0.000000000000000000, 0.000000000000000000 ) ) ;
#7289 = ORIENTED_EDGE ( 'NONE', *, *, #2479, .T. ) ;
#7290 = ORIENTED_EDGE ( 'NONE', *, *, #3015, .T. ) ;
#7291 = EDGE_LOOP ( 'NONE', ( #1003, #5866, #2210, #4589, #7434 ) ) ;
#7292 = CARTESIAN_POINT ( 'NONE',  ( -7.605000000000000426, 0.5300000000000049116, -0.3250000000000000666 ) ) ;
#7293 = ORIENTED_EDGE ( 'NONE', *, *, #144, .T. ) ;
#7294 = DIRECTION ( 'NONE',  ( -0.000000000000000000, 0.000000000000000000, -1.000000000000000000 ) ) ;
#7295 = DIRECTION ( 'NONE',  ( -1.734723475976806306E-15, -1.000000000000000000, 0.000000000000000000 ) ) ;
#7296 = DIRECTION ( 'NONE',  ( 0.000000000000000000, 1.000000000000000000, 0.000000000000000000 ) ) ;
#7297 = VECTOR ( 'NONE', #6105, 1000.000000000000000 ) ;
#7298 = EDGE_LOOP ( 'NONE', ( #1225, #6748, #3085, #5869 ) ) ;
#7299 = DIRECTION ( 'NONE',  ( 0.000000000000000000, -9.239047059953170954E-17, -1.000000000000000000 ) ) ;
#7300 = ORIENTED_EDGE ( 'NONE', *, *, #5983, .T. ) ;
#7301 = FACE_OUTER_BOUND ( 'NONE', #6050, .T. ) ;
#7302 = AXIS2_PLACEMENT_3D ( 'NONE', #1343, #1303, #6614 ) ;
#7303 = FACE_OUTER_BOUND ( 'NONE', #549, .T. ) ;
#7304 = EDGE_CURVE ( 'NONE', #7599, #3480, #3165, .T. ) ;
#7305 = PLANE ( 'NONE',  #6770 ) ;
#7306 = ORIENTED_EDGE ( 'NONE', *, *, #3999, .T. ) ;
#7307 = VECTOR ( 'NONE', #3033, 1000.000000000000000 ) ;
#7308 = LINE ( 'NONE', #1002, #5047 ) ;
#7309 = VECTOR ( 'NONE', #6478, 1000.000000000000000 ) ;
#7310 = LINE ( 'NONE', #5597, #6719 ) ;
#7311 = PLANE ( 'NONE',  #3037 ) ;
#7312 = FACE_OUTER_BOUND ( 'NONE', #3606, .T. ) ;
#7313 = AXIS2_PLACEMENT_3D ( 'NONE', #6973, #3444, #590 ) ;
#7314 = VECTOR ( 'NONE', #1548, 1000.000000000000000 ) ;
#7315 = CARTESIAN_POINT ( 'NONE',  ( -5.724999999999999645, 0.7800000000000001377, 1.824999999999999289 ) ) ;
#7316 = EDGE_CURVE ( 'NONE', #6238, #5765, #4939, .T. ) ;
#7317 = EDGE_CURVE ( 'NONE', #5204, #3010, #119, .T. ) ;
#7318 = ORIENTED_EDGE ( 'NONE', *, *, #6811, .T. ) ;
#7319 = FACE_OUTER_BOUND ( 'NONE', #5394, .T. ) ;
#7320 = CARTESIAN_POINT ( 'NONE',  ( -2.950000000000000178, 2.490000000000001101, -1.224999999999999867 ) ) ;
#7321 = AXIS2_PLACEMENT_3D ( 'NONE', #6434, #1078, #2326 ) ;
#7322 = VECTOR ( 'NONE', #2431, 1000.000000000000000 ) ;
#7323 = EDGE_LOOP ( 'NONE', ( #1323, #2369, #2248, #5969 ) ) ;
#7324 = VECTOR ( 'NONE', #4198, 1000.000000000000000 ) ;
#7325 = DIRECTION ( 'NONE',  ( 7.477256361968996479E-17, -1.000000000000000000, 0.000000000000000000 ) ) ;
#7326 = CARTESIAN_POINT ( 'NONE',  ( -6.989999999999999325, 2.760000000000000231, 2.024999999999999911 ) ) ;
#7327 = UNCERTAINTY_MEASURE_WITH_UNIT (LENGTH_MEASURE( 1.000000000000000082E-05 ), #4686, 'distance_accuracy_value', 'NONE');
#7328 = CARTESIAN_POINT ( 'NONE',  ( -1.375000000000000444, 0.4800000000000000377, -0.2750000000000000777 ) ) ;
#7329 = EDGE_CURVE ( 'NONE', #3994, #6925, #6557, .T. ) ;
#7330 = ADVANCED_FACE ( 'NONE', ( #6590 ), #2412, .T. ) ;
#7331 = VECTOR ( 'NONE', #2832, 1000.000000000000114 ) ;
#7332 = EDGE_CURVE ( 'NONE', #3778, #6560, #1277, .T. ) ;
#7333 = VECTOR ( 'NONE', #5859, 1000.000000000000000 ) ;
#7334 = ORIENTED_EDGE ( 'NONE', *, *, #3538, .F. ) ;
#7335 = PRODUCT_DEFINITION_SHAPE ( 'NONE', 'NONE',  #7651 ) ;
#7336 = ORIENTED_EDGE ( 'NONE', *, *, #1076, .T. ) ;
#7337 = LINE ( 'NONE', #7440, #3034 ) ;
#7338 = CARTESIAN_POINT ( 'NONE',  ( -1.375000000000001332, 0.000000000000000000, -1.334999999999999742 ) ) ;
#7339 = CARTESIAN_POINT ( 'NONE',  ( -1.375000000000000444, -1.781481197162711565E-15, 1.875000000000000888 ) ) ;
#7340 = ORIENTED_EDGE ( 'NONE', *, *, #7187, .F. ) ;
#7341 = AXIS2_PLACEMENT_3D ( 'NONE', #4956, #5493, #6069 ) ;
#7342 = VERTEX_POINT ( 'NONE', #1918 ) ;
#7343 = LINE ( 'NONE', #7379, #163 ) ;
#7344 = ORIENTED_EDGE ( 'NONE', *, *, #2820, .T. ) ;
#7345 = CARTESIAN_POINT ( 'NONE',  ( -3.225000000000000533, 1.030000000000000027, -1.464999999999999636 ) ) ;
#7346 = AXIS2_PLACEMENT_3D ( 'NONE', #3525, #6062, #5412 ) ;
#7347 = DIRECTION ( 'NONE',  ( 0.000000000000000000, -1.000000000000000000, 0.000000000000000000 ) ) ;
#7348 = DIRECTION ( 'NONE',  ( 1.000000000000000000, -0.000000000000000000, -0.000000000000000000 ) ) ;
#7349 = VECTOR ( 'NONE', #6979, 1000.000000000000000 ) ;
#7350 = ORIENTED_EDGE ( 'NONE', *, *, #1750, .F. ) ;
#7351 = DIRECTION ( 'NONE',  ( 0.000000000000000000, -1.000000000000000000, 5.706327223607912624E-16 ) ) ;
#7352 = DIRECTION ( 'NONE',  ( -0.000000000000000000, 0.000000000000000000, 1.000000000000000000 ) ) ;
#7353 = EDGE_CURVE ( 'NONE', #7542, #3964, #6013, .T. ) ;
#7354 = LINE ( 'NONE', #1487, #4001 ) ;
#7355 = CARTESIAN_POINT ( 'NONE',  ( -1.024999999999999023, 2.209999999999999520, 1.274999999999999911 ) ) ;
#7356 = DIRECTION ( 'NONE',  ( -1.000000000000000000, -1.197572355469997778E-16, 0.000000000000000000 ) ) ;
#7357 = ORIENTED_EDGE ( 'NONE', *, *, #3255, .T. ) ;
#7358 = VECTOR ( 'NONE', #6471, 1000.000000000000000 ) ;
#7359 = CARTESIAN_POINT ( 'NONE',  ( -4.275000000000000355, 0.5500000000000010436, 2.024999999999999911 ) ) ;
#7360 = LINE ( 'NONE', #6334, #2146 ) ;
#7361 = CARTESIAN_POINT ( 'NONE',  ( -7.500000000000000000, 0.000000000000000000, 0.06499999999999994671 ) ) ;
#7362 = ORIENTED_EDGE ( 'NONE', *, *, #6343, .T. ) ;
#7363 = EDGE_CURVE ( 'NONE', #4560, #7515, #4864, .T. ) ;
#7364 = CARTESIAN_POINT ( 'NONE',  ( -6.790000000000000036, 0.000000000000000000, 0.06499999999999994671 ) ) ;
#7365 = FACE_OUTER_BOUND ( 'NONE', #538, .T. ) ;
#7366 = VECTOR ( 'NONE', #4704, 1000.000000000000000 ) ;
#7367 = DIRECTION ( 'NONE',  ( 1.000000000000000000, 0.000000000000000000, 0.000000000000000000 ) ) ;
#7368 = VERTEX_POINT ( 'NONE', #6632 ) ;
#7369 = VERTEX_POINT ( 'NONE', #742 ) ;
#7370 = CARTESIAN_POINT ( 'NONE',  ( 7.875000000000000000, 2.055000000000001048, 2.024999999999999911 ) ) ;
#7371 = VECTOR ( 'NONE', #121, 1000.000000000000000 ) ;
#7372 = VERTEX_POINT ( 'NONE', #3124 ) ;
#7373 = DIRECTION ( 'NONE',  ( -0.000000000000000000, 1.000000000000000000, -0.000000000000000000 ) ) ;
#7374 = EDGE_CURVE ( 'NONE', #5944, #2595, #5478, .T. ) ;
#7375 = CARTESIAN_POINT ( 'NONE',  ( -8.750000000000000000, 2.760000000000000231, 1.824999999999999289 ) ) ;
#7376 = DIRECTION ( 'NONE',  ( -1.000000000000000000, 0.000000000000000000, 0.000000000000000000 ) ) ;
#7377 = ORIENTED_EDGE ( 'NONE', *, *, #5792, .F. ) ;
#7378 = VERTEX_POINT ( 'NONE', #7223 ) ;
#7379 = CARTESIAN_POINT ( 'NONE',  ( -1.949999999999999512, 3.820000000000000728, -1.224999999999999867 ) ) ;
#7380 = VECTOR ( 'NONE', #1775, 1000.000000000000000 ) ;
#7381 = EDGE_CURVE ( 'NONE', #4456, #4815, #1359, .T. ) ;
#7382 = ORIENTED_EDGE ( 'NONE', *, *, #3284, .T. ) ;
#7383 = EDGE_CURVE ( 'NONE', #1821, #6967, #781, .T. ) ;
#7384 = CYLINDRICAL_SURFACE ( 'NONE', #5539, 0.07500000000000019151 ) ;
#7385 = FACE_OUTER_BOUND ( 'NONE', #2063, .T. ) ;
#7386 = PLANE ( 'NONE',  #4394 ) ;
#7387 = FACE_OUTER_BOUND ( 'NONE', #5900, .T. ) ;
#7388 = CARTESIAN_POINT ( 'NONE',  ( -2.310000000000003162, 3.240000000000001101, -1.224999999999999867 ) ) ;
#7389 = CARTESIAN_POINT ( 'NONE',  ( -5.724999999999999645, 1.937842712474619811, 1.824999999999999956 ) ) ;
#7390 = CARTESIAN_POINT ( 'NONE',  ( -7.725000000000000533, 0.7799999999999999156, -0.2750000000000000777 ) ) ;
#7391 = AXIS2_PLACEMENT_3D ( 'NONE', #3757, #5411, #6096 ) ;
#7392 = VERTEX_POINT ( 'NONE', #7339 ) ;
#7393 = FACE_OUTER_BOUND ( 'NONE', #390, .T. ) ;
#7394 = CARTESIAN_POINT ( 'NONE',  ( -6.800000000000001599, 3.820000000000000728, -1.224999999999999867 ) ) ;
#7395 = FACE_OUTER_BOUND ( 'NONE', #4088, .T. ) ;
#7396 = EDGE_LOOP ( 'NONE', ( #3569, #3602, #1523, #3048, #1955, #1581 ) ) ;
#7397 = DIRECTION ( 'NONE',  ( 0.000000000000000000, -1.000000000000000000, 0.000000000000000000 ) ) ;
#7398 = DIRECTION ( 'NONE',  ( 1.000000000000000000, 0.000000000000000000, -0.000000000000000000 ) ) ;
#7399 = LINE ( 'NONE', #3957, #5293 ) ;
#7400 = ORIENTED_EDGE ( 'NONE', *, *, #4291, .T. ) ;
#7401 = ADVANCED_FACE ( 'NONE', ( #6885 ), #4549, .T. ) ;
#7402 = ORIENTED_EDGE ( 'NONE', *, *, #6733, .F. ) ;
#7403 = FILL_AREA_STYLE ('',( #5078 ) ) ;
#7404 = ORIENTED_EDGE ( 'NONE', *, *, #703, .T. ) ;
#7405 = ORIENTED_EDGE ( 'NONE', *, *, #5174, .T. ) ;
#7406 = CARTESIAN_POINT ( 'NONE',  ( -7.500000000000000000, 3.965000000000001634, 0.6399999999999999023 ) ) ;
#7407 = LINE ( 'NONE', #3967, #420 ) ;
#7408 = FACE_OUTER_BOUND ( 'NONE', #492, .T. ) ;
#7409 = VERTEX_POINT ( 'NONE', #4507 ) ;
#7410 = EDGE_CURVE ( 'NONE', #1916, #3923, #3348, .T. ) ;
#7411 = VERTEX_POINT ( 'NONE', #2069 ) ;
#7412 = CARTESIAN_POINT ( 'NONE',  ( -7.605000000000000426, 0.000000000000000000, -0.2750000000000000777 ) ) ;
#7413 = EDGE_LOOP ( 'NONE', ( #2026, #475, #848, #1500, #7362, #415 ) ) ;
#7414 = LINE ( 'NONE', #6858, #3611 ) ;
#7415 = LINE ( 'NONE', #5663, #7559 ) ;
#7416 = EDGE_CURVE ( 'NONE', #5090, #7219, #6653, .T. ) ;
#7417 = EDGE_CURVE ( 'NONE', #7032, #3342, #2647, .T. ) ;
#7418 = VERTEX_POINT ( 'NONE', #1435 ) ;
#7419 = CARTESIAN_POINT ( 'NONE',  ( -7.500000000000000000, 3.325000000000000178, 0.06499999999999994671 ) ) ;
#7420 = DIRECTION ( 'NONE',  ( 1.000000000000000000, -1.495451272393798852E-15, 0.000000000000000000 ) ) ;
#7421 = LINE ( 'NONE', #284, #1680 ) ;
#7422 = LINE ( 'NONE', #4028, #7083 ) ;
#7423 = VECTOR ( 'NONE', #7570, 1000.000000000000000 ) ;
#7424 = ORIENTED_EDGE ( 'NONE', *, *, #7214, .T. ) ;
#7425 = CARTESIAN_POINT ( 'NONE',  ( -1.949999999999999512, 3.820000000000000728, -1.224999999999999867 ) ) ;
#7426 = PLANE ( 'NONE',  #2030 ) ;
#7427 = DIRECTION ( 'NONE',  ( -1.000000000000000000, 0.000000000000000000, -0.000000000000000000 ) ) ;
#7428 = CARTESIAN_POINT ( 'NONE',  ( -3.225000000000000533, 0.000000000000000000, -2.024999999999999911 ) ) ;
#7429 = VECTOR ( 'NONE', #2994, 1000.000000000000000 ) ;
#7430 = VECTOR ( 'NONE', #6775, 1000.000000000000000 ) ;
#7431 = VECTOR ( 'NONE', #6348, 1000.000000000000000 ) ;
#7432 = PLANE ( 'NONE',  #6609 ) ;
#7433 = LINE ( 'NONE', #3992, #3321 ) ;
#7434 = ORIENTED_EDGE ( 'NONE', *, *, #408, .T. ) ;
#7435 = ORIENTED_EDGE ( 'NONE', *, *, #45, .F. ) ;
#7436 = VECTOR ( 'NONE', #6070, 1000.000000000000000 ) ;
#7437 = DIRECTION ( 'NONE',  ( 1.000000000000000000, 0.000000000000000000, 0.000000000000000000 ) ) ;
#7438 = ORIENTED_EDGE ( 'NONE', *, *, #2510, .F. ) ;
#7439 = ORIENTED_EDGE ( 'NONE', *, *, #1758, .T. ) ;
#7440 = CARTESIAN_POINT ( 'NONE',  ( -7.605000000000000426, 0.4800000000000017031, -0.2750000000000000777 ) ) ;
#7441 = CARTESIAN_POINT ( 'NONE',  ( -5.724999999999999645, 0.5799999999999995159, 2.024999999999999911 ) ) ;
#7442 = EDGE_CURVE ( 'NONE', #7205, #4844, #5626, .T. ) ;
#7443 = CARTESIAN_POINT ( 'NONE',  ( -1.375000000000000444, 0.4800000000000000377, -0.2750000000000000777 ) ) ;
#7444 = VECTOR ( 'NONE', #946, 1000.000000000000000 ) ;
#7445 = AXIS2_PLACEMENT_3D ( 'NONE', #2698, #2152, #3446 ) ;
#7446 = ORIENTED_EDGE ( 'NONE', *, *, #5833, .F. ) ;
#7447 = ORIENTED_EDGE ( 'NONE', *, *, #6419, .T. ) ;
#7448 = FACE_OUTER_BOUND ( 'NONE', #351, .T. ) ;
#7449 = CARTESIAN_POINT ( 'NONE',  ( -1.375000000000000444, 0.8499999999999992006, 2.024999999999999911 ) ) ;
#7450 = VERTEX_POINT ( 'NONE', #3313 ) ;
#7451 = LINE ( 'NONE', #3277, #4880 ) ;
#7452 = PRODUCT_DEFINITION_SHAPE ( 'NONE', 'NONE',  #7652 ) ;
#7453 = ORIENTED_EDGE ( 'NONE', *, *, #90, .T. ) ;
#7454 = EDGE_CURVE ( 'NONE', #6341, #3237, #853, .T. ) ;
#7455 = FACE_OUTER_BOUND ( 'NONE', #4756, .T. ) ;
#7456 = EDGE_CURVE ( 'NONE', #568, #4673, #3386, .T. ) ;
#7457 = DIRECTION ( 'NONE',  ( -0.000000000000000000, -0.000000000000000000, 1.000000000000000000 ) ) ;
#7458 = AXIS2_PLACEMENT_3D ( 'NONE', #3256, #5603, #1568 ) ;
#7459 = ORIENTED_EDGE ( 'NONE', *, *, #3220, .F. ) ;
#7460 = SURFACE_STYLE_USAGE ( .BOTH. , #3944 ) ;
#7461 = CARTESIAN_POINT ( 'NONE',  ( -5.525000000000000355, 0.000000000000000000, 2.024999999999999911 ) ) ;
#7462 = CARTESIAN_POINT ( 'NONE',  ( -0.8750000000000007772, 2.209999999999999520, 1.975000000000001865 ) ) ;
#7463 = ADVANCED_FACE ( 'NONE', ( #5118 ), #5655, .T. ) ;
#7464 = DIRECTION ( 'NONE',  ( -0.000000000000000000, -0.7071067811865474617, -0.7071067811865474617 ) ) ;
#7465 = ADVANCED_FACE ( 'NONE', ( #7408 ), #1550, .T. ) ;
#7466 = CARTESIAN_POINT ( 'NONE',  ( -3.025000000000000799, 2.085000000000000409, 2.024999999999999911 ) ) ;
#7467 = EDGE_CURVE ( 'NONE', #7520, #7150, #2611, .T. ) ;
#7468 = CARTESIAN_POINT ( 'NONE',  ( -1.825000000000001066, 3.325000000000000178, 0.06499999999999994671 ) ) ;
#7469 = AXIS2_PLACEMENT_3D ( 'NONE', #2500, #672, #5949 ) ;
#7470 = DIRECTION ( 'NONE',  ( 0.000000000000000000, -1.000000000000000000, -0.000000000000000000 ) ) ;
#7471 = ORIENTED_EDGE ( 'NONE', *, *, #3339, .F. ) ;
#7472 = CARTESIAN_POINT ( 'NONE',  ( -0.8750000000000007772, 0.000000000000000000, 0.000000000000000000 ) ) ;
#7473 = FACE_OUTER_BOUND ( 'NONE', #1054, .T. ) ;
#7474 = CARTESIAN_POINT ( 'NONE',  ( -7.015000000000000568, 4.120000000000000107, -1.724999999999999867 ) ) ;
#7475 = LINE ( 'NONE', #1650, #2870 ) ;
#7476 = DIRECTION ( 'NONE',  ( 0.000000000000000000, 1.000000000000000000, 0.000000000000000000 ) ) ;
#7477 = DIRECTION ( 'NONE',  ( 1.000000000000000000, 0.000000000000000000, 0.000000000000000000 ) ) ;
#7478 = DIRECTION ( 'NONE',  ( 0.000000000000000000, 0.000000000000000000, 1.000000000000000000 ) ) ;
#7479 = VECTOR ( 'NONE', #3936, 1000.000000000000000 ) ;
#7480 = ORIENTED_EDGE ( 'NONE', *, *, #4748, .F. ) ;
#7481 =( NAMED_UNIT ( * ) SI_UNIT ( $, .STERADIAN. ) SOLID_ANGLE_UNIT ( ) );
#7482 = ORIENTED_EDGE ( 'NONE', *, *, #2193, .F. ) ;
#7483 = ORIENTED_EDGE ( 'NONE', *, *, #3746, .T. ) ;
#7484 = LINE ( 'NONE', #5159, #2903 ) ;
#7485 = VECTOR ( 'NONE', #4274, 1000.000000000000000 ) ;
#7486 = CARTESIAN_POINT ( 'NONE',  ( -6.163749999999999396, 2.960000000000000853, 2.024999999999999911 ) ) ;
#7487 = VECTOR ( 'NONE', #5860, 1000.000000000000000 ) ;
#7488 = CARTESIAN_POINT ( 'NONE',  ( -5.724999999999999645, 1.586066017177985010, 1.019669914110090003 ) ) ;
#7489 = ORIENTED_EDGE ( 'NONE', *, *, #2728, .F. ) ;
#7490 = DIRECTION ( 'NONE',  ( 0.000000000000000000, 0.000000000000000000, -1.000000000000000000 ) ) ;
#7491 = ORIENTED_EDGE ( 'NONE', *, *, #5743, .F. ) ;
#7492 = VECTOR ( 'NONE', #166, 1000.000000000000000 ) ;
#7493 = EDGE_CURVE ( 'NONE', #1927, #5797, #3824, .T. ) ;
#7494 = FACE_OUTER_BOUND ( 'NONE', #3540, .T. ) ;
#7495 =( REPRESENTATION_RELATIONSHIP ('NONE','NONE', #3205, #550 ) REPRESENTATION_RELATIONSHIP_WITH_TRANSFORMATION ( #5954 )SHAPE_REPRESENTATION_RELATIONSHIP( ) );
#7496 = VERTEX_POINT ( 'NONE', #6280 ) ;
#7497 = CARTESIAN_POINT ( 'NONE',  ( 0.000000000000000000, 0.5500000000000000444, 1.824999999999999956 ) ) ;
#7498 = ORIENTED_EDGE ( 'NONE', *, *, #6648, .F. ) ;
#7499 = AXIS2_PLACEMENT_3D ( 'NONE', #3243, #5556, #3825 ) ;
#7500 = CARTESIAN_POINT ( 'NONE',  ( -0.9850000000000006528, 0.000000000000000000, 0.06499999999999994671 ) ) ;
#7501 =( GEOMETRIC_REPRESENTATION_CONTEXT ( 3 ) GLOBAL_UNCERTAINTY_ASSIGNED_CONTEXT ( ( #7170 ) ) GLOBAL_UNIT_ASSIGNED_CONTEXT ( ( #6512, #3507, #3816 ) ) REPRESENTATION_CONTEXT ( 'NONE', 'WORKASPACE' ) );
#7502 = VERTEX_POINT ( 'NONE', #6848 ) ;
#7503 = CARTESIAN_POINT ( 'NONE',  ( -5.724999999999999645, 0.000000000000000000, 2.024999999999999911 ) ) ;
#7504 = PLANE ( 'NONE',  #7445 ) ;
#7505 = LINE ( 'NONE', #2234, #772 ) ;
#7506 = DIRECTION ( 'NONE',  ( -0.000000000000000000, 1.000000000000000000, 0.000000000000000000 ) ) ;
#7507 = CARTESIAN_POINT ( 'NONE',  ( -0.8750000000000007772, 0.7800000000000000266, 0.000000000000000000 ) ) ;
#7508 = ADVANCED_FACE ( 'NONE', ( #6776 ), #6743, .F. ) ;
#7509 = VERTEX_POINT ( 'NONE', #3861 ) ;
#7510 = DIRECTION ( 'NONE',  ( 0.000000000000000000, -1.000000000000000000, 0.000000000000000000 ) ) ;
#7511 = CARTESIAN_POINT ( 'NONE',  ( -7.375000000000000000, 3.500000000000000444, 0.09499999999999966804 ) ) ;
#7512 = FACE_OUTER_BOUND ( 'NONE', #4329, .T. ) ;
#7513 = ORIENTED_EDGE ( 'NONE', *, *, #6083, .T. ) ;
#7514 = EDGE_CURVE ( 'NONE', #1713, #7342, #966, .T. ) ;
#7515 = VERTEX_POINT ( 'NONE', #2689 ) ;
#7516 = EDGE_CURVE ( 'NONE', #202, #3274, #1510, .T. ) ;
#7517 = EDGE_CURVE ( 'NONE', #2794, #1713, #2179, .T. ) ;
#7518 = CARTESIAN_POINT ( 'NONE',  ( -5.724999999999999645, 1.049567419867294182, 1.469141641133302034 ) ) ;
#7519 = ORIENTED_EDGE ( 'NONE', *, *, #7225, .T. ) ;
#7520 = VERTEX_POINT ( 'NONE', #7061 ) ;
#7521 = CARTESIAN_POINT ( 'NONE',  ( -7.875000000000000000, 2.400000000000000355, 2.024999999999999911 ) ) ;
#7522 = AXIS2_PLACEMENT_3D ( 'NONE', #1850, #2940, #3566 ) ;
#7523 = CARTESIAN_POINT ( 'NONE',  ( -1.825000000000001066, 3.965000000000001634, 0.06499999999999994671 ) ) ;
#7524 = CARTESIAN_POINT ( 'NONE',  ( -1.375000000000000444, -0.06250000000000049960, -0.06250000000000077716 ) ) ;
#7525 = DIRECTION ( 'NONE',  ( 0.000000000000000000, 0.000000000000000000, 1.000000000000000000 ) ) ;
#7526 = ORIENTED_EDGE ( 'NONE', *, *, #2636, .T. ) ;
#7527 = VERTEX_POINT ( 'NONE', #7488 ) ;
#7528 = CARTESIAN_POINT ( 'NONE',  ( -5.937500000000000000, 2.255000000000000338, 0.06499999999999994671 ) ) ;
#7529 = ORIENTED_EDGE ( 'NONE', *, *, #5375, .T. ) ;
#7530 = DIRECTION ( 'NONE',  ( 0.000000000000000000, 1.000000000000000000, 0.000000000000000000 ) ) ;
#7531 = ORIENTED_EDGE ( 'NONE', *, *, #5744, .T. ) ;
#7532 = CARTESIAN_POINT ( 'NONE',  ( -7.275000000000000355, 0.1800000000000000488, -0.2750000000000000777 ) ) ;
#7533 = LINE ( 'NONE', #5780, #7366 ) ;
#7534 = ORIENTED_EDGE ( 'NONE', *, *, #5230, .F. ) ;
#7535 = DIRECTION ( 'NONE',  ( 0.7071067811865474617, 0.000000000000000000, 0.7071067811865474617 ) ) ;
#7536 = VERTEX_POINT ( 'NONE', #5199 ) ;
#7537 = ORIENTED_EDGE ( 'NONE', *, *, #268, .F. ) ;
#7538 = CARTESIAN_POINT ( 'NONE',  ( -1.375000000000000444, 0.8499999999999992006, 2.024999999999999911 ) ) ;
#7539 = VECTOR ( 'NONE', #4600, 1000.000000000000000 ) ;
#7540 = CARTESIAN_POINT ( 'NONE',  ( -6.800000000000001599, 3.820000000000000728, -1.224999999999999867 ) ) ;
#7541 = DIRECTION ( 'NONE',  ( 0.000000000000000000, -1.000000000000000000, 0.000000000000000000 ) ) ;
#7542 = VERTEX_POINT ( 'NONE', #2363 ) ;
#7543 = AXIS2_PLACEMENT_3D ( 'NONE', #1776, #5923, #606 ) ;
#7544 = CARTESIAN_POINT ( 'NONE',  ( 0.000000000000000000, 4.190000000000000391, 0.000000000000000000 ) ) ;
#7545 = VERTEX_POINT ( 'NONE', #2960 ) ;
#7546 = CARTESIAN_POINT ( 'NONE',  ( -3.437500000000001332, 2.255000000000000338, 0.06499999999999994671 ) ) ;
#7547 = FACE_OUTER_BOUND ( 'NONE', #1866, .T. ) ;
#7548 = EDGE_CURVE ( 'NONE', #6605, #6517, #4085, .T. ) ;
#7549 = CARTESIAN_POINT ( 'NONE',  ( 0.000000000000000000, 1.855000000000000204, 0.06499999999999994671 ) ) ;
#7550 =( NAMED_UNIT ( * ) SI_UNIT ( $, .STERADIAN. ) SOLID_ANGLE_UNIT ( ) );
#7551 = EDGE_CURVE ( 'NONE', #2211, #2181, #6166, .T. ) ;
#7552 = CARTESIAN_POINT ( 'NONE',  ( -2.386250000000001315, 2.255000000000000338, 0.06499999999999994671 ) ) ;
#7553 = ORIENTED_EDGE ( 'NONE', *, *, #1683, .T. ) ;
#7554 = FACE_OUTER_BOUND ( 'NONE', #990, .T. ) ;
#7555 = ORIENTED_EDGE ( 'NONE', *, *, #3827, .F. ) ;
#7556 = AXIS2_PLACEMENT_3D ( 'NONE', #342, #2028, #7294 ) ;
#7557 = ORIENTED_EDGE ( 'NONE', *, *, #3449, .F. ) ;
#7558 = CARTESIAN_POINT ( 'NONE',  ( -7.725000000000000533, 1.759999999999992459, 1.275000000000006573 ) ) ;
#7559 = VECTOR ( 'NONE', #4521, 1000.000000000000000 ) ;
#7560 = LINE ( 'NONE', #1782, #3779 ) ;
#7561 = DIRECTION ( 'NONE',  ( 0.000000000000000000, 0.000000000000000000, -1.000000000000000000 ) ) ;
#7562 = EDGE_CURVE ( 'NONE', #2416, #7248, #3547, .T. ) ;
#7563 = EDGE_CURVE ( 'NONE', #2138, #1416, #1192, .T. ) ;
#7564 = EDGE_CURVE ( 'NONE', #4194, #2194, #458, .T. ) ;
#7565 = CARTESIAN_POINT ( 'NONE',  ( -5.525000000000000355, 0.5050000000000000044, -1.584999999999999964 ) ) ;
#7566 = AXIS2_PLACEMENT_3D ( 'NONE', #747, #6561, #3638 ) ;
#7567 = ORIENTED_EDGE ( 'NONE', *, *, #2608, .T. ) ;
#7568 = LINE ( 'NONE', #6401, #4931 ) ;
#7569 = VERTEX_POINT ( 'NONE', #2921 ) ;
#7570 = DIRECTION ( 'NONE',  ( -1.000000000000000000, 0.000000000000000000, 0.000000000000000000 ) ) ;
#7571 = ORIENTED_EDGE ( 'NONE', *, *, #3378, .T. ) ;
#7572 = CARTESIAN_POINT ( 'NONE',  ( 0.000000000000000000, 0.000000000000000000, 0.06499999999999998834 ) ) ;
#7573 = VECTOR ( 'NONE', #3418, 1000.000000000000000 ) ;
#7574 = VECTOR ( 'NONE', #6393, 1000.000000000000000 ) ;
#7575 = LINE ( 'NONE', #6369, #3454 ) ;
#7576 = EDGE_LOOP ( 'NONE', ( #5719, #1121, #592, #460 ) ) ;
#7577 = DIRECTION ( 'NONE',  ( 1.000000000000000000, 1.204669080539440518E-15, 0.000000000000000000 ) ) ;
#7578 = ORIENTED_EDGE ( 'NONE', *, *, #5914, .T. ) ;
#7579 = FACE_OUTER_BOUND ( 'NONE', #2222, .T. ) ;
#7580 = ORIENTED_EDGE ( 'NONE', *, *, #4012, .T. ) ;
#7581 = AXIS2_PLACEMENT_3D ( 'NONE', #7276, #4879, #5459 ) ;
#7582 = FACE_OUTER_BOUND ( 'NONE', #1661, .T. ) ;
#7583 = PRODUCT_DEFINITION_FORMATION_WITH_SPECIFIED_SOURCE ( 'ANY', '', #303, .NOT_KNOWN. ) ;
#7584 = EDGE_LOOP ( 'NONE', ( #1001, #5409, #374, #2643 ) ) ;
#7585 = DIRECTION ( 'NONE',  ( 1.000000000000000000, 0.000000000000000000, 0.000000000000000000 ) ) ;
#7586 = EDGE_CURVE ( 'NONE', #3659, #6514, #1706, .T. ) ;
#7587 = CARTESIAN_POINT ( 'NONE',  ( -1.145000000000000240, 0.7800000000000000266, -0.3250000000000000666 ) ) ;
#7588 = DIRECTION ( 'NONE',  ( 0.000000000000000000, 0.000000000000000000, -1.000000000000000000 ) ) ;
#7589 = LINE ( 'NONE', #2948, #4910 ) ;
#7590 = FILL_AREA_STYLE_COLOUR ( '', #6623 ) ;
#7591 = AXIS2_PLACEMENT_3D ( 'NONE', #7267, #4339, #5370 ) ;
#7592 = CARTESIAN_POINT ( 'NONE',  ( -5.724999999999999645, 0.5999999999999999778, -2.324999999999999734 ) ) ;
#7593 = EDGE_LOOP ( 'NONE', ( #6702, #6548, #4698, #2 ) ) ;
#7594 = VECTOR ( 'NONE', #5223, 1000.000000000000000 ) ;
#7595 = DIRECTION ( 'NONE',  ( -1.000000000000000000, -1.197572355469997778E-16, 0.000000000000000000 ) ) ;
#7596 = ADVANCED_FACE ( 'NONE', ( #6433 ), #5161, .T. ) ;
#7597 = ORIENTED_EDGE ( 'NONE', *, *, #4111, .F. ) ;
#7598 = EDGE_CURVE ( 'NONE', #6812, #4411, #6957, .T. ) ;
#7599 = VERTEX_POINT ( 'NONE', #1153 ) ;
#7600 = CYLINDRICAL_SURFACE ( 'NONE', #5121, 0.08500000000000000611 ) ;
#7601 = CARTESIAN_POINT ( 'NONE',  ( -1.145000000000000240, 1.759999999999999121, 1.274999999999999911 ) ) ;
#7602 = PLANE ( 'NONE',  #4446 ) ;
#7603 = LINE ( 'NONE', #4695, #5165 ) ;
#7604 = CARTESIAN_POINT ( 'NONE',  ( -1.250000000000001110, 3.325000000000000178, 2.024999999999999911 ) ) ;
#7605 = EDGE_LOOP ( 'NONE', ( #993, #7402, #894, #5077 ) ) ;
#7606 = SURFACE_STYLE_FILL_AREA ( #1790 ) ;
#7607 = ORIENTED_EDGE ( 'NONE', *, *, #513, .F. ) ;
#7608 = EDGE_CURVE ( 'NONE', #2887, #1546, #7122, .T. ) ;
#7609 = VECTOR ( 'NONE', #4854, 1000.000000000000000 ) ;
#7610 = EDGE_CURVE ( 'NONE', #5009, #2356, #6414, .T. ) ;
#7611 = VERTEX_POINT ( 'NONE', #2254 ) ;
#7612 = ADVANCED_FACE ( 'NONE', ( #5311 ), #7602, .F. ) ;
#7613 = ORIENTED_EDGE ( 'NONE', *, *, #6214, .T. ) ;
#7614 = CARTESIAN_POINT ( 'NONE',  ( -8.750000000000000000, 3.325000000000000178, 2.024999999999999911 ) ) ;
#7615 = VERTEX_POINT ( 'NONE', #4587 ) ;
#7616 = LINE ( 'NONE', #2262, #1643 ) ;
#7617 = PLANE ( 'NONE',  #3826 ) ;
#7618 = VECTOR ( 'NONE', #6114, 1000.000000000000000 ) ;
#7619 = ORIENTED_EDGE ( 'NONE', *, *, #55, .F. ) ;
#7620 = AXIS2_PLACEMENT_3D ( 'NONE', #2106, #7376, #5688 ) ;
#7621 = FACE_OUTER_BOUND ( 'NONE', #849, .T. ) ;
#7622 = EDGE_CURVE ( 'NONE', #5164, #1756, #7024, .T. ) ;
#7623 = ADVANCED_FACE ( 'NONE', ( #4694 ), #1740, .T. ) ;
#7624 = ORIENTED_EDGE ( 'NONE', *, *, #3391, .T. ) ;
#7625 = CARTESIAN_POINT ( 'NONE',  ( -6.924999999999999822, 3.965000000000001634, 0.06499999999999994671 ) ) ;
#7626 = AXIS2_PLACEMENT_3D ( 'NONE', #7165, #4422, #6038 ) ;
#7627 = ORIENTED_EDGE ( 'NONE', *, *, #10, .T. ) ;
#7628 = LINE ( 'NONE', #6415, #2985 ) ;
#7629 = LINE ( 'NONE', #4638, #61 ) ;
#7630 = VECTOR ( 'NONE', #267, 1000.000000000000000 ) ;
#7631 = ORIENTED_EDGE ( 'NONE', *, *, #6689, .F. ) ;
#7632 = LINE ( 'NONE', #4641, #7594 ) ;
#7633 = LINE ( 'NONE', #2946, #4401 ) ;
#7634 = CARTESIAN_POINT ( 'NONE',  ( -5.724999999999999645, 0.000000000000000000, -1.464999999999999858 ) ) ;
#7635 = LINE ( 'NONE', #1065, #4904 ) ;
#7636 = DIRECTION ( 'NONE',  ( 0.000000000000000000, -1.000000000000000000, 0.000000000000000000 ) ) ;
#7637 = ORIENTED_EDGE ( 'NONE', *, *, #1194, .T. ) ;
#7638 = CARTESIAN_POINT ( 'NONE',  ( -1.375000000000000444, -1.781481197162711565E-15, 1.875000000000000888 ) ) ;
#7639 = FACE_OUTER_BOUND ( 'NONE', #1390, .T. ) ;
#7640 = ORIENTED_EDGE ( 'NONE', *, *, #5611, .F. ) ;
#7641 = ORIENTED_EDGE ( 'NONE', *, *, #4202, .F. ) ;
#7642 = CARTESIAN_POINT ( 'NONE',  ( -5.525000000000000355, 0.8400214062398350112, 1.745765205484050231 ) ) ;
#7643 = CARTESIAN_POINT ( 'NONE',  ( -7.375000000000000000, 0.000000000000000000, 0.000000000000000000 ) ) ;
#7644 = DIRECTION ( 'NONE',  ( 1.000000000000000000, 0.000000000000000000, 0.000000000000000000 ) ) ;
#7645 = PLANE ( 'NONE',  #6995 ) ;
#7646 = CARTESIAN_POINT ( 'NONE',  ( -7.015000000000000568, 4.250000000000000000, 0.09499999999999961253 ) ) ;
#7647 = EDGE_CURVE ( 'NONE', #5446, #6272, #5239, .T. ) ;
#7648 = ORIENTED_EDGE ( 'NONE', *, *, #4084, .T. ) ;
#7649 = ORIENTED_EDGE ( 'NONE', *, *, #6118, .F. ) ;
#7650 = NEXT_ASSEMBLY_USAGE_OCCURRENCE ( 'NAUO1', ' ', ' ', #4191, #3627, $ ) ;
#7651 = NEXT_ASSEMBLY_USAGE_OCCURRENCE ( 'NAUO2', ' ', ' ', #4191, #7226, $ ) ;
#7652 = NEXT_ASSEMBLY_USAGE_OCCURRENCE ( 'NAUO3', ' ', ' ', #4191, #7226, $ ) ;
#7653 = NEXT_ASSEMBLY_USAGE_OCCURRENCE ( 'NAUO4', ' ', ' ', #4191, #7226, $ ) ;
ENDSEC;
END-ISO-10303-21;
